timestamp,open,high,low,close,volume,end
2026-02-01T04:00:00.000Z,65000,65308.079133077095,64302.31031310965,64608.53402312853,378.4455796137664,2026-02-01T05:00:00.000Z
2026-02-01T05:00:00.000Z,64608.53402312853,64722.696406762254,64521.73375101463,64635.859423519934,186.80542115438982,2026-02-01T06:00:00.000Z
2026-02-01T06:00:00.000Z,64635.859423519934,65059.31229267297,64146.98820267238,64570.009666273014,272.96638515450354,2026-02-01T07:00:00.000Z
2026-02-01T07:00:00.000Z,64570.009666273014,64838.070964605446,63955.0479868237,64221.663130429646,597.5013454898732,2026-02-01T08:00:00.000Z
2026-02-01T08:00:00.000Z,64221.663130429646,64409.884584432555,64128.485863924805,64316.5696209742,676.7410434674197,2026-02-01T09:00:00.000Z
2026-02-01T09:00:00.000Z,64316.5696209742,64549.382228613606,63968.55883476251,64200.952934037254,384.50476214499434,2026-02-01T10:00:00.000Z
2026-02-01T10:00:00.000Z,64200.952934037254,64347.711851676206,63924.49153843291,64070.95328590879,163.42271140935958,2026-02-01T11:00:00.000Z
2026-02-01T11:00:00.000Z,64070.95328590879,64261.6374035667,63821.69610279092,64012.20537846005,398.2552396591079,2026-02-01T12:00:00.000Z
2026-02-01T12:00:00.000Z,64012.20537846005,64132.715505236396,63862.13264974247,63982.58701664433,305.48387626441377,2026-02-01T13:00:00.000Z
2026-02-01T13:00:00.000Z,63982.58701664433,64530.476751403614,63590.19750731598,64137.13941016215,520.773956748086,2026-02-01T14:00:00.000Z
2026-02-01T14:00:00.000Z,64137.13941016215,64204.567314139684,64013.250361317514,64080.61884475819,533.780602940256,2026-02-01T15:00:00.000Z
2026-02-01T15:00:00.000Z,64080.61884475819,64300.61843897199,63999.28838862322,64219.112208497645,126.990505227349,2026-02-01T16:00:00.000Z
2026-02-01T16:00:00.000Z,64219.112208497645,64337.744952229776,63738.779722117535,63856.74305692736,377.46474048004706,2026-02-01T17:00:00.000Z
2026-02-01T17:00:00.000Z,63856.74305692736,64211.67267512947,63257.70018818154,63611.26538829664,294.8744236467753,2026-02-01T18:00:00.000Z
2026-02-01T18:00:00.000Z,63611.26538829664,63939.08933300657,63329.2420869938,63656.8638688644,656.2728206423451,2026-02-01T19:00:00.000Z
2026-02-01T19:00:00.000Z,63656.8638688644,63798.74149383782,63201.96104935236,63343.1394492486,123.21707914733192,2026-02-01T20:00:00.000Z
2026-02-01T20:00:00.000Z,63343.1394492486,63414.8409006189,63084.54111611395,63156.03076926845,473.26491632185173,2026-02-01T21:00:00.000Z
2026-02-01T21:00:00.000Z,63156.03076926845,63640.29144908662,62725.95131449392,63209.84552698701,217.99161709751544,2026-02-01T22:00:00.000Z
2026-02-01T22:00:00.000Z,63209.84552698701,63285.402360013555,62830.50178448373,62905.695056325545,196.67146797136937,2026-02-01T23:00:00.000Z
2026-02-01T23:00:00.000Z,62905.695056325545,63354.72080710515,62599.71666683581,63048.049991694024,660.7596805136462,2026-02-02T00:00:00.000Z
2026-02-02T00:00:00.000Z,63048.049991694024,63303.140500897,62870.09517594949,63124.96858036847,220.9248540554777,2026-02-02T01:00:00.000Z
2026-02-02T01:00:00.000Z,63124.96858036847,63478.22204296543,62562.42807708089,62914.503758066145,360.63524236000853,2026-02-02T02:00:00.000Z
2026-02-02T02:00:00.000Z,62914.503758066145,63178.159519248,62735.94059584057,62999.35553177343,141.84052974071378,2026-02-02T03:00:00.000Z
2026-02-02T03:00:00.000Z,62999.35553177343,63098.138541034736,62530.97387951329,62629.17644785475,138.12789173709595,2026-02-02T04:00:00.000Z
2026-02-02T04:00:00.000Z,62629.17644785475,62887.38478321023,62006.05607377178,62262.75371700684,410.5348582894238,2026-02-02T05:00:00.000Z
2026-02-02T05:00:00.000Z,62262.75371700684,62461.05106233076,62020.434097895006,62218.59079105604,172.378181513575,2026-02-02T06:00:00.000Z
2026-02-02T06:00:00.000Z,62218.59079105604,62557.81544048034,61743.470732024885,62081.95039849999,216.60970836719952,2026-02-02T07:00:00.000Z
2026-02-02T07:00:00.000Z,62081.95039849999,62272.44393556306,61754.860373700074,61944.933485240486,694.5449814174999,2026-02-02T08:00:00.000Z
2026-02-02T08:00:00.000Z,61944.933485240486,62172.64843037133,61450.102311083,61676.83169077724,198.8899205340491,2026-02-02T09:00:00.000Z
2026-02-02T09:00:00.000Z,61676.83169077724,61939.849911606216,61079.616468682776,61341.203417038785,273.5390096779629,2026-02-02T10:00:00.000Z
2026-02-02T10:00:00.000Z,61341.203417038785,61629.50460201072,60745.48587639642,61032.3353941031,222.29415780040165,2026-02-02T11:00:00.000Z
2026-02-02T11:00:00.000Z,61032.3353941031,61139.6996603391,60916.96929674731,61024.31946185677,382.2952315594513,2026-02-02T12:00:00.000Z
2026-02-02T12:00:00.000Z,61024.31946185677,61345.47133477238,60638.81704624085,60959.62847073948,397.4955746426692,2026-02-02T13:00:00.000Z
2026-02-02T13:00:00.000Z,60959.62847073948,61339.764223137274,60399.346002325394,60778.35133575859,411.1041448596419,2026-02-02T14:00:00.000Z
2026-02-02T14:00:00.000Z,60778.35133575859,61194.17214192459,60290.76835929011,60706.09481567909,267.10043538692423,2026-02-02T15:00:00.000Z
2026-02-02T15:00:00.000Z,60706.09481567909,61112.785244562,60345.543200128835,60751.961214778144,578.9244594419955,2026-02-02T16:00:00.000Z
2026-02-02T16:00:00.000Z,60751.961214778144,60893.55463779816,60498.39354678917,60639.72538392524,375.039475911781,2026-02-02T17:00:00.000Z
2026-02-02T17:00:00.000Z,60639.72538392524,60847.72560000104,60234.259968704544,60441.58052845785,166.13309647242215,2026-02-02T18:00:00.000Z
2026-02-02T18:00:00.000Z,60441.58052845785,60558.346695878914,60227.42542229775,60344.0030813372,318.69187924018684,2026-02-02T19:00:00.000Z
2026-02-02T19:00:00.000Z,60344.0030813372,60564.15824713259,60257.922538798244,60477.886719977716,513.596342230959,2026-02-02T20:00:00.000Z
2026-02-02T20:00:00.000Z,60477.886719977716,60875.33491228845,59996.73623309725,60393.630712311264,413.5986422717565,2026-02-02T21:00:00.000Z
2026-02-02T21:00:00.000Z,60393.630712311264,60672.51421053284,59975.7851123502,60254.023939524326,674.9665601993755,2026-02-02T22:00:00.000Z
2026-02-02T22:00:00.000Z,60254.023939524326,60642.03938972666,59917.208711115934,60304.93954709878,180.07559053603353,2026-02-02T23:00:00.000Z
2026-02-02T23:00:00.000Z,60304.93954709878,60712.292248798556,59560.52187853035,59965.582262089556,328.81293931455025,2026-02-03T00:00:00.000Z
2026-02-03T00:00:00.000Z,59965.582262089556,60029.92501072835,59768.76881115297,59832.969266757944,382.09949456253065,2026-02-03T01:00:00.000Z
2026-02-03T01:00:00.000Z,59832.969266757944,59994.11440690917,59552.18744260589,59713.009501127,145.15346998588808,2026-02-03T02:00:00.000Z
2026-02-03T02:00:00.000Z,59713.009501127,60101.7324134494,59607.03218615642,59995.25417693497,268.80462270640055,2026-02-03T03:00:00.000Z
2026-02-03T03:00:00.000Z,59995.25417693497,60422.05688309317,59676.47446891167,60102.7062376348,457.2782621520004,2026-02-03T04:00:00.000Z
2026-02-03T04:00:00.000Z,60102.7062376348,60801.353993670615,59763.923147489455,60460.55381121169,262.25667128444496,2026-02-03T05:00:00.000Z
2026-02-03T05:00:00.000Z,60460.55381121169,60534.91106311195,60266.63652802146,60340.84655827389,604.4415900970071,2026-02-03T06:00:00.000Z
2026-02-03T06:00:00.000Z,60340.84655827389,60502.926916943645,60151.51568737392,60313.52265183712,695.1447303384285,2026-02-03T07:00:00.000Z
2026-02-03T07:00:00.000Z,60313.52265183712,60931.16070636926,60076.25803084288,60692.405614935094,229.21633577403443,2026-02-03T08:00:00.000Z
2026-02-03T08:00:00.000Z,60692.405614935094,61155.247792082875,60375.204052230234,60837.28901370934,576.5294599703184,2026-02-03T09:00:00.000Z
2026-02-03T09:00:00.000Z,60837.28901370934,61103.272634472814,60617.6960647352,60883.51284002449,507.4878282879888,2026-02-03T10:00:00.000Z
2026-02-03T10:00:00.000Z,60883.51284002449,61347.89504098934,60481.6092733245,60945.58174572054,618.116525708752,2026-02-03T11:00:00.000Z
2026-02-03T11:00:00.000Z,60945.58174572054,61260.85341679115,60634.39688294939,60949.64779300124,363.8128059282027,2026-02-03T12:00:00.000Z
2026-02-03T12:00:00.000Z,60949.64779300124,61332.75613279571,60861.90605761658,61244.589805556025,297.73297840623786,2026-02-03T13:00:00.000Z
2026-02-03T13:00:00.000Z,61244.589805556025,61790.384286707806,60992.98865712733,61537.57949657017,345.38934223604826,2026-02-03T14:00:00.000Z
2026-02-03T14:00:00.000Z,61537.57949657017,61949.886696190086,61383.69004562168,61795.352621825485,592.745652838026,2026-02-03T15:00:00.000Z
2026-02-03T15:00:00.000Z,61795.352621825485,62274.39958966301,61499.297913119866,61977.472365382346,648.0555651467553,2026-02-03T16:00:00.000Z
2026-02-03T16:00:00.000Z,61977.472365382346,62547.13424731271,61772.53430623263,62340.99414739526,293.43862095542187,2026-02-03T17:00:00.000Z
2026-02-03T17:00:00.000Z,62340.99414739526,62550.11183651603,62265.811274382155,62474.76763346396,114.33464084488091,2026-02-03T18:00:00.000Z
2026-02-03T18:00:00.000Z,62474.76763346396,62822.380429936806,62261.114359522784,62608.27059814731,313.37477677193226,2026-02-03T19:00:00.000Z
2026-02-03T19:00:00.000Z,62608.27059814731,63182.712996309296,62421.090035231944,62994.378084042546,405.3346034629898,2026-02-03T20:00:00.000Z
2026-02-03T20:00:00.000Z,62994.378084042546,63632.93714556781,62716.24260705411,63353.21730627163,498.6463269212499,2026-02-03T21:00:00.000Z
2026-02-03T21:00:00.000Z,63353.21730627163,63710.97348489194,63251.84235996061,63609.188944369715,179.94800260288082,2026-02-03T22:00:00.000Z
2026-02-03T22:00:00.000Z,63609.188944369715,63992.27658189567,63327.844605881095,63710.484213007345,359.76875557553427,2026-02-03T23:00:00.000Z
2026-02-03T23:00:00.000Z,63710.484213007345,63993.73412326413,63574.38639141382,63857.322626637855,497.75990210369224,2026-02-04T00:00:00.000Z
2026-02-04T00:00:00.000Z,63857.322626637855,64398.91433049529,63672.80300306831,64213.365898204334,685.0290791061842,2026-02-04T01:00:00.000Z
2026-02-04T01:00:00.000Z,64213.365898204334,64856.10741810985,63768.52132910914,64409.901329987566,218.7726076314098,2026-02-04T02:00:00.000Z
2026-02-04T02:00:00.000Z,64409.901329987566,64548.42241683918,64108.86678680759,64247.03761604045,143.50750755682006,2026-02-04T03:00:00.000Z
2026-02-04T03:00:00.000Z,64247.03761604045,64573.22033351089,64163.20671430347,64489.073618048424,613.122120366023,2026-02-04T04:00:00.000Z
2026-02-04T04:00:00.000Z,64489.073618048424,64691.09765046669,64348.61621457192,64550.50644609909,569.8419722122335,2026-02-04T05:00:00.000Z
2026-02-04T05:00:00.000Z,64550.50644609909,64673.99269965403,64286.10541272775,64409.32157714652,408.6447701364033,2026-02-04T06:00:00.000Z
2026-02-04T06:00:00.000Z,64409.32157714652,65000.74205165581,64024.908530978115,64615.10085655341,692.9029998336466,2026-02-04T07:00:00.000Z
2026-02-04T07:00:00.000Z,64615.10085655341,64880.576075006036,64292.429651375955,64557.66890704061,461.98579909372415,2026-02-04T08:00:00.000Z
2026-02-04T08:00:00.000Z,64557.66890704061,65274.63050351092,64148.71950937463,64863.74224237226,224.39480131696666,2026-02-04T09:00:00.000Z
2026-02-04T09:00:00.000Z,64863.74224237226,65228.486067550126,64619.64980339981,64983.94130066249,137.79647268252285,2026-02-04T10:00:00.000Z
2026-02-04T10:00:00.000Z,64983.94130066249,65329.40405950937,64897.956281787345,65243.07616029562,257.43817582607187,2026-02-04T11:00:00.000Z
2026-02-04T11:00:00.000Z,65243.07616029562,65516.16764339682,64856.47202333067,65129.08637319645,597.1623120350587,2026-02-04T12:00:00.000Z
2026-02-04T12:00:00.000Z,65129.08637319645,65536.9453352711,64747.74324818066,65155.44785876894,216.53689225974347,2026-02-04T13:00:00.000Z
2026-02-04T13:00:00.000Z,65155.44785876894,65313.284705810234,65052.00888613458,65209.75950951325,632.4658929987186,2026-02-04T14:00:00.000Z
2026-02-04T14:00:00.000Z,65209.75950951325,65345.930786983816,65048.471710732294,65184.590430031625,244.38093618693807,2026-02-04T15:00:00.000Z
2026-02-04T15:00:00.000Z,65184.590430031625,65475.34179684952,64923.68360749421,65214.315995229575,543.5433704608788,2026-02-04T16:00:00.000Z
2026-02-04T16:00:00.000Z,65214.315995229575,65601.57202246385,64879.61266550106,65266.60035061485,357.0109708500146,2026-02-04T17:00:00.000Z
2026-02-04T17:00:00.000Z,65266.60035061485,65718.05284345993,64818.48665373895,65269.916379077134,311.5770300904182,2026-02-04T18:00:00.000Z
2026-02-04T18:00:00.000Z,65269.916379077134,65695.25771902606,65036.59511384028,65461.25248199799,221.3402768230719,2026-02-04T19:00:00.000Z
2026-02-04T19:00:00.000Z,65461.25248199799,66110.91077620223,65193.30244988584,65841.40468168294,544.7978133544316,2026-02-04T20:00:00.000Z
2026-02-04T20:00:00.000Z,65841.40468168294,66228.69556259339,65589.92437048184,65976.69849857784,609.8087532025802,2026-02-04T21:00:00.000Z
2026-02-04T21:00:00.000Z,65976.69849857784,66285.29472325595,65842.58211611703,66150.82438047424,100.20585283646632,2026-02-04T22:00:00.000Z
2026-02-04T22:00:00.000Z,66150.82438047424,66848.33684240116,65733.25511949472,66429.0115577422,620.1193406805952,2026-02-04T23:00:00.000Z
2026-02-04T23:00:00.000Z,66429.0115577422,66606.58965752007,66317.1006260404,66494.56828439837,624.0796390567345,2026-02-05T00:00:00.000Z
2026-02-05T00:00:00.000Z,66494.56828439837,66679.5723405071,66336.05771893561,66520.99876973002,273.22400546317175,2026-02-05T01:00:00.000Z
2026-02-05T01:00:00.000Z,66520.99876973002,66638.06694760206,66399.80685605605,66516.86776390306,410.1680435753279,2026-02-05T02:00:00.000Z
2026-02-05T02:00:00.000Z,66516.86776390306,66957.46617764309,66090.63859164737,66531.14551589581,249.7729390625716,2026-02-05T03:00:00.000Z
2026-02-05T03:00:00.000Z,66531.14551589581,66900.50097869428,66109.33148576098,66478.39409284317,603.3063426163542,2026-02-05T04:00:00.000Z
2026-02-05T04:00:00.000Z,66478.39409284317,66846.57403218481,66093.39159483563,66461.47784625464,487.7902750800319,2026-02-05T05:00:00.000Z
2026-02-05T05:00:00.000Z,66461.47784625464,66973.77940300408,66054.06201531444,66565.7245289635,267.3037515800929,2026-02-05T06:00:00.000Z
2026-02-05T06:00:00.000Z,66565.7245289635,66822.81526716732,66296.18830440918,66553.23078917916,414.6116748985889,2026-02-05T07:00:00.000Z
2026-02-05T07:00:00.000Z,66553.23078917916,66948.69633204119,66350.05313082844,66744.93343246775,340.8475113291514,2026-02-05T08:00:00.000Z
2026-02-05T08:00:00.000Z,66744.93343246775,66938.53638156224,66588.92891081664,66782.44418513605,140.11594757443106,2026-02-05T09:00:00.000Z
2026-02-05T09:00:00.000Z,66782.44418513605,67179.1936338793,66528.6987071032,66924.90685701832,160.11471983982005,2026-02-05T10:00:00.000Z
2026-02-05T10:00:00.000Z,66924.90685701832,67292.2195833804,66820.96015811671,67187.86446291546,436.4585397469153,2026-02-05T11:00:00.000Z
2026-02-05T11:00:00.000Z,67187.86446291546,67558.93844474663,66990.8788625868,67361.44393322639,381.805418283588,2026-02-05T12:00:00.000Z
2026-02-05T12:00:00.000Z,67361.44393322639,67850.84849901451,67092.5332310986,67581.06107281789,249.65957382212372,2026-02-05T13:00:00.000Z
2026-02-05T13:00:00.000Z,67581.06107281789,67770.71940206812,67231.66302147687,67420.87179829796,687.6179617771962,2026-02-05T14:00:00.000Z
2026-02-05T14:00:00.000Z,67420.87179829796,67670.25215921171,66978.73472140018,67227.39945521721,673.8787014847056,2026-02-05T15:00:00.000Z
2026-02-05T15:00:00.000Z,67227.39945521721,67494.75535903042,66852.32714542831,67119.25296264737,557.3028283460544,2026-02-05T16:00:00.000Z
2026-02-05T16:00:00.000Z,67119.25296264737,67595.86649998593,66847.11393075551,67322.90176183825,298.8317313598617,2026-02-05T17:00:00.000Z
2026-02-05T17:00:00.000Z,67322.90176183825,67755.80611142989,66969.47131659907,67401.96062452867,305.79592166738394,2026-02-05T18:00:00.000Z
2026-02-05T18:00:00.000Z,67401.96062452867,67742.36357539395,67188.84993064213,67528.85167892516,416.68284373203426,2026-02-05T19:00:00.000Z
2026-02-05T19:00:00.000Z,67528.85167892516,67894.34813104424,67368.64996973918,67733.66054464388,199.63296675106182,2026-02-05T20:00:00.000Z
2026-02-05T20:00:00.000Z,67733.66054464388,68384.83285127392,67332.9381087783,67982.6374310224,671.8170514199031,2026-02-05T21:00:00.000Z
2026-02-05T21:00:00.000Z,67982.6374310224,68490.13689663194,67518.80350265179,68026.00706465563,529.1504904763542,2026-02-05T22:00:00.000Z
2026-02-05T22:00:00.000Z,68026.00706465563,68404.08220836645,67491.46769812367,67868.66838445126,199.4420345404381,2026-02-05T23:00:00.000Z
2026-02-05T23:00:00.000Z,67868.66838445126,68154.73444564197,67618.99526132757,67904.9279320348,506.3104195549667,2026-02-06T00:00:00.000Z
2026-02-06T00:00:00.000Z,67904.9279320348,68064.56134026928,67717.41100990711,67876.97871408956,651.5273388249461,2026-02-06T01:00:00.000Z
2026-02-06T01:00:00.000Z,67876.97871408956,68328.28190166253,67257.3053533022,67707.48158151924,305.7945646372599,2026-02-06T02:00:00.000Z
2026-02-06T02:00:00.000Z,67707.48158151924,68075.3670999842,67444.26429925847,67811.7444888224,431.6529029662036,2026-02-06T03:00:00.000Z
2026-02-06T03:00:00.000Z,67811.7444888224,68114.82989269085,67310.14543439371,67612.339595705,508.77216943016845,2026-02-06T04:00:00.000Z
2026-02-06T04:00:00.000Z,67612.339595705,67912.57693188307,67258.79699265928,67558.79656726417,466.23116236470224,2026-02-06T05:00:00.000Z
2026-02-06T05:00:00.000Z,67558.79656726417,67911.5977640571,67369.27474957467,67721.61918219313,645.9590100431624,2026-02-06T06:00:00.000Z
2026-02-06T06:00:00.000Z,67721.61918219313,68131.83327208951,67156.51337622682,67565.78351369414,401.54518778507844,2026-02-06T07:00:00.000Z
2026-02-06T07:00:00.000Z,67565.78351369414,68093.51648129447,67225.0210400702,67751.81576928578,272.2561630291194,2026-02-06T08:00:00.000Z
2026-02-06T08:00:00.000Z,67751.81576928578,68052.2511083436,67272.1968615759,67571.8340987141,213.90057388409068,2026-02-06T09:00:00.000Z
2026-02-06T09:00:00.000Z,67571.8340987141,67794.6523809598,67389.96355392138,67612.67192059333,227.7616288176559,2026-02-06T10:00:00.000Z
2026-02-06T10:00:00.000Z,67612.67192059333,67963.29084480579,67468.7158016166,67818.89564885254,627.5682572869435,2026-02-06T11:00:00.000Z
2026-02-06T11:00:00.000Z,67818.89564885254,67914.94447321942,67472.4318806373,67568.12555069382,699.14183895995,2026-02-06T12:00:00.000Z
2026-02-06T12:00:00.000Z,67568.12555069382,68165.93989615745,67266.41376019933,67862.91179733616,625.7170262400606,2026-02-06T13:00:00.000Z
2026-02-06T13:00:00.000Z,67862.91179733616,67992.3268093316,67570.51643198973,67699.62004555773,505.77722182766405,2026-02-06T14:00:00.000Z
2026-02-06T14:00:00.000Z,67699.62004555773,68167.46652667003,67243.1231068812,67710.89357087857,120.39626446571027,2026-02-06T15:00:00.000Z
2026-02-06T15:00:00.000Z,67710.89357087857,68106.06880939158,67228.28177302553,67622.94371740683,124.21207783008556,2026-02-06T16:00:00.000Z
2026-02-06T16:00:00.000Z,67622.94371740683,67902.80857343736,67187.41916385468,67466.63712818419,558.4700270828187,2026-02-06T17:00:00.000Z
2026-02-06T17:00:00.000Z,67466.63712818419,67728.39460009904,67224.25924027247,67485.94733911142,214.24753438413495,2026-02-06T18:00:00.000Z
2026-02-06T18:00:00.000Z,67485.94733911142,67771.27426594027,67071.36056985131,67356.1386726756,108.48657051496514,2026-02-06T19:00:00.000Z
2026-02-06T19:00:00.000Z,67356.1386726756,67585.41530940794,67208.37894868602,67437.47715251577,565.6278267808389,2026-02-06T20:00:00.000Z
2026-02-06T20:00:00.000Z,67437.47715251577,67849.6862442623,66677.85935494366,67087.93186400672,616.7594519987513,2026-02-06T21:00:00.000Z
2026-02-06T21:00:00.000Z,67087.93186400672,67206.309081164,66791.76229529458,66909.82524182665,409.21388264243205,2026-02-06T22:00:00.000Z
2026-02-06T22:00:00.000Z,66909.82524182665,67177.66011105326,66646.41613090092,66914.23364522315,342.35581720357567,2026-02-06T23:00:00.000Z
2026-02-06T23:00:00.000Z,66914.23364522315,67378.35103041063,66572.18245715833,67035.67903957843,577.3567007283478,2026-02-07T00:00:00.000Z
2026-02-07T00:00:00.000Z,67035.67903957843,67437.93235694172,66614.17391728565,67016.31101516428,383.89279408561663,2026-02-07T01:00:00.000Z
2026-02-07T01:00:00.000Z,67016.31101516428,67283.46502559145,66582.01666321226,66848.50171818672,347.19976961947964,2026-02-07T02:00:00.000Z
2026-02-07T02:00:00.000Z,66848.50171818672,66966.15852692407,66664.0087521559,66781.5477184025,118.63186574477324,2026-02-07T03:00:00.000Z
2026-02-07T03:00:00.000Z,66781.5477184025,67386.88052447814,66370.44759598105,66974.59204168404,410.88249073870594,2026-02-07T04:00:00.000Z
2026-02-07T04:00:00.000Z,66974.59204168404,67430.79360108777,66367.58673501229,66822.75404051768,191.58305064383106,2026-02-07T05:00:00.000Z
2026-02-07T05:00:00.000Z,66822.75404051768,66912.82829704738,66615.66547845893,66705.58179173492,512.7751492954675,2026-02-07T06:00:00.000Z
2026-02-07T06:00:00.000Z,66705.58179173492,67091.30638687423,66278.68622095093,66664.17136053977,436.87621668767,2026-02-07T07:00:00.000Z
2026-02-07T07:00:00.000Z,66664.17136053977,66858.182472271,66395.66292401946,66589.45659519166,100.21167099485717,2026-02-07T08:00:00.000Z
2026-02-07T08:00:00.000Z,66589.45659519166,66871.88814376503,66511.5613425005,66793.75390743327,455.2569743037489,2026-02-07T09:00:00.000Z
2026-02-07T09:00:00.000Z,66793.75390743327,67044.52309175166,66394.06251332971,66644.27047994453,387.73729674878405,2026-02-07T10:00:00.000Z
2026-02-07T10:00:00.000Z,66644.27047994453,67074.59230988397,65864.68052925229,66292.73247950735,674.2370904303328,2026-02-07T11:00:00.000Z
2026-02-07T11:00:00.000Z,66292.73247950735,66428.19756189288,66008.03188543014,66143.19138988476,606.0872094268385,2026-02-07T12:00:00.000Z
2026-02-07T12:00:00.000Z,66143.19138988476,66539.09897771703,65603.84399790278,65998.88784044284,420.82583937832425,2026-02-07T13:00:00.000Z
2026-02-07T13:00:00.000Z,65998.88784044284,66537.1569170136,65626.63685348543,66163.97479645199,187.5241391768326,2026-02-07T14:00:00.000Z
2026-02-07T14:00:00.000Z,66163.97479645199,66564.49087254253,65828.20159806646,66228.39077181864,324.5495407025095,2026-02-07T15:00:00.000Z
2026-02-07T15:00:00.000Z,66228.39077181864,66574.61756642032,65537.9727193246,65882.39070515688,513.0434788824261,2026-02-07T16:00:00.000Z
2026-02-07T16:00:00.000Z,65882.39070515688,66043.89451403606,65394.81878188814,65555.52130452615,460.7427561472835,2026-02-07T17:00:00.000Z
2026-02-07T17:00:00.000Z,65555.52130452615,65665.42525537702,65103.093473390625,65212.42221799811,696.6107400118423,2026-02-07T18:00:00.000Z
2026-02-07T18:00:00.000Z,65212.42221799811,65369.5316115659,64747.07237321097,64903.43736223651,332.7999851819128,2026-02-07T19:00:00.000Z
2026-02-07T19:00:00.000Z,64903.43736223651,65215.91958307616,64316.39992447708,64627.553884668814,249.82967923853064,2026-02-07T20:00:00.000Z
2026-02-07T20:00:00.000Z,64627.553884668814,65094.94906705706,64336.410581684795,64803.015320694634,653.9683563420401,2026-02-07T21:00:00.000Z
2026-02-07T21:00:00.000Z,64803.015320694634,65124.33363647192,64423.20483772785,64744.23168157557,158.101492029662,2026-02-07T22:00:00.000Z
2026-02-07T22:00:00.000Z,64744.23168157557,64956.81955467451,64439.85791041051,64652.143411406425,383.339974602377,2026-02-07T23:00:00.000Z
2026-02-07T23:00:00.000Z,64652.143411406425,64982.17823020577,64408.10734836417,64737.81877681987,172.36523426713666,2026-02-08T00:00:00.000Z
2026-02-08T00:00:00.000Z,64737.81877681987,64911.6739756807,64212.23704463081,64385.145128677,366.2313976633509,2026-02-08T01:00:00.000Z
2026-02-08T01:00:00.000Z,64385.145128677,64801.44212823084,63915.552814478106,64331.50297834198,353.3283151934521,2026-02-08T02:00:00.000Z
2026-02-08T02:00:00.000Z,64331.50297834198,64725.86851222323,63633.19544065692,64025.68625422083,441.62203936913147,2026-02-08T03:00:00.000Z
2026-02-08T03:00:00.000Z,64025.68625422083,64111.91810443777,63781.351144577144,63867.36976906807,420.7300322692515,2026-02-08T04:00:00.000Z
2026-02-08T04:00:00.000Z,63867.36976906807,64140.105705998816,63311.936287550445,63583.45983005346,574.993379821532,2026-02-08T05:00:00.000Z
2026-02-08T05:00:00.000Z,63583.45983005346,63671.48404721005,63311.94672092138,63399.716565997245,541.9258168162432,2026-02-08T06:00:00.000Z
2026-02-08T06:00:00.000Z,63399.716565997245,63554.85358118098,62904.48555179241,63058.788326820475,217.46174977974118,2026-02-08T07:00:00.000Z
2026-02-08T07:00:00.000Z,63058.788326820475,63384.80735777679,62519.491719351245,62844.402357523366,154.80473248977435,2026-02-08T08:00:00.000Z
2026-02-08T08:00:00.000Z,62844.402357523366,62942.708220905915,62461.06815582432,62558.92745825006,475.27781220864404,2026-02-08T09:00:00.000Z
2026-02-08T09:00:00.000Z,62558.92745825006,62776.514890920735,62049.82035032915,62266.39030378484,475.63652162236934,2026-02-08T10:00:00.000Z
2026-02-08T10:00:00.000Z,62266.39030378484,62689.03753409102,61581.17445963587,62002.02726593258,332.00363732502035,2026-02-08T11:00:00.000Z
2026-02-08T11:00:00.000Z,62002.02726593258,62275.108030222626,61802.20042760208,62075.04585967204,541.7097763352607,2026-02-08T12:00:00.000Z
2026-02-08T12:00:00.000Z,62075.04585967204,62171.90594941318,61616.250570717275,61712.5450247361,515.2244906012083,2026-02-08T13:00:00.000Z
2026-02-08T13:00:00.000Z,61712.5450247361,61881.31308094278,61241.1252612247,61409.06337258779,285.4384447380148,2026-02-08T14:00:00.000Z
2026-02-08T14:00:00.000Z,61409.06337258779,61624.94292653954,61062.31612138488,61277.733995483635,191.14619451162693,2026-02-08T15:00:00.000Z
2026-02-08T15:00:00.000Z,61277.733995483635,61578.04039237956,60692.19603639607,60991.09770262204,477.96364975067024,2026-02-08T16:00:00.000Z
2026-02-08T16:00:00.000Z,60991.09770262204,61220.58852061261,60605.40279856991,60834.30364856388,559.2715211488639,2026-02-08T17:00:00.000Z
2026-02-08T17:00:00.000Z,60834.30364856388,61230.426372734306,60593.92656287847,60989.43630500401,219.02514347761178,2026-02-08T18:00:00.000Z
2026-02-08T18:00:00.000Z,60989.43630500401,61075.49185829234,60583.49418334566,60669.097741764555,252.7822225134737,2026-02-08T19:00:00.000Z
2026-02-08T19:00:00.000Z,60669.097741764555,60944.24155319538,60397.74495618297,60672.87188711135,414.5903368082784,2026-02-08T20:00:00.000Z
2026-02-08T20:00:00.000Z,60672.87188711135,60929.464925857865,60156.85776848493,60412.349023995695,287.0475038825756,2026-02-08T21:00:00.000Z
2026-02-08T21:00:00.000Z,60412.349023995695,60734.98660805034,60000.302418629864,60322.459941956346,529.5289982247766,2026-02-08T22:00:00.000Z
2026-02-08T22:00:00.000Z,60322.459941956346,60538.08611332665,60185.971715745596,60401.41923038951,625.050787592796,2026-02-08T23:00:00.000Z
2026-02-08T23:00:00.000Z,60401.41923038951,60560.22735046033,60172.096631697226,60330.718865539326,516.1579954513153,2026-02-09T00:00:00.000Z
2026-02-09T00:00:00.000Z,60330.718865539326,60746.06639812491,59700.746949171655,60114.60665473968,398.6104459960994,2026-02-09T01:00:00.000Z
2026-02-09T01:00:00.000Z,60114.60665473968,60347.09942681981,59827.43582219698,60059.71630628285,294.1331831711034,2026-02-09T02:00:00.000Z
2026-02-09T02:00:00.000Z,60059.71630628285,60444.971029599146,59846.25204925125,60230.89835728386,544.3131868002531,2026-02-09T03:00:00.000Z
2026-02-09T03:00:00.000Z,60230.89835728386,60486.11017682311,60125.26237475199,60380.21231994466,496.29348954013244,2026-02-09T04:00:00.000Z
2026-02-09T04:00:00.000Z,60380.21231994466,60852.98221655107,59996.84155954175,60469.04741740837,231.72066655555773,2026-02-09T05:00:00.000Z
2026-02-09T05:00:00.000Z,60469.04741740837,60842.62203467168,60116.073178405946,60489.5282435294,101.98437729942816,2026-02-09T06:00:00.000Z
2026-02-09T06:00:00.000Z,60489.5282435294,60593.42863675249,60335.615400519215,60439.42974159076,269.77664966591476,2026-02-09T07:00:00.000Z
2026-02-09T07:00:00.000Z,60439.42974159076,60640.770989156015,60264.90179579282,60466.16583885509,474.09204085082376,2026-02-09T08:00:00.000Z
2026-02-09T08:00:00.000Z,60466.16583885509,60905.811076655045,60170.9369938543,60609.88053800375,495.3081630148497,2026-02-09T09:00:00.000Z
2026-02-09T09:00:00.000Z,60609.88053800375,61021.63513511615,59961.67799835452,60371.81529383508,473.54180439074605,2026-02-09T10:00:00.000Z
2026-02-09T10:00:00.000Z,60371.81529383508,60678.01226127454,59984.98010719474,60290.76600456005,663.1958435118179,2026-02-09T11:00:00.000Z
2026-02-09T11:00:00.000Z,60290.76600456005,60551.08091083523,59694.5114302115,59953.369574100114,287.7478982264865,2026-02-09T12:00:00.000Z
2026-02-09T12:00:00.000Z,59953.369574100114,60313.541494893696,59300.94943668507,59659.35505518789,662.8048436542996,2026-02-09T13:00:00.000Z
2026-02-09T13:00:00.000Z,59659.35505518789,60046.934641338274,58965.25313061903,59350.828359718704,540.4027478957562,2026-02-09T14:00:00.000Z
2026-02-09T14:00:00.000Z,59350.828359718704,59571.69531298908,58990.27002069379,59210.61518754598,122.44931860940964,2026-02-09T15:00:00.000Z
2026-02-09T15:00:00.000Z,59210.61518754598,59514.52653838219,58995.04513258882,59298.636023043306,180.35882426442524,2026-02-09T16:00:00.000Z
2026-02-09T16:00:00.000Z,59298.636023043306,59577.63396957738,59183.92829048158,59462.609046352154,358.8637818856462,2026-02-09T17:00:00.000Z
2026-02-09T17:00:00.000Z,59462.609046352154,59786.8167887149,59088.37555457656,59412.30904645368,473.7998549704439,2026-02-09T18:00:00.000Z
2026-02-09T18:00:00.000Z,59412.30904645368,60020.41774665622,59050.52371052753,59657.14152773113,255.18024980797443,2026-02-09T19:00:00.000Z
2026-02-09T19:00:00.000Z,59657.14152773113,60319.56123990115,59296.57986003727,59957.18613326963,579.0679609771203,2026-02-09T20:00:00.000Z
2026-02-09T20:00:00.000Z,59957.18613326963,60340.143614267305,59678.42458445977,60060.89986470268,351.4854171553093,2026-02-09T21:00:00.000Z
2026-02-09T21:00:00.000Z,60060.89986470268,60261.741373337354,59982.33127740958,60183.0130438493,205.49810235644603,2026-02-09T22:00:00.000Z
2026-02-09T22:00:00.000Z,60183.0130438493,60322.73668161486,59977.22379551832,60116.79369541357,190.04861167168644,2026-02-09T23:00:00.000Z
2026-02-09T23:00:00.000Z,60116.79369541357,60360.23355112592,59934.00020493528,60177.25621592657,202.61068199882783,2026-02-10T00:00:00.000Z
2026-02-10T00:00:00.000Z,60177.25621592657,60446.656976642735,59905.81774300352,60175.20934029338,135.97773548028326,2026-02-10T01:00:00.000Z
2026-02-10T01:00:00.000Z,60175.20934029338,60860.62300106779,59761.053973774564,60444.613462965855,603.4563281123789,2026-02-10T02:00:00.000Z
2026-02-10T02:00:00.000Z,60444.613462965855,60965.7365956428,60115.69205758974,60635.77494697005,663.8635244052222,2026-02-10T03:00:00.000Z
2026-02-10T03:00:00.000Z,60635.77494697005,61103.93735115988,60418.46681478234,60885.73341106003,538.1710270597464,2026-02-10T04:00:00.000Z
2026-02-10T04:00:00.000Z,60885.73341106003,61627.97907690172,60475.79730735192,61215.82053744564,544.9825574853377,2026-02-10T05:00:00.000Z
2026-02-10T05:00:00.000Z,61215.82053744564,61700.222067807845,60954.84062309094,61438.2936890929,687.3097997099673,2026-02-10T06:00:00.000Z
2026-02-10T06:00:00.000Z,61438.2936890929,61694.83610634767,61307.299183103976,61563.574485258076,272.9937277608522,2026-02-10T07:00:00.000Z
2026-02-10T07:00:00.000Z,61563.574485258076,62003.97143815762,61425.250408440945,61864.97017064314,479.6889290119004,2026-02-10T08:00:00.000Z
2026-02-10T08:00:00.000Z,61864.97017064314,62263.77818454407,61700.91670929469,62099.1038477625,678.452019010881,2026-02-10T09:00:00.000Z
2026-02-10T09:00:00.000Z,62099.1038477625,62285.1000638174,61972.01720212199,62157.89310517619,375.00339517137195,2026-02-10T10:00:00.000Z
2026-02-10T10:00:00.000Z,62157.89310517619,62549.48291964723,61768.238521673076,62159.81628016999,550.074523151887,2026-02-10T11:00:00.000Z
2026-02-10T11:00:00.000Z,62159.81628016999,62489.15428154746,61851.574755128466,62180.80865834335,347.8494570813372,2026-02-10T12:00:00.000Z
2026-02-10T12:00:00.000Z,62180.80865834335,62768.371053427014,61805.50672436629,62391.79567452498,526.0421851771149,2026-02-10T13:00:00.000Z
2026-02-10T13:00:00.000Z,62391.79567452498,62543.03939830089,62157.52210012047,62308.564062449856,178.72497536182635,2026-02-10T14:00:00.000Z
2026-02-10T14:00:00.000Z,62308.564062449856,62381.99518124171,62189.090607498154,62262.46740102234,117.79073226162733,2026-02-10T15:00:00.000Z
2026-02-10T15:00:00.000Z,62262.46740102234,62679.02271528751,61873.01846240398,62289.405281436404,103.05302944176506,2026-02-10T16:00:00.000Z
2026-02-10T16:00:00.000Z,62289.405281436404,62507.83180177631,62194.8705722681,62413.10935075748,146.55121995441206,2026-02-10T17:00:00.000Z
2026-02-10T17:00:00.000Z,62413.10935075748,63138.73543727503,62071.162705699346,62794.698157514984,557.2657976566189,2026-02-10T18:00:00.000Z
2026-02-10T18:00:00.000Z,62794.698157514984,63413.18099085609,62447.92257570836,63064.91318160129,647.915880171543,2026-02-10T19:00:00.000Z
2026-02-10T19:00:00.000Z,63064.91318160129,63432.27308179341,62549.321835721275,62915.81321256212,658.2133902042235,2026-02-10T20:00:00.000Z
2026-02-10T20:00:00.000Z,62915.81321256212,63458.81335722151,62479.761201954876,63022.025220712996,664.4607799893528,2026-02-10T21:00:00.000Z
2026-02-10T21:00:00.000Z,63022.025220712996,63430.199383852036,62720.63709872304,63128.30301313231,555.3602812138201,2026-02-10T22:00:00.000Z
2026-02-10T22:00:00.000Z,63128.30301313231,63514.310432266044,62799.6672576541,63185.37755593085,252.90573265073155,2026-02-10T23:00:00.000Z
2026-02-10T23:00:00.000Z,63185.37755593085,63314.30278784999,62968.21805033417,63096.962878444065,347.8280586413238,2026-02-11T00:00:00.000Z
2026-02-11T00:00:00.000Z,63096.962878444065,63395.975950140775,62672.02340168829,62970.436873536586,345.79242125423275,2026-02-11T01:00:00.000Z
2026-02-11T01:00:00.000Z,62970.436873536586,63282.834646873824,62520.240420871494,62831.95116344287,391.02747789166284,2026-02-11T02:00:00.000Z
2026-02-11T02:00:00.000Z,62831.95116344287,62947.115505882,62640.463938142515,62755.488131905935,145.91260358966542,2026-02-11T03:00:00.000Z
2026-02-11T03:00:00.000Z,62755.488131905935,62900.597041501234,62491.34046657771,62636.17348606887,666.3906651392535,2026-02-11T04:00:00.000Z
2026-02-11T04:00:00.000Z,62636.17348606887,62942.58210143886,62469.256684105334,62775.29456091315,434.7283458964566,2026-02-11T05:00:00.000Z
2026-02-11T05:00:00.000Z,62775.29456091315,63123.35826619966,62426.58425183786,62774.644351977906,204.05447404089125,2026-02-11T06:00:00.000Z
2026-02-11T06:00:00.000Z,62774.644351977906,63252.866532514694,62545.978421698186,63023.29485598345,398.4288154628262,2026-02-11T07:00:00.000Z
2026-02-11T07:00:00.000Z,63023.29485598345,63292.32167442187,62861.55383778057,63130.30602608975,496.0584615338866,2026-02-11T08:00:00.000Z
2026-02-11T08:00:00.000Z,63130.30602608975,63408.294986574496,62828.34002436809,63106.22293700797,420.2287760191731,2026-02-11T09:00:00.000Z
2026-02-11T09:00:00.000Z,63106.22293700797,63196.4529411799,62926.295484576156,63016.397054667235,684.2118871324751,2026-02-11T10:00:00.000Z
2026-02-11T10:00:00.000Z,63016.397054667235,63515.9068829134,62772.83502517934,63271.35940913798,402.9784817728114,2026-02-11T11:00:00.000Z
2026-02-11T11:00:00.000Z,63271.35940913798,63747.2125958402,63157.20721239267,63632.40900476956,466.0815493045755,2026-02-11T12:00:00.000Z
2026-02-11T12:00:00.000Z,63632.40900476956,64093.36787911556,63317.99126445485,63778.22961622655,603.0224523055472,2026-02-11T13:00:00.000Z
2026-02-11T13:00:00.000Z,63778.22961622655,64126.42353759567,63543.7808048765,63891.55813055715,654.2351375120855,2026-02-11T14:00:00.000Z
2026-02-11T14:00:00.000Z,63891.55813055715,64002.26661663513,63637.46221439648,63747.92181377264,443.15066856478836,2026-02-11T15:00:00.000Z
2026-02-11T15:00:00.000Z,63747.92181377264,64033.10137369148,63418.28939272224,63703.26919689583,696.6526654533355,2026-02-11T16:00:00.000Z
2026-02-11T16:00:00.000Z,63703.26919689583,63920.14357887209,63449.597602162976,63666.34628204513,253.4995572424957,2026-02-11T17:00:00.000Z
2026-02-11T17:00:00.000Z,63666.34628204513,64039.20326029361,63568.64152875285,63941.07689513978,465.00337979057963,2026-02-11T18:00:00.000Z
2026-02-11T18:00:00.000Z,63941.07689513978,64414.39012147921,63498.48600447054,63971.58803709618,162.4307310499394,2026-02-11T19:00:00.000Z
2026-02-11T19:00:00.000Z,63971.58803709618,64534.92124229793,63588.66456201156,64150.924289703,195.627532664513,2026-02-11T20:00:00.000Z
2026-02-11T20:00:00.000Z,64150.924289703,64400.554956858876,64022.19651586153,64271.58506035793,558.8819003938147,2026-02-11T21:00:00.000Z
2026-02-11T21:00:00.000Z,64271.58506035793,64384.276296307486,63910.535417133084,64022.79042648635,272.4022059572871,2026-02-11T22:00:00.000Z
2026-02-11T22:00:00.000Z,64022.79042648635,64250.66927545722,63677.51797120112,63904.977483907984,181.95292674095973,2026-02-11T23:00:00.000Z
2026-02-11T23:00:00.000Z,63904.977483907984,64437.17012493408,63465.6746313367,63997.233078479054,658.7819388875654,2026-02-12T00:00:00.000Z
2026-02-12T00:00:00.000Z,63997.233078479054,64140.56628012497,63816.92023226653,63960.17042550009,426.9894836130503,2026-02-12T01:00:00.000Z
2026-02-12T01:00:00.000Z,63960.17042550009,64307.18968304231,63637.825363286334,63984.720891927034,154.94837679664994,2026-02-12T02:00:00.000Z
2026-02-12T02:00:00.000Z,63984.720891927034,64316.02066969932,63491.98038199826,63822.43990204754,520.3155384493598,2026-02-12T03:00:00.000Z
2026-02-12T03:00:00.000Z,63822.43990204754,64152.95934494569,63642.4274367389,63972.52356566892,447.888055698894,2026-02-12T04:00:00.000Z
2026-02-12T04:00:00.000Z,63972.52356566892,64652.523075749814,63551.79486289029,64230.100365189595,275.6383992618129,2026-02-12T05:00:00.000Z
2026-02-12T05:00:00.000Z,64230.100365189595,64788.89540668407,63931.14649801633,64488.73773256153,483.783792137999,2026-02-12T06:00:00.000Z
2026-02-12T06:00:00.000Z,64488.73773256153,64712.09157840112,64234.08892978437,64457.334010242594,428.94088846116364,2026-02-12T07:00:00.000Z
2026-02-12T07:00:00.000Z,64457.334010242594,64763.08636709101,63981.337022318316,64286.277977548096,174.19210498882092,2026-02-12T08:00:00.000Z
2026-02-12T08:00:00.000Z,64286.277977548096,64563.0633997329,63875.25379003064,64151.45874622747,276.13389714440973,2026-02-12T09:00:00.000Z
2026-02-12T09:00:00.000Z,64151.45874622747,64438.667052088604,64053.17387340665,64340.09317709372,359.15102104616864,2026-02-12T10:00:00.000Z
2026-02-12T10:00:00.000Z,64340.09317709372,64660.90621864791,63889.33531363701,64209.49717646099,118.59009033934683,2026-02-12T11:00:00.000Z
2026-02-12T11:00:00.000Z,64209.49717646099,64552.370044527226,64018.44856567529,64360.87103672886,346.2177299178288,2026-02-12T12:00:00.000Z
2026-02-12T12:00:00.000Z,64360.87103672886,64947.765037887286,64060.464457415,64646.0274810613,325.0591850024923,2026-02-12T13:00:00.000Z
2026-02-12T13:00:00.000Z,64646.0274810613,64790.39246543811,64388.61512219024,64532.72708855448,273.6147351440111,2026-02-12T14:00:00.000Z
2026-02-12T14:00:00.000Z,64532.72708855448,64816.5895072443,64110.41662615161,64393.6673578217,355.30525634777973,2026-02-12T15:00:00.000Z
2026-02-12T15:00:00.000Z,64393.6673578217,64523.156933956416,64292.02329262986,64421.468984474894,350.0085565494413,2026-02-12T16:00:00.000Z
2026-02-12T16:00:00.000Z,64421.468984474894,64784.44145697312,63873.45260096682,64235.376565467566,435.57559984530116,2026-02-12T17:00:00.000Z
2026-02-12T17:00:00.000Z,64235.376565467566,64379.66580069265,63834.37957639015,63978.090881562515,685.996737976557,2026-02-12T18:00:00.000Z
2026-02-12T18:00:00.000Z,63978.090881562515,64243.33497153166,63867.33476731369,64132.31187654138,155.42206804054885,2026-02-12T19:00:00.000Z
2026-02-12T19:00:00.000Z,64132.31187654138,64497.769201647265,63759.23253162727,64124.64617380429,251.80756726852042,2026-02-12T20:00:00.000Z
2026-02-12T20:00:00.000Z,64124.64617380429,64422.35096605043,63772.504030958095,64069.95491380797,410.2170249029142,2026-02-12T21:00:00.000Z
2026-02-12T21:00:00.000Z,64069.95491380797,64615.36521307234,63651.26423685991,64195.85181262058,204.55653914462613,2026-02-12T22:00:00.000Z
2026-02-12T22:00:00.000Z,64195.85181262058,64724.86852669952,63855.96269255795,64383.98333204968,575.6549609245988,2026-02-12T23:00:00.000Z
2026-02-12T23:00:00.000Z,64383.98333204968,64767.821613566564,64238.95111722039,64622.25267006612,567.1124484702538,2026-02-13T00:00:00.000Z
2026-02-13T00:00:00.000Z,64622.25267006612,65140.41108022976,64174.65659862789,64692.329631520544,509.46591468968705,2026-02-13T01:00:00.000Z
2026-02-13T01:00:00.000Z,64692.329631520544,65093.98325636471,64492.441909893474,64893.474034527884,662.2324493537808,2026-02-13T02:00:00.000Z
2026-02-13T02:00:00.000Z,64893.474034527884,65040.84005524838,64507.74120054298,64654.56468411615,686.8812288096552,2026-02-13T03:00:00.000Z
2026-02-13T03:00:00.000Z,64654.56468411615,64900.76530978149,64433.812437856424,64679.926469926795,670.3168511252463,2026-02-13T04:00:00.000Z
2026-02-13T04:00:00.000Z,64679.926469926795,64986.29552754339,64401.479463016076,64707.72883149901,611.5110573878097,2026-02-13T05:00:00.000Z
2026-02-13T05:00:00.000Z,64707.72883149901,64967.77292093984,64331.469490975214,64591.04465605876,110.63669883210058,2026-02-13T06:00:00.000Z
2026-02-13T06:00:00.000Z,64591.04465605876,65159.7497498756,64299.65144545178,64867.11110517822,636.3870252558901,2026-02-13T07:00:00.000Z
2026-02-13T07:00:00.000Z,64867.11110517822,65009.51182913584,64501.85952036243,64643.76995052446,187.72292942168326,2026-02-13T08:00:00.000Z
2026-02-13T08:00:00.000Z,64643.76995052446,64922.6427920906,64242.02107162557,64520.36152999481,129.8682137531546,2026-02-13T09:00:00.000Z
2026-02-13T09:00:00.000Z,64520.36152999481,64894.91606493023,64251.24221759591,64625.35880096538,526.9359170584642,2026-02-13T10:00:00.000Z
2026-02-13T10:00:00.000Z,64625.35880096538,64740.47788780997,64341.40357132773,64456.2213685992,481.2387188809173,2026-02-13T11:00:00.000Z
2026-02-13T11:00:00.000Z,64456.2213685992,64549.24981475973,64099.02509740623,64191.67172406446,522.5469033338813,2026-02-13T12:00:00.000Z
2026-02-13T12:00:00.000Z,64191.67172406446,64341.50604151688,63842.789301371726,63992.15791955322,240.64653093956716,2026-02-13T13:00:00.000Z
2026-02-13T13:00:00.000Z,63992.15791955322,64176.33531961233,63897.35965866044,64081.40484793193,396.2853946240085,2026-02-13T14:00:00.000Z
2026-02-13T14:00:00.000Z,64081.40484793193,64415.57660068277,63666.288040549305,64000.035468204456,315.4812247564463,2026-02-13T15:00:00.000Z
2026-02-13T15:00:00.000Z,64000.035468204456,64434.66622599494,63796.57798927644,64230.476171153154,581.1770056752381,2026-02-13T16:00:00.000Z
2026-02-13T16:00:00.000Z,64230.476171153154,64353.27668032478,64096.71519657759,64219.49471059195,284.8465077508457,2026-02-13T17:00:00.000Z
2026-02-13T17:00:00.000Z,64219.49471059195,64506.796542837255,64088.679225220665,64375.6629418678,595.704923149061,2026-02-13T18:00:00.000Z
2026-02-13T18:00:00.000Z,64375.6629418678,64695.64657678763,64016.59488351877,64336.383276174165,234.28303950199998,2026-02-13T19:00:00.000Z
2026-02-13T19:00:00.000Z,64336.383276174165,64670.80655188622,63946.02585640251,64280.15686482024,350.582165667127,2026-02-13T20:00:00.000Z
2026-02-13T20:00:00.000Z,64280.15686482024,64499.85418930414,63850.48595017069,64069.46316374214,512.2616613340851,2026-02-13T21:00:00.000Z
2026-02-13T21:00:00.000Z,64069.46316374214,64414.47681706489,63465.372508652115,63808.983480530645,158.85449818282132,2026-02-13T22:00:00.000Z
2026-02-13T22:00:00.000Z,63808.983480530645,64160.190698965,63471.45788644381,63822.59311501538,672.7333814710069,2026-02-13T23:00:00.000Z
2026-02-13T23:00:00.000Z,63822.59311501538,64232.100983307304,63200.95221925271,63609.09017873897,153.46610120193384,2026-02-14T00:00:00.000Z
2026-02-14T00:00:00.000Z,63609.09017873897,63753.715240970254,63513.62854075349,63658.17993131025,518.3433587748293,2026-02-14T01:00:00.000Z
2026-02-14T01:00:00.000Z,63658.17993131025,64000.28933957473,63262.430603456916,63604.25018449431,555.0420471723387,2026-02-14T02:00:00.000Z
2026-02-14T02:00:00.000Z,63604.25018449431,63909.85342232703,63240.141892547006,63545.462670408946,562.264873675194,2026-02-14T03:00:00.000Z
2026-02-14T03:00:00.000Z,63545.462670408946,63796.173325741445,63421.324078175654,63671.78795203917,114.3893945097874,2026-02-14T04:00:00.000Z
2026-02-14T04:00:00.000Z,63671.78795203917,64115.65126082178,62933.86115965303,63375.66012753625,151.732306485871,2026-02-14T05:00:00.000Z
2026-02-14T05:00:00.000Z,63375.66012753625,63537.86425123363,62940.53026718809,63102.0340703723,195.75694477919347,2026-02-14T06:00:00.000Z
2026-02-14T06:00:00.000Z,63102.0340703723,63303.949173771514,62743.351401032975,62944.76326628564,136.21525095599483,2026-02-14T07:00:00.000Z
2026-02-14T07:00:00.000Z,62944.76326628564,63153.35725535355,62657.53754361355,62865.870086897165,507.4583200772564,2026-02-14T08:00:00.000Z
2026-02-14T08:00:00.000Z,62865.870086897165,63193.366514374466,62537.10933869897,62864.59914527306,317.81754196519853,2026-02-14T09:00:00.000Z
2026-02-14T09:00:00.000Z,62864.59914527306,62929.46748609171,62711.33445121223,62776.11148392021,270.50989296776703,2026-02-14T10:00:00.000Z
2026-02-14T10:00:00.000Z,62776.11148392021,63010.28731020655,62360.61267215905,62594.109570626766,171.3693616312786,2026-02-14T11:00:00.000Z
2026-02-14T11:00:00.000Z,62594.109570626766,62780.49383726111,62175.55926819746,62361.250157591916,560.9575912640232,2026-02-14T12:00:00.000Z
2026-02-14T12:00:00.000Z,62361.250157591916,62779.535245791616,61671.8501301083,62088.30444807988,414.4714973468666,2026-02-14T13:00:00.000Z
2026-02-14T13:00:00.000Z,62088.30444807988,62579.64980390113,61705.55551107633,62196.235516121305,626.3124626718054,2026-02-14T14:00:00.000Z
2026-02-14T14:00:00.000Z,62196.235516121305,62716.67606692408,61795.05646687998,62314.73268554317,675.2147888649324,2026-02-14T15:00:00.000Z
2026-02-14T15:00:00.000Z,62314.73268554317,62723.39775777842,61932.678439532734,62341.181353870474,642.362130313349,2026-02-14T16:00:00.000Z
2026-02-14T16:00:00.000Z,62341.181353870474,62533.46257339161,62031.23096708274,62223.14813235781,445.39129545231873,2026-02-14T17:00:00.000Z
2026-02-14T17:00:00.000Z,62223.14813235781,62823.51921847746,61796.716528132085,62395.90367506788,679.2695999048974,2026-02-14T18:00:00.000Z
2026-02-14T18:00:00.000Z,62395.90367506788,62752.35043266651,61832.74438394788,62188.00347782426,672.3626183217217,2026-02-14T19:00:00.000Z
2026-02-14T19:00:00.000Z,62188.00347782426,62540.731108429594,61921.390877910264,62273.75089193789,102.21290262519051,2026-02-14T20:00:00.000Z
2026-02-14T20:00:00.000Z,62273.75089193789,62522.32754020516,62198.98288176188,62447.35109964058,106.30727988030169,2026-02-14T21:00:00.000Z
2026-02-14T21:00:00.000Z,62447.35109964058,62668.852422581476,62225.65029484991,62447.1509077082,458.2029710329151,2026-02-14T22:00:00.000Z
2026-02-14T22:00:00.000Z,62447.1509077082,62760.48463912437,62237.91392495837,62550.90003196882,395.3766661208946,2026-02-14T23:00:00.000Z
2026-02-14T23:00:00.000Z,62550.90003196882,62986.44212973284,62293.634713009225,62728.44658036281,543.5661901922739,2026-02-15T00:00:00.000Z
2026-02-15T00:00:00.000Z,62728.44658036281,62805.316483792536,62286.40762838296,62362.82949026312,395.8251384533127,2026-02-15T01:00:00.000Z
2026-02-15T01:00:00.000Z,62362.82949026312,62702.743700974286,61954.512586221295,62294.051918592595,606.5030381579431,2026-02-15T02:00:00.000Z
2026-02-15T02:00:00.000Z,62294.051918592595,62798.42360882324,61968.30292574679,62471.74541845644,541.7083000027149,2026-02-15T03:00:00.000Z
2026-02-15T03:00:00.000Z,62471.74541845644,62725.67555530049,62391.385793233894,62645.09294699442,144.11100346786483,2026-02-15T04:00:00.000Z
2026-02-15T04:00:00.000Z,62645.09294699442,62763.006660487845,62496.20651978529,62614.06182495555,297.23411016037414,2026-02-15T05:00:00.000Z
2026-02-15T05:00:00.000Z,62614.06182495555,62889.5362957679,62439.46557324735,62714.65953226865,549.8211301163869,2026-02-15T06:00:00.000Z
2026-02-15T06:00:00.000Z,62714.65953226865,62862.09403232093,62320.94637647362,62467.80054120714,120.29764550751896,2026-02-15T07:00:00.000Z
2026-02-15T07:00:00.000Z,62467.80054120714,62823.14871950385,62052.723992869185,62407.7304624315,264.503775986146,2026-02-15T08:00:00.000Z
2026-02-15T08:00:00.000Z,62407.7304624315,62522.01576327018,61928.50974653464,62042.1255266302,412.6955796557924,2026-02-15T09:00:00.000Z
2026-02-15T09:00:00.000Z,62042.1255266302,62429.559543412055,61348.359755258585,61733.868803489924,255.2488014824916,2026-02-15T10:00:00.000Z
2026-02-15T10:00:00.000Z,61733.868803489924,62009.19478960714,61514.27008860061,61789.398545222946,158.72745172061371,2026-02-15T11:00:00.000Z
2026-02-15T11:00:00.000Z,61789.398545222946,61942.58425294279,61291.047275929464,61443.37513680252,321.5578461166275,2026-02-15T12:00:00.000Z
2026-02-15T12:00:00.000Z,61443.37513680252,61719.684787215665,60907.096453125334,61182.23174684622,474.8683710465526,2026-02-15T13:00:00.000Z
2026-02-15T13:00:00.000Z,61182.23174684622,61526.51531400153,60843.52731670696,61187.78016784036,144.07967470776273,2026-02-15T14:00:00.000Z
2026-02-15T14:00:00.000Z,61187.78016784036,61585.457365636306,60827.436590504694,61224.8952125012,282.3674727149156,2026-02-15T15:00:00.000Z
2026-02-15T15:00:00.000Z,61224.8952125012,61325.69985806175,60980.72180426145,61081.29000888404,613.6833488539249,2026-02-15T16:00:00.000Z
2026-02-15T16:00:00.000Z,61081.29000888404,61187.97844546407,60672.95656152012,60779.117204006005,416.70576991359974,2026-02-15T17:00:00.000Z
2026-02-15T17:00:00.000Z,60779.117204006005,61092.78655173052,60345.1280568202,60658.17323595995,169.82378813895573,2026-02-15T18:00:00.000Z
2026-02-15T18:00:00.000Z,60658.17323595995,61036.836695517384,60390.86797223849,60769.04285734992,620.8130540888817,2026-02-15T19:00:00.000Z
2026-02-15T19:00:00.000Z,60769.04285734992,61245.93118838392,60382.42574937101,60858.74339897975,136.67688790554035,2026-02-15T20:00:00.000Z
2026-02-15T20:00:00.000Z,60858.74339897975,61067.89213958461,60487.68420789153,60696.2746040095,337.3378793882848,2026-02-15T21:00:00.000Z
2026-02-15T21:00:00.000Z,60696.2746040095,60864.6082683201,60284.268069351594,60451.924057426695,415.065547691223,2026-02-15T22:00:00.000Z
2026-02-15T22:00:00.000Z,60451.924057426695,60533.77571614507,60279.57918647906,60361.308151630416,460.9479839731697,2026-02-15T23:00:00.000Z
2026-02-15T23:00:00.000Z,60361.308151630416,60734.59616015118,60030.00357195077,60403.06240427331,443.26663051884003,2026-02-16T00:00:00.000Z
2026-02-16T00:00:00.000Z,60403.06240427331,60662.31254433111,60031.68176803319,60290.44856914479,369.8597346757817,2026-02-16T01:00:00.000Z
2026-02-16T01:00:00.000Z,60290.44856914479,60439.73698264797,59894.39204153456,60043.06790250028,671.4177708008409,2026-02-16T02:00:00.000Z
2026-02-16T02:00:00.000Z,60043.06790250028,60397.317483258164,59520.56081698826,59873.81179947942,403.48181030875156,2026-02-16T03:00:00.000Z
2026-02-16T03:00:00.000Z,59873.81179947942,60013.87781923583,59387.21125975334,59526.464711834866,551.6678743305001,2026-02-16T04:00:00.000Z
2026-02-16T04:00:00.000Z,59526.464711834866,60021.48256288209,59189.06351971619,59683.19302104163,154.14078461664764,2026-02-16T05:00:00.000Z
2026-02-16T05:00:00.000Z,59683.19302104163,59990.94517759113,59319.80281611853,59627.26659199879,610.480592078753,2026-02-16T06:00:00.000Z
2026-02-16T06:00:00.000Z,59627.26659199879,59899.8307026305,59212.99435115278,59484.907720581745,301.67192556041846,2026-02-16T07:00:00.000Z
2026-02-16T07:00:00.000Z,59484.907720581745,59775.78218277189,58922.412768664915,59211.95251079089,232.6636152959725,2026-02-16T08:00:00.000Z
2026-02-16T08:00:00.000Z,59211.95251079089,59486.67823023725,58646.83790649921,58920.210028234054,344.4536871483799,2026-02-16T09:00:00.000Z
2026-02-16T09:00:00.000Z,58920.210028234054,59201.09249924924,58775.14450838149,59055.69341019815,396.4378837945116,2026-02-16T10:00:00.000Z
2026-02-16T10:00:00.000Z,59055.69341019815,59479.20945292684,58856.15146648284,59278.91327666495,479.1297878972859,2026-02-16T11:00:00.000Z
2026-02-16T11:00:00.000Z,59278.91327666495,59361.668431527774,59066.966226111166,59149.540773048175,308.005492765459,2026-02-16T12:00:00.000Z
2026-02-16T12:00:00.000Z,59149.540773048175,59691.79969670831,58757.7988485892,59299.06747079361,520.2730114666153,2026-02-16T13:00:00.000Z
2026-02-16T13:00:00.000Z,59299.06747079361,59824.7490837899,58906.50050886925,59431.30668237296,636.2332720943881,2026-02-16T14:00:00.000Z
2026-02-16T14:00:00.000Z,59431.30668237296,59905.79903780837,59219.16838927747,59692.72761043476,408.9878000826518,2026-02-16T15:00:00.000Z
2026-02-16T15:00:00.000Z,59692.72761043476,59971.080344286536,59394.732157409126,59672.992866315864,660.2243576944919,2026-02-16T16:00:00.000Z
2026-02-16T16:00:00.000Z,59672.992866315864,60212.97976985822,59413.047362870835,59951.81965046553,209.34541044260627,2026-02-16T17:00:00.000Z
2026-02-16T17:00:00.000Z,59951.81965046553,60508.141729813964,59746.91487838155,60302.03996630562,536.9100286797201,2026-02-16T18:00:00.000Z
2026-02-16T18:00:00.000Z,60302.03996630562,60841.201183510224,59914.96051589235,60453.15174494631,431.5799778940063,2026-02-16T19:00:00.000Z
2026-02-16T19:00:00.000Z,60453.15174494631,60525.10545678885,60276.84857449153,60348.67793751158,635.0476873736119,2026-02-16T20:00:00.000Z
2026-02-16T20:00:00.000Z,60348.67793751158,60752.29850577931,60096.580275427805,60499.57051231737,275.2725772444497,2026-02-16T21:00:00.000Z
2026-02-16T21:00:00.000Z,60499.57051231737,60948.018806693486,60257.57364837756,60705.19943189531,360.6044050588293,2026-02-16T22:00:00.000Z
2026-02-16T22:00:00.000Z,60705.19943189531,61257.91140895857,60517.323112406084,61068.9094445628,192.83093693332324,2026-02-16T23:00:00.000Z
2026-02-16T23:00:00.000Z,61068.9094445628,61172.448521273574,60992.48550270101,61095.99068891886,291.5153611411878,2026-02-17T00:00:00.000Z
2026-02-17T00:00:00.000Z,61095.99068891886,61557.65100697566,60835.91609034219,61296.721931749824,636.3697026559942,2026-02-17T01:00:00.000Z
2026-02-17T01:00:00.000Z,61296.721931749824,61844.8959079616,60920.47779689017,61467.60289223012,469.73727418563203,2026-02-17T02:00:00.000Z
2026-02-17T02:00:00.000Z,61467.60289223012,62259.03912022594,61043.37336562634,61832.29262298147,448.1368087921929,2026-02-17T03:00:00.000Z
2026-02-17T03:00:00.000Z,61832.29262298147,62566.58395353832,61430.60527455392,62162.74982273048,300.6387950855488,2026-02-17T04:00:00.000Z
2026-02-17T04:00:00.000Z,62162.74982273048,62225.44118700892,62059.29911823723,62121.94933507218,592.1977909711179,2026-02-17T05:00:00.000Z
2026-02-17T05:00:00.000Z,62121.94933507218,62408.83874011714,61824.18365278185,62111.02259634571,149.72324699616212,2026-02-17T06:00:00.000Z
2026-02-17T06:00:00.000Z,62111.02259634571,62830.660581345415,61690.94749381522,62408.57305758456,668.119476255085,2026-02-17T07:00:00.000Z
2026-02-17T07:00:00.000Z,62408.57305758456,63175.29436225448,62023.571609612416,62787.952504475994,318.0355642074885,2026-02-17T08:00:00.000Z
2026-02-17T08:00:00.000Z,62787.952504475994,63043.248737609385,62668.42572099163,62923.46398661789,277.8773497687082,2026-02-17T09:00:00.000Z
2026-02-17T09:00:00.000Z,62923.46398661789,63474.999396464205,62566.45139818541,63116.889359027846,687.2408244699429,2026-02-17T10:00:00.000Z
2026-02-17T10:00:00.000Z,63116.889359027846,63420.380003701066,62981.1170799997,63284.247716032194,394.7331684151353,2026-02-17T11:00:00.000Z
2026-02-17T11:00:00.000Z,63284.247716032194,64070.74952688358,62881.364827146754,63665.439876138335,544.3406160196013,2026-02-17T12:00:00.000Z
2026-02-17T12:00:00.000Z,63665.439876138335,64195.44365950238,63378.340407547985,63907.2537306988,521.0710013383399,2026-02-17T13:00:00.000Z
2026-02-17T13:00:00.000Z,63907.2537306988,64414.052779081925,63747.66013347009,64253.59427637966,159.8402991238238,2026-02-17T14:00:00.000Z
2026-02-17T14:00:00.000Z,64253.59427637966,64700.30878359784,63764.692528609376,64211.111681275775,441.6144959356703,2026-02-17T15:00:00.000Z
2026-02-17T15:00:00.000Z,64211.111681275775,64533.09057283802,63826.71153925063,64148.37584953503,667.8736660479912,2026-02-17T16:00:00.000Z
2026-02-17T16:00:00.000Z,64148.37584953503,64352.014311435996,63822.756458600685,64026.00645993736,167.55037655474172,2026-02-17T17:00:00.000Z
2026-02-17T17:00:00.000Z,64026.00645993736,64241.99462244704,63751.829773877376,63967.62097621347,347.72910720097326,2026-02-17T18:00:00.000Z
2026-02-17T18:00:00.000Z,63967.62097621347,64060.88985136725,63877.33540497398,63970.60007534941,383.884072156569,2026-02-17T19:00:00.000Z
2026-02-17T19:00:00.000Z,63970.60007534941,64143.03973775799,63663.94357012344,63836.0204586383,508.3939922081279,2026-02-17T20:00:00.000Z
2026-02-17T20:00:00.000Z,63836.0204586383,64467.51743365305,63491.883678765866,64121.839815981606,569.2801033469291,2026-02-17T21:00:00.000Z
2026-02-17T21:00:00.000Z,64121.839815981606,64480.79609356212,63773.22892795003,64132.12926493454,653.3418898253431,2026-02-17T22:00:00.000Z
2026-02-17T22:00:00.000Z,64132.12926493454,64267.15584576066,63840.95716353161,63975.654295134715,419.0509434412471,2026-02-17T23:00:00.000Z
2026-02-17T23:00:00.000Z,63975.654295134715,64354.55086551009,63510.2040145711,63888.58491551431,565.6584383294257,2026-02-18T00:00:00.000Z
2026-02-18T00:00:00.000Z,63888.58491551431,64483.748225345706,63622.772810282,64216.57151314769,248.30884465403335,2026-02-18T01:00:00.000Z
2026-02-18T01:00:00.000Z,64216.57151314769,64597.4205540001,63881.00756794966,64261.62120147978,304.4128813801393,2026-02-18T02:00:00.000Z
2026-02-18T02:00:00.000Z,64261.62120147978,65066.93713155225,63833.213186280795,64636.033053611,193.62342324742275,2026-02-18T03:00:00.000Z
2026-02-18T03:00:00.000Z,64636.033053611,64971.02016321049,64445.972006359996,64780.5342130008,466.940429511918,2026-02-18T04:00:00.000Z
2026-02-18T04:00:00.000Z,64780.5342130008,65284.550359953835,64460.16468988536,64963.27708930304,634.1650240748027,2026-02-18T05:00:00.000Z
2026-02-18T05:00:00.000Z,64963.27708930304,65602.25935149094,64649.75075379165,65287.16984194669,609.0252807871557,2026-02-18T06:00:00.000Z
2026-02-18T06:00:00.000Z,65287.16984194669,65777.69951546541,65001.442696185244,65491.07996378035,128.1235781629214,2026-02-18T07:00:00.000Z
2026-02-18T07:00:00.000Z,65491.07996378035,66203.37040517319,65069.09330885078,65779.5251760633,659.0856093722795,2026-02-18T08:00:00.000Z
2026-02-18T08:00:00.000Z,65779.5251760633,66557.38854912596,65371.85567139752,66147.438894173,161.17869292440764,2026-02-18T09:00:00.000Z
2026-02-18T09:00:00.000Z,66147.438894173,66540.53832558132,66003.68953927574,66396.24826665402,239.83462990253915,2026-02-18T10:00:00.000Z
2026-02-18T10:00:00.000Z,66396.24826665402,66662.1935180568,65952.61010251158,66217.84075585271,519.283113171944,2026-02-18T11:00:00.000Z
2026-02-18T11:00:00.000Z,66217.84075585271,66750.00505836707,65890.23457337693,66421.39182720677,296.1221635323587,2026-02-18T12:00:00.000Z
2026-02-18T12:00:00.000Z,66421.39182720677,66877.86375939002,66103.75029481578,66559.56146973732,472.6997343696187,2026-02-18T13:00:00.000Z
2026-02-18T13:00:00.000Z,66559.56146973732,67217.29452157715,66181.30887405762,66837.46263608256,481.9423835640505,2026-02-18T14:00:00.000Z
2026-02-18T14:00:00.000Z,66837.46263608256,67460.3119466928,66435.8305289372,67057.35846643997,272.0005244817587,2026-02-18T15:00:00.000Z
2026-02-18T15:00:00.000Z,67057.35846643997,67514.09645525565,66327.60121362716,66782.46687349679,106.36407342104431,2026-02-18T16:00:00.000Z
2026-02-18T16:00:00.000Z,66782.46687349679,66999.01822036659,66440.53901201021,66656.68248567807,101.23490830940888,2026-02-18T17:00:00.000Z
2026-02-18T17:00:00.000Z,66656.68248567807,66813.35025978305,66568.56738783927,66725.14466012246,558.4106362696787,2026-02-18T18:00:00.000Z
2026-02-18T18:00:00.000Z,66725.14466012246,67297.75450931405,66375.1539878494,66946.6022346826,506.97052209031324,2026-02-18T19:00:00.000Z
2026-02-18T19:00:00.000Z,66946.6022346826,67392.01563202679,66770.45150417696,67215.15827353933,278.6949368094536,2026-02-18T20:00:00.000Z
2026-02-18T20:00:00.000Z,67215.15827353933,67436.41045311913,67033.4826397882,67254.62813640341,158.5903005947314,2026-02-18T21:00:00.000Z
2026-02-18T21:00:00.000Z,67254.62813640341,67556.92531028738,66792.35443549097,67093.92929767477,437.13280741923154,2026-02-18T22:00:00.000Z
2026-02-18T22:00:00.000Z,67093.92929767477,67348.16724647378,66945.10390814209,67199.10855202569,269.5109958618465,2026-02-18T23:00:00.000Z
2026-02-18T23:00:00.000Z,67199.10855202569,67511.1227863767,66771.45375603398,67082.92855147425,109.5278984911404,2026-02-19T00:00:00.000Z
2026-02-19T00:00:00.000Z,67082.92855147425,67467.48558002734,66949.61356687806,67333.67228836344,482.1855724706247,2026-02-19T01:00:00.000Z
2026-02-19T01:00:00.000Z,67333.67228836344,67608.22158467855,67166.78762224494,67441.0707344473,369.006011853463,2026-02-19T02:00:00.000Z
2026-02-19T02:00:00.000Z,67441.0707344473,67630.44790384463,67148.2471820067,67337.3330519264,471.4606379025898,2026-02-19T03:00:00.000Z
2026-02-19T03:00:00.000Z,67337.3330519264,67798.75060852016,66727.89045042326,67188.28669233249,309.26392516552653,2026-02-19T04:00:00.000Z
2026-02-19T04:00:00.000Z,67188.28669233249,67852.55711977369,66739.57007312213,67402.41047600056,346.10816754685163,2026-02-19T05:00:00.000Z
2026-02-19T05:00:00.000Z,67402.41047600056,67935.54149523906,67126.9161751515,67658.99844077035,135.79504212168746,2026-02-19T06:00:00.000Z
2026-02-19T06:00:00.000Z,67658.99844077035,68009.45258783652,67431.46856799535,67781.5107195569,611.7942285313244,2026-02-19T07:00:00.000Z
2026-02-19T07:00:00.000Z,67781.5107195569,67944.96499712359,67454.88731725544,67617.9471633225,587.3322383907307,2026-02-19T08:00:00.000Z
2026-02-19T08:00:00.000Z,67617.9471633225,68394.71280886006,67154.66344515343,67929.29588788297,699.9727431684605,2026-02-19T09:00:00.000Z
2026-02-19T09:00:00.000Z,67929.29588788297,68282.34070303531,67429.66282179955,67781.94180248887,200.31276480309327,2026-02-19T10:00:00.000Z
2026-02-19T10:00:00.000Z,67781.94180248887,68271.79586668148,67568.0001608839,68056.98609668935,230.57114609078093,2026-02-19T11:00:00.000Z
2026-02-19T11:00:00.000Z,68056.98609668935,68423.31223324347,67713.83684055784,68080.04670352221,435.89932207758505,2026-02-19T12:00:00.000Z
2026-02-19T12:00:00.000Z,68080.04670352221,68177.26299474746,67751.98591487709,67848.87209560601,589.8439231747034,2026-02-19T13:00:00.000Z
2026-02-19T13:00:00.000Z,67848.87209560601,68032.00382067295,67584.7423798171,67767.654890527,398.0389577793139,2026-02-19T14:00:00.000Z
2026-02-19T14:00:00.000Z,67767.654890527,68033.19715338746,67557.295838133,67822.66733566525,697.4475911806559,2026-02-19T15:00:00.000Z
2026-02-19T15:00:00.000Z,67822.66733566525,67962.21057173752,67698.41215090505,67837.92742957218,542.9654765142898,2026-02-19T16:00:00.000Z
2026-02-19T16:00:00.000Z,67837.92742957218,68229.20145051072,67279.01815711298,67669.31968622873,302.3921995434874,2026-02-19T17:00:00.000Z
2026-02-19T17:00:00.000Z,67669.31968622873,68117.09047230467,67139.9555964446,67587.18287975488,263.8703533280037,2026-02-19T18:00:00.000Z
2026-02-19T18:00:00.000Z,67587.18287975488,67965.70207732635,67090.17357833956,67468.02543963963,490.22101722202314,2026-02-19T19:00:00.000Z
2026-02-19T19:00:00.000Z,67468.02543963963,67698.97428114283,67397.30257673033,67628.08363840042,181.45005893029742,2026-02-19T20:00:00.000Z
2026-02-19T20:00:00.000Z,67628.08363840042,68063.95926318211,67237.59878967848,67673.21383252325,569.1013936275157,2026-02-19T21:00:00.000Z
2026-02-19T21:00:00.000Z,67673.21383252325,67992.07615249933,67253.85576711403,67572.2423300556,314.09010431454055,2026-02-19T22:00:00.000Z
2026-02-19T22:00:00.000Z,67572.2423300556,67994.35654575015,66874.42312882494,67294.80422803856,294.5668569740685,2026-02-19T23:00:00.000Z
2026-02-19T23:00:00.000Z,67294.80422803856,67611.6937015138,66775.77813183852,67091.71124577078,372.35280548797584,2026-02-20T00:00:00.000Z
2026-02-20T00:00:00.000Z,67091.71124577078,67256.80016021967,66673.05229344535,66837.51572283564,406.8188189094974,2026-02-20T01:00:00.000Z
2026-02-20T01:00:00.000Z,66837.51572283564,67101.71043083539,66590.6539108138,66854.78483600351,601.2697066651981,2026-02-20T02:00:00.000Z
2026-02-20T02:00:00.000Z,66854.78483600351,67193.34336040662,66469.6412862755,66807.9626992502,212.9724166882096,2026-02-20T03:00:00.000Z
2026-02-20T03:00:00.000Z,66807.9626992502,66964.38269451182,66625.6275703695,66781.9867471577,286.1097153211523,2026-02-20T04:00:00.000Z
2026-02-20T04:00:00.000Z,66781.9867471577,66966.74687474151,66390.41644178134,66574.6028176224,451.87706041702864,2026-02-20T05:00:00.000Z
2026-02-20T05:00:00.000Z,66574.6028176224,66991.16972268804,66202.65836195655,66618.97735173261,472.71692956458634,2026-02-20T06:00:00.000Z
2026-02-20T06:00:00.000Z,66618.97735173261,66742.40365583677,66395.98393618329,66519.22542791456,466.3118862390108,2026-02-20T07:00:00.000Z
2026-02-20T07:00:00.000Z,66519.22542791456,66770.01903587198,65921.96688479745,66171.44929240303,646.4985500772011,2026-02-20T08:00:00.000Z
2026-02-20T08:00:00.000Z,66171.44929240303,66245.0295330934,65947.13757742247,66020.5500236239,477.1645584968685,2026-02-20T09:00:00.000Z
2026-02-20T09:00:00.000Z,66020.5500236239,66334.39719039708,65364.020532433104,65676.23088177449,677.9564384268393,2026-02-20T10:00:00.000Z
2026-02-20T10:00:00.000Z,65676.23088177449,66041.24270800667,65272.560355471134,65637.35612567318,104.13094442530114,2026-02-20T11:00:00.000Z
2026-02-20T11:00:00.000Z,65637.35612567318,66142.18778266122,65207.33817240096,65711.68288350692,373.27382940485785,2026-02-20T12:00:00.000Z
2026-02-20T12:00:00.000Z,65711.68288350692,65939.5317270878,65641.8177318944,65869.49878443172,132.782155570007,2026-02-20T13:00:00.000Z
2026-02-20T13:00:00.000Z,65869.49878443172,66039.04322826788,65519.221689530226,65688.29973704822,628.7692180503017,2026-02-20T14:00:00.000Z
2026-02-20T14:00:00.000Z,65688.29973704822,66173.9960315332,65272.95639429686,65758.21064612301,369.47487735630705,2026-02-20T15:00:00.000Z
2026-02-20T15:00:00.000Z,65758.21064612301,66008.39913338966,65420.55899345356,65670.41344106638,313.8776951534104,2026-02-20T16:00:00.000Z
2026-02-20T16:00:00.000Z,65670.41344106638,65863.4881979696,65172.685371942,65364.8617895819,353.75313910364787,2026-02-20T17:00:00.000Z
2026-02-20T17:00:00.000Z,65364.8617895819,65660.85647632791,64753.08450857055,65047.64271771628,390.51334145037146,2026-02-20T18:00:00.000Z
2026-02-20T18:00:00.000Z,65047.64271771628,65517.03751439107,64680.76379840055,65149.58363230933,611.9191962815446,2026-02-20T19:00:00.000Z
2026-02-20T19:00:00.000Z,65149.58363230933,65310.253027920706,65059.99699109113,65220.56877563253,516.349495116784,2026-02-20T20:00:00.000Z
2026-02-20T20:00:00.000Z,65220.56877563253,65516.20991453934,64956.98777441649,65252.499867695915,344.7627047285264,2026-02-20T21:00:00.000Z
2026-02-20T21:00:00.000Z,65252.499867695915,65424.83431025443,64859.37727740983,65031.12706560994,595.4207942334101,2026-02-20T22:00:00.000Z
2026-02-20T22:00:00.000Z,65031.12706560994,65103.22074877186,64943.401586900756,65015.47792137911,228.56080919902809,2026-02-20T23:00:00.000Z
2026-02-20T23:00:00.000Z,65015.47792137911,65464.173758637226,64342.66055413106,64789.798897050736,531.7420081383278,2026-02-21T00:00:00.000Z
2026-02-21T00:00:00.000Z,64789.798897050736,65279.51335834873,64431.74831698435,64920.73915763442,122.82430120875328,2026-02-21T01:00:00.000Z
2026-02-21T01:00:00.000Z,64920.73915763442,65094.20320700941,64606.309264767115,64779.39565336803,322.55749647624674,2026-02-21T02:00:00.000Z
2026-02-21T02:00:00.000Z,64779.39565336803,64866.164039620926,64470.315403523025,64556.78561605097,603.879016872439,2026-02-21T03:00:00.000Z
2026-02-21T03:00:00.000Z,64556.78561605097,64722.64324998891,64334.25985154178,64499.971520165185,411.2314978201089,2026-02-21T04:00:00.000Z
2026-02-21T04:00:00.000Z,64499.971520165185,64850.450315604176,63824.23271314856,64172.934460442346,557.6990395121737,2026-02-21T05:00:00.000Z
2026-02-21T05:00:00.000Z,64172.934460442346,64600.378908066734,63882.06285694327,64308.89106477992,376.45863074644404,2026-02-21T06:00:00.000Z
2026-02-21T06:00:00.000Z,64308.89106477992,64475.00146981442,63791.161778146496,63956.36159660774,262.19748163698125,2026-02-21T07:00:00.000Z
2026-02-21T07:00:00.000Z,63956.36159660774,64028.36315872086,63737.346790648764,63809.18265988803,318.66376605753965,2026-02-21T08:00:00.000Z
2026-02-21T08:00:00.000Z,63809.18265988803,64105.50054194492,63204.229554330894,63499.107505500164,655.7215903679474,2026-02-21T09:00:00.000Z
2026-02-21T09:00:00.000Z,63499.107505500164,63704.238259577716,63299.807952111085,63504.92046153,478.2261310043866,2026-02-21T10:00:00.000Z
2026-02-21T10:00:00.000Z,63504.92046153,63818.586602071286,63229.45470005848,63542.95585419671,384.7755487471705,2026-02-21T11:00:00.000Z
2026-02-21T11:00:00.000Z,63542.95585419671,63759.93511300486,62962.24963382289,63177.98262355202,663.2112807422928,2026-02-21T12:00:00.000Z
2026-02-21T12:00:00.000Z,63177.98262355202,63346.84984572067,62900.82856610475,63069.405574755016,110.90505021200751,2026-02-21T13:00:00.000Z
2026-02-21T13:00:00.000Z,63069.405574755016,63242.21216542893,62778.3190455341,62950.80066549012,622.5826434430585,2026-02-21T14:00:00.000Z
2026-02-21T14:00:00.000Z,62950.80066549012,63221.27267070881,62529.90899204769,62799.73192107042,231.41191859329675,2026-02-21T15:00:00.000Z
2026-02-21T15:00:00.000Z,62799.73192107042,63130.189905150786,62126.74396002972,62455.389985069436,598.4830177847682,2026-02-21T16:00:00.000Z
2026-02-21T16:00:00.000Z,62455.389985069436,62749.5697625882,61972.60135430939,62265.88853481629,697.7145123284843,2026-02-21T17:00:00.000Z
2026-02-21T17:00:00.000Z,62265.88853481629,62685.6076334441,62016.263228978096,62435.303140753924,562.9745048764044,2026-02-21T18:00:00.000Z
2026-02-21T18:00:00.000Z,62435.303140753924,62843.896070849725,62032.21207016745,62440.76970734294,434.83630061840466,2026-02-21T19:00:00.000Z
2026-02-21T19:00:00.000Z,62440.76970734294,62872.499370041056,61811.27239170537,62241.625123523176,541.5042707889827,2026-02-21T20:00:00.000Z
2026-02-21T20:00:00.000Z,62241.625123523176,62568.81770558952,61687.881326506205,62013.87667758863,125.55444297639394,2026-02-21T21:00:00.000Z
2026-02-21T21:00:00.000Z,62013.87667758863,62307.5927957956,61801.284934772055,62094.72389805143,461.1199691710621,2026-02-21T22:00:00.000Z
2026-02-21T22:00:00.000Z,62094.72389805143,62163.31875327494,61967.22153428583,62035.75124354454,237.1816619938154,2026-02-21T23:00:00.000Z
2026-02-21T23:00:00.000Z,62035.75124354454,62183.5489046341,61893.10819539734,62040.89403132303,548.5258944558566,2026-02-22T00:00:00.000Z
2026-02-22T00:00:00.000Z,62040.89403132303,62458.3078528283,61780.715732897675,62197.472916092935,681.1859982931921,2026-02-22T01:00:00.000Z
2026-02-22T01:00:00.000Z,62197.472916092935,62797.7389765211,61772.55034193035,62371.62661386571,657.0260771350125,2026-02-22T02:00:00.000Z
2026-02-22T02:00:00.000Z,62371.62661386571,62582.57111534598,61910.00854880262,62120.1023805652,426.0316980658247,2026-02-22T03:00:00.000Z
2026-02-22T03:00:00.000Z,62120.1023805652,62496.07396906682,61751.70741205625,62127.63433331827,566.8243532380202,2026-02-22T04:00:00.000Z
2026-02-22T04:00:00.000Z,62127.63433331827,62202.295427794474,61969.47966626557,62044.040302678535,159.85135597169926,2026-02-22T05:00:00.000Z
2026-02-22T05:00:00.000Z,62044.040302678535,62280.486039939664,61728.90783070119,61965.05255086024,636.6268236826298,2026-02-22T06:00:00.000Z
2026-02-22T06:00:00.000Z,61965.05255086024,62250.619099552445,61754.47672872177,62039.78929954017,122.37751475646044,2026-02-22T07:00:00.000Z
2026-02-22T07:00:00.000Z,62039.78929954017,62469.12271326939,61696.81328096615,62125.67190786259,453.1291234088731,2026-02-22T08:00:00.000Z
2026-02-22T08:00:00.000Z,62125.67190786259,62259.82436269929,62023.74034614556,62157.84002173684,577.8340375413345,2026-02-22T09:00:00.000Z
2026-02-22T09:00:00.000Z,62157.84002173684,62444.35677266587,62011.66727039849,62297.854757326044,198.33122338090612,2026-02-22T10:00:00.000Z
2026-02-22T10:00:00.000Z,62297.854757326044,62490.352689790125,61962.24927456208,62154.30363969218,297.2066641772197,2026-02-22T11:00:00.000Z
2026-02-22T11:00:00.000Z,62154.30363969218,62569.44436176106,61411.95562357308,61824.89616886762,323.25201929698324,2026-02-22T12:00:00.000Z
2026-02-22T12:00:00.000Z,61824.89616886762,62220.98858924077,61419.61007210942,61815.643211733,109.64730512800035,2026-02-22T13:00:00.000Z
2026-02-22T13:00:00.000Z,61815.643211733,62197.79424150933,61190.32085255108,61570.95921927271,670.2030472318656,2026-02-22T14:00:00.000Z
2026-02-22T14:00:00.000Z,61570.95921927271,61846.41537476573,61108.17798682113,61382.79232125148,515.6091688273518,2026-02-22T15:00:00.000Z
2026-02-22T15:00:00.000Z,61382.79232125148,61847.75526817662,61044.456988829,61508.725803976646,437.1716041756661,2026-02-22T16:00:00.000Z
2026-02-22T16:00:00.000Z,61508.725803976646,61754.87252085308,61296.36647353657,61542.39694056507,629.1718039331827,2026-02-22T17:00:00.000Z
2026-02-22T17:00:00.000Z,61542.39694056507,61823.30419524893,61431.74066723252,61712.342351662424,381.7204978697563,2026-02-22T18:00:00.000Z
2026-02-22T18:00:00.000Z,61712.342351662424,62011.130915325135,61293.6759462634,61591.88128153534,133.95641214864162,2026-02-22T19:00:00.000Z
2026-02-22T19:00:00.000Z,61591.88128153534,62008.75617692407,60899.197570907396,61314.192976978644,151.81140231518606,2026-02-22T20:00:00.000Z
2026-02-22T20:00:00.000Z,61314.192976978644,61725.011165596545,60709.61995368403,61119.131186644794,248.96902653806333,2026-02-22T21:00:00.000Z
2026-02-22T21:00:00.000Z,61119.131186644794,61326.14629359635,61018.512567694714,61225.35280513573,286.7273813983087,2026-02-22T22:00:00.000Z
2026-02-22T22:00:00.000Z,61225.35280513573,61504.29871328679,60873.709984654546,61152.3231659516,157.06450951148966,2026-02-22T23:00:00.000Z
2026-02-22T23:00:00.000Z,61152.3231659516,61295.004322612716,60896.767092785,61039.184272751365,424.5278885236605,2026-02-23T00:00:00.000Z
2026-02-23T00:00:00.000Z,61039.184272751365,61172.35056523719,60845.34540054361,60978.37903713163,103.4536508859385,2026-02-23T01:00:00.000Z
2026-02-23T01:00:00.000Z,60978.37903713163,61462.9110997989,60738.145840822704,61221.71922939759,362.18462850068914,2026-02-23T02:00:00.000Z
2026-02-23T02:00:00.000Z,61221.71922939759,61295.00447662109,61109.05290105262,61182.29095079161,676.1210709699062,2026-02-23T03:00:00.000Z
2026-02-23T03:00:00.000Z,61182.29095079161,61351.38101495679,60909.72473357809,61078.52802719027,366.1564810509591,2026-02-23T04:00:00.000Z
2026-02-23T04:00:00.000Z,61078.52802719027,61522.494336647374,60737.811568260084,61181.20511060241,506.7618694187896,2026-02-23T05:00:00.000Z
2026-02-23T05:00:00.000Z,61181.20511060241,61332.79871956888,60907.74063520153,61059.03152481561,406.0153662720766,2026-02-23T06:00:00.000Z
2026-02-23T06:00:00.000Z,61059.03152481561,61233.37402408297,60720.759752190956,60894.632842158906,120.50694526196781,2026-02-23T07:00:00.000Z
2026-02-23T07:00:00.000Z,60894.632842158906,61192.99471571489,60669.868482818005,60967.95970419335,126.33906874169551,2026-02-23T08:00:00.000Z
2026-02-23T08:00:00.000Z,60967.95970419335,61305.604981928715,60906.2366202231,61243.602840818436,516.4642565029042,2026-02-23T09:00:00.000Z
2026-02-23T09:00:00.000Z,61243.602840818436,61709.01997231358,61087.27382282683,61551.903991864616,116.32809071630616,2026-02-23T10:00:00.000Z
2026-02-23T10:00:00.000Z,61551.903991864616,61958.48383336979,61188.26570129098,61594.59334130362,492.7648167092189,2026-02-23T11:00:00.000Z
2026-02-23T11:00:00.000Z,61594.59334130362,62291.16454818803,61287.620684949725,61982.25985505865,205.0457117636901,2026-02-23T12:00:00.000Z
2026-02-23T12:00:00.000Z,61982.25985505865,62275.094403122755,61804.47577480195,62096.981266766554,361.6886858184304,2026-02-23T13:00:00.000Z
2026-02-23T13:00:00.000Z,62096.981266766554,62233.42326275191,61980.83266146535,62117.23677076939,246.55008136599793,2026-02-23T14:00:00.000Z
2026-02-23T14:00:00.000Z,62117.23677076939,62505.36422957376,61624.768163657885,62012.23956788455,326.6924985808751,2026-02-23T15:00:00.000Z
2026-02-23T15:00:00.000Z,62012.23956788455,62187.774416203145,61689.23672481152,61864.35295813101,670.809389357832,2026-02-23T16:00:00.000Z
2026-02-23T16:00:00.000Z,61864.35295813101,62180.23394976946,61560.975406468824,61876.79538151593,410.5714791037941,2026-02-23T17:00:00.000Z
2026-02-23T17:00:00.000Z,61876.79538151593,62177.14931645265,61757.90374183882,62057.909679183125,139.48943663364716,2026-02-23T18:00:00.000Z
2026-02-23T18:00:00.000Z,62057.909679183125,62148.48890923964,61892.05012188971,61982.519312768636,336.3164338452352,2026-02-23T19:00:00.000Z
2026-02-23T19:00:00.000Z,61982.519312768636,62528.451382452,61614.82360493418,62159.70456765328,130.0706277741448,2026-02-23T20:00:00.000Z
2026-02-23T20:00:00.000Z,62159.70456765328,62404.45637832056,61930.902233602144,62175.59555148513,452.87191185768313,2026-02-23T21:00:00.000Z
2026-02-23T21:00:00.000Z,62175.59555148513,62720.277799014206,61760.81897877833,62304.64036178864,435.51916225604674,2026-02-23T22:00:00.000Z
2026-02-23T22:00:00.000Z,62304.64036178864,62765.25833307103,61929.22486996646,62389.332530109285,227.67308658346212,2026-02-23T23:00:00.000Z
2026-02-23T23:00:00.000Z,62389.332530109285,62548.85506698583,62250.040845296106,62409.51831498135,564.7901270840271,2026-02-24T00:00:00.000Z
2026-02-24T00:00:00.000Z,62409.51831498135,62786.09169990228,62171.86149621153,62547.907890583956,542.5758568768276,2026-02-24T01:00:00.000Z
2026-02-24T01:00:00.000Z,62547.907890583956,62968.649071253014,62120.10933621175,62540.80272252769,369.22203529124243,2026-02-24T02:00:00.000Z
2026-02-24T02:00:00.000Z,62540.80272252769,62795.656467825254,62318.66999119385,62573.40792915782,118.54310474290656,2026-02-24T03:00:00.000Z
2026-02-24T03:00:00.000Z,62573.40792915782,63037.19455206548,62179.51732770072,62642.86671752755,564.7239933091794,2026-02-24T04:00:00.000Z
2026-02-24T04:00:00.000Z,62642.86671752755,63007.41639678272,62501.11545580008,62865.16211444588,367.9913316238631,2026-02-24T05:00:00.000Z
2026-02-24T05:00:00.000Z,62865.16211444588,63594.688364984715,62468.927832922316,63196.36652752018,322.8286963062494,2026-02-24T06:00:00.000Z
2026-02-24T06:00:00.000Z,63196.36652752018,63847.24555490724,62833.96494521587,63483.199121929036,227.8305020778582,2026-02-24T07:00:00.000Z
2026-02-24T07:00:00.000Z,63483.199121929036,63868.37428606653,63353.54229825566,63738.19666049043,628.2632559203837,2026-02-24T08:00:00.000Z
2026-02-24T08:00:00.000Z,63738.19666049043,64290.21809250599,63321.56485091925,63872.7070408771,682.4283461004627,2026-02-24T09:00:00.000Z
2026-02-24T09:00:00.000Z,63872.7070408771,64404.05818683907,63623.99540785433,64154.25026280663,217.18516569453533,2026-02-24T10:00:00.000Z
2026-02-24T10:00:00.000Z,64154.25026280663,64401.82589446322,64052.45663509751,64299.8013207117,368.7548349931626,2026-02-24T11:00:00.000Z
2026-02-24T11:00:00.000Z,64299.8013207117,64450.67920565114,64132.09783742982,64282.93614866241,520.7582169309064,2026-02-24T12:00:00.000Z
2026-02-24T12:00:00.000Z,64282.93614866241,64666.2898799313,63807.01299038585,64189.81136849119,518.285088622144,2026-02-24T13:00:00.000Z
2026-02-24T13:00:00.000Z,64189.81136849119,64813.33816011628,63893.557933864286,64515.5812090883,687.5334294454816,2026-02-24T14:00:00.000Z
2026-02-24T14:00:00.000Z,64515.5812090883,64981.4918386762,64335.94638278956,64801.06212973622,279.6510571519151,2026-02-24T15:00:00.000Z
2026-02-24T15:00:00.000Z,64801.06212973622,64946.94607033104,64670.0988985457,64815.952745141374,102.08215471454065,2026-02-24T16:00:00.000Z
2026-02-24T16:00:00.000Z,64815.952745141374,65265.61931526044,64380.74836759239,64830.31847950606,199.5466806458061,2026-02-24T17:00:00.000Z
2026-02-24T17:00:00.000Z,64830.31847950606,64995.25362452132,64763.836570380874,64928.6708574333,316.8249561529723,2026-02-24T18:00:00.000Z
2026-02-24T18:00:00.000Z,64928.6708574333,65367.4849332551,64682.7697963513,65120.85601906069,429.8422679909702,2026-02-24T19:00:00.000Z
2026-02-24T19:00:00.000Z,65120.85601906069,65642.37604209446,64677.07429674655,65198.068139232826,134.03332197760852,2026-02-24T20:00:00.000Z
2026-02-24T20:00:00.000Z,65198.068139232826,65476.527632394835,64937.326630202406,65215.71554747182,291.3989717100742,2026-02-24T21:00:00.000Z
2026-02-24T21:00:00.000Z,65215.71554747182,65467.60573366453,65025.18968046672,65276.90111475651,317.4768583930455,2026-02-24T22:00:00.000Z
2026-02-24T22:00:00.000Z,65276.90111475651,66035.02115975121,64868.06321472756,65624.00927521958,647.286011440347,2026-02-24T23:00:00.000Z
2026-02-24T23:00:00.000Z,65624.00927521958,65978.5354858113,65324.876105454045,65679.150964316,315.55782026404415,2026-02-25T00:00:00.000Z
2026-02-25T00:00:00.000Z,65679.150964316,66108.02472855832,65152.75385532492,65580.9866229959,687.1720934226979,2026-02-25T01:00:00.000Z
2026-02-25T01:00:00.000Z,65580.9866229959,65927.70742154791,65452.82310971311,65799.11761954468,155.90356814484278,2026-02-25T02:00:00.000Z
2026-02-25T02:00:00.000Z,65799.11761954468,66339.78711490595,65646.65913434025,66186.43121274738,231.18961347788087,2026-02-25T03:00:00.000Z
2026-02-25T03:00:00.000Z,66186.43121274738,66557.35410910382,66031.96653780388,66402.38544414991,186.72520438522344,2026-02-25T04:00:00.000Z
2026-02-25T04:00:00.000Z,66402.38544414991,66670.18087259687,66039.26965054251,66306.67910308758,526.6227155116492,2026-02-25T05:00:00.000Z
2026-02-25T05:00:00.000Z,66306.67910308758,66501.09644211801,66073.90755579884,66268.2121060226,168.4358860684726,2026-02-25T06:00:00.000Z
2026-02-25T06:00:00.000Z,66268.2121060226,66439.00346246995,65815.72443503662,65985.7879068688,224.8267241403585,2026-02-25T07:00:00.000Z
2026-02-25T07:00:00.000Z,65985.7879068688,66248.35842050251,65798.78281359516,66061.13977845992,338.70357360630464,2026-02-25T08:00:00.000Z
2026-02-25T08:00:00.000Z,66061.13977845992,66258.06283385126,65868.48519616576,66065.39583957511,637.6310743101086,2026-02-25T09:00:00.000Z
2026-02-25T09:00:00.000Z,66065.39583957511,66664.60647976115,65744.39370911552,66342.25911101382,276.36612531559825,2026-02-25T10:00:00.000Z
2026-02-25T10:00:00.000Z,66342.25911101382,66517.19623457789,66066.95768857302,66241.6294630006,218.08268172577147,2026-02-25T11:00:00.000Z
2026-02-25T11:00:00.000Z,66241.6294630006,66650.69083351287,65961.37765628482,66369.89636155241,622.3588642302709,2026-02-25T12:00:00.000Z
2026-02-25T12:00:00.000Z,66369.89636155241,66463.34714402644,66076.68956265398,66169.85868614832,675.4461645965679,2026-02-25T13:00:00.000Z
2026-02-25T13:00:00.000Z,66169.85868614832,66520.8967428758,65658.11156546357,66008.29249657,290.19098076512614,2026-02-25T14:00:00.000Z
2026-02-25T14:00:00.000Z,66008.29249657,66423.73124802415,65645.7860266378,66060.93567061066,322.473577141051,2026-02-25T15:00:00.000Z
2026-02-25T15:00:00.000Z,66060.93567061066,66550.37683504123,65797.45883940012,66286.00234994674,688.4975100813888,2026-02-25T16:00:00.000Z
2026-02-25T16:00:00.000Z,66286.00234994674,66872.44730551084,65890.85803381687,66476.16936519896,193.88370648672978,2026-02-25T17:00:00.000Z
2026-02-25T17:00:00.000Z,66476.16936519896,67004.06611265196,66165.80415829513,66692.69001003355,684.2026321143856,2026-02-25T18:00:00.000Z
2026-02-25T18:00:00.000Z,66692.69001003355,66881.73208470356,66510.64133873922,66699.66437573048,147.19985548742108,2026-02-25T19:00:00.000Z
2026-02-25T19:00:00.000Z,66699.66437573048,66854.12298168424,66347.16755253324,66501.16649040712,452.25327850890034,2026-02-25T20:00:00.000Z
2026-02-25T20:00:00.000Z,66501.16649040712,66672.65169785528,66164.90966937084,66335.96888510924,186.9564496385662,2026-02-25T21:00:00.000Z
2026-02-25T21:00:00.000Z,66335.96888510924,66967.2817264167,65895.62412280115,66525.67765839431,253.84028691511614,2026-02-25T22:00:00.000Z
2026-02-25T22:00:00.000Z,66525.67765839431,66959.81017732409,65999.44687223126,66432.97442947254,493.1541586262892,2026-02-25T23:00:00.000Z
2026-02-25T23:00:00.000Z,66432.97442947254,67056.85948468327,66065.36986784497,66687.84460775724,695.2017188981183,2026-02-26T00:00:00.000Z
2026-02-26T00:00:00.000Z,66687.84460775724,66924.06611239017,66520.47546697923,66756.52460269231,119.75720833044369,2026-02-26T01:00:00.000Z
2026-02-26T01:00:00.000Z,66756.52460269231,66918.53398022855,66567.28404682451,66729.2271770694,639.6706643233405,2026-02-26T02:00:00.000Z
2026-02-26T02:00:00.000Z,66729.2271770694,66984.62062784148,66233.15852890517,66487.62730201491,560.2269245592072,2026-02-26T03:00:00.000Z
2026-02-26T03:00:00.000Z,66487.62730201491,67042.03030059586,66081.14438829641,66634.64854859549,232.5629461242645,2026-02-26T04:00:00.000Z
2026-02-26T04:00:00.000Z,66634.64854859549,66844.29794075436,66324.21150524932,66533.5427932294,105.6328250121478,2026-02-26T05:00:00.000Z
2026-02-26T05:00:00.000Z,66533.5427932294,66949.74979055286,66302.0859838182,66717.65250051128,417.1578710512993,2026-02-26T06:00:00.000Z
2026-02-26T06:00:00.000Z,66717.65250051128,66916.15464231775,66305.6400971051,66503.50509541234,113.91543755955782,2026-02-26T07:00:00.000Z
2026-02-26T07:00:00.000Z,66503.50509541234,67086.61385855991,66111.4136990712,66693.40286287284,671.843433180751,2026-02-26T08:00:00.000Z
2026-02-26T08:00:00.000Z,66693.40286287284,66877.97519128441,66395.11276727864,66579.36951123469,695.3162567668204,2026-02-26T09:00:00.000Z
2026-02-26T09:00:00.000Z,66579.36951123469,67149.62828131819,66203.89146809535,66773.0579216571,200.76794070227442,2026-02-26T10:00:00.000Z
2026-02-26T10:00:00.000Z,66773.0579216571,67188.5326448737,66478.52717146918,66893.47076303467,436.6052493157821,2026-02-26T11:00:00.000Z
2026-02-26T11:00:00.000Z,66893.47076303467,67209.78906991186,66816.42110512184,67132.46413315342,274.43702555002506,2026-02-26T12:00:00.000Z
2026-02-26T12:00:00.000Z,67132.46413315342,67352.0293770175,66788.97909661046,67008.13771514593,342.651031186176,2026-02-26T13:00:00.000Z
2026-02-26T13:00:00.000Z,67008.13771514593,67111.61291072347,66653.45450149305,66756.54117708076,367.7737837972929,2026-02-26T14:00:00.000Z
2026-02-26T14:00:00.000Z,66756.54117708076,67047.34387465664,66653.8612929961,66944.37507861076,326.1634918051602,2026-02-26T15:00:00.000Z
2026-02-26T15:00:00.000Z,66944.37507861076,67053.07405404432,66678.603404315,66787.04692274671,187.57807029764078,2026-02-26T16:00:00.000Z
2026-02-26T16:00:00.000Z,66787.04692274671,66863.36153177677,66548.78292989563,66624.91227482379,461.6659451097557,2026-02-26T17:00:00.000Z
2026-02-26T17:00:00.000Z,66624.91227482379,66991.56072369071,66491.86327405661,66858.04615787997,533.9590902598384,2026-02-26T18:00:00.000Z
2026-02-26T18:00:00.000Z,66858.04615787997,67376.11874148705,66606.01717520197,67123.09064358007,189.14041039028226,2026-02-26T19:00:00.000Z
2026-02-26T19:00:00.000Z,67123.09064358007,67570.78405070023,66907.65427601688,67354.60462243814,327.0414366512752,2026-02-26T20:00:00.000Z
2026-02-26T20:00:00.000Z,67354.60462243814,67792.82518209748,67050.5748973495,67488.19245928449,656.2166289222504,2026-02-26T21:00:00.000Z
2026-02-26T21:00:00.000Z,67488.19245928449,67793.74746933968,67162.03129088607,67467.49258156437,224.503546731781,2026-02-26T22:00:00.000Z
2026-02-26T22:00:00.000Z,67467.49258156437,67915.77559653284,66996.87235698714,67445.00596118617,693.0833565970339,2026-02-26T23:00:00.000Z
2026-02-26T23:00:00.000Z,67445.00596118617,67534.37259099739,67152.50628605674,67241.60340145398,377.26218843705124,2026-02-27T00:00:00.000Z
2026-02-27T00:00:00.000Z,67241.60340145398,67656.51164085096,66818.94477895547,67233.80489839382,207.52093023970767,2026-02-27T01:00:00.000Z
2026-02-27T01:00:00.000Z,67233.80489839382,67684.16625885923,66936.51513111542,67386.20262987993,602.4895496212364,2026-02-27T02:00:00.000Z
2026-02-27T02:00:00.000Z,67386.20262987993,67486.71358496,67274.11329218272,67374.60695154559,674.6362059259025,2026-02-27T03:00:00.000Z
2026-02-27T03:00:00.000Z,67374.60695154559,67680.03933588372,67026.31060821557,67331.54779049134,394.10863923565887,2026-02-27T04:00:00.000Z
2026-02-27T04:00:00.000Z,67331.54779049134,67601.64419304654,66991.64287714925,67261.4581192577,425.6725276474247,2026-02-27T05:00:00.000Z
2026-02-27T05:00:00.000Z,67261.4581192577,67447.78594187423,67100.25548409601,67286.52323423272,261.1882644524743,2026-02-27T06:00:00.000Z
2026-02-27T06:00:00.000Z,67286.52323423272,67580.62625577794,66729.48382627875,67022.43253237348,380.55075215201396,2026-02-27T07:00:00.000Z
2026-02-27T07:00:00.000Z,67022.43253237348,67402.11872027359,66706.57093862687,67085.95774653391,159.67033117062894,2026-02-27T08:00:00.000Z
2026-02-27T08:00:00.000Z,67085.95774653391,67324.33821766633,66773.34015845944,67011.45589780001,329.95521334463507,2026-02-27T09:00:00.000Z
2026-02-27T09:00:00.000Z,67011.45589780001,67311.91778663675,66614.93670889348,66914.96596202685,420.4026795553056,2026-02-27T10:00:00.000Z
2026-02-27T10:00:00.000Z,66914.96596202685,67174.36327131407,66311.02169397379,66569.07816174041,469.81223326633324,2026-02-27T11:00:00.000Z
2026-02-27T11:00:00.000Z,66569.07816174041,66685.67627301854,66135.13667786305,66251.17797564312,205.9086387538857,2026-02-27T12:00:00.000Z
2026-02-27T12:00:00.000Z,66251.17797564312,66571.40018852033,65984.01684551743,66304.02594635631,505.32326130444335,2026-02-27T13:00:00.000Z
2026-02-27T13:00:00.000Z,66304.02594635631,66858.21681183676,65864.78517819734,66418.2195513523,444.2530902774321,2026-02-27T14:00:00.000Z
2026-02-27T14:00:00.000Z,66418.2195513523,66879.91723309572,65668.61369379502,66128.29600945242,569.150690673455,2026-02-27T15:00:00.000Z
2026-02-27T15:00:00.000Z,66128.29600945242,66366.54725113063,65952.06001720714,66190.14642371213,169.28215262912315,2026-02-27T16:00:00.000Z
2026-02-27T16:00:00.000Z,66190.14642371213,66669.09659830671,65782.96611252036,66261.47748158404,521.2438057275693,2026-02-27T17:00:00.000Z
2026-02-27T17:00:00.000Z,66261.47748158404,66493.3610369114,66120.60374963799,66352.29422605732,214.63813610125248,2026-02-27T18:00:00.000Z
2026-02-27T18:00:00.000Z,66352.29422605732,66710.6610951289,65766.4631517962,66123.59482183805,613.2812440922862,2026-02-27T19:00:00.000Z
2026-02-27T19:00:00.000Z,66123.59482183805,66507.06388124728,65904.06559338933,66286.99217631559,495.8790413084808,2026-02-27T20:00:00.000Z
2026-02-27T20:00:00.000Z,66286.99217631559,66729.4541368468,65580.74093334674,66021.430283113,378.3763853266725,2026-02-27T21:00:00.000Z
2026-02-27T21:00:00.000Z,66021.430283113,66522.81617575184,65585.1132896786,66086.07198356891,671.8013012650429,2026-02-27T22:00:00.000Z
2026-02-27T22:00:00.000Z,66086.07198356891,66517.85657138623,65318.151000111444,65747.72493999093,539.2168234285045,2026-02-27T23:00:00.000Z
2026-02-27T23:00:00.000Z,65747.72493999093,66052.10788353966,65159.75547632278,65462.81943314023,699.091022274965,2026-02-28T00:00:00.000Z
2026-02-28T00:00:00.000Z,65462.81943314023,65718.63849206925,65125.03265552265,65380.53014001126,328.1165266540444,2026-02-28T01:00:00.000Z
2026-02-28T01:00:00.000Z,65380.53014001126,65766.51937335108,65140.180633280615,65525.63643219164,327.6916099841202,2026-02-28T02:00:00.000Z
2026-02-28T02:00:00.000Z,65525.63643219164,65607.85487636467,65058.005017746684,65139.73925654423,462.2201266522613,2026-02-28T03:00:00.000Z
2026-02-28T03:00:00.000Z,65139.73925654423,65380.04564816844,64731.239085410525,64970.92269747467,454.3610460843709,2026-02-28T04:00:00.000Z
2026-02-28T04:00:00.000Z,64970.92269747467,65249.377130695786,64440.11273060008,64717.48095519476,197.16088813597378,2026-02-28T05:00:00.000Z
2026-02-28T05:00:00.000Z,64717.48095519476,65085.898378232414,64326.2689236983,64694.555840859925,126.5826842871414,2026-02-28T06:00:00.000Z
2026-02-28T06:00:00.000Z,64694.555840859925,64864.76634603279,64493.872665894945,64664.00278639297,499.06593896405116,2026-02-28T07:00:00.000Z
2026-02-28T07:00:00.000Z,64664.00278639297,64777.99841061293,64448.00474879289,64561.82023625848,691.831168994229,2026-02-28T08:00:00.000Z
2026-02-28T08:00:00.000Z,64561.82023625848,64644.20492032774,64189.72836667517,64271.74289497699,272.16086106941145,2026-02-28T09:00:00.000Z
2026-02-28T09:00:00.000Z,64271.74289497699,64399.40997313674,64048.82081442264,64176.298304881864,682.0233317008351,2026-02-28T10:00:00.000Z
2026-02-28T10:00:00.000Z,64176.298304881864,64590.8791035593,63627.451819809976,64041.15961854831,372.06323364379966,2026-02-28T11:00:00.000Z
2026-02-28T11:00:00.000Z,64041.15961854831,64302.52443901269,63934.033175956676,64195.14042120359,432.7275797411462,2026-02-28T12:00:00.000Z
2026-02-28T12:00:00.000Z,64195.14042120359,64603.773068682334,63543.72055928643,63950.7978499088,456.0842346195524,2026-02-28T13:00:00.000Z
2026-02-28T13:00:00.000Z,63950.7978499088,64039.774179964406,63767.118870044265,63855.96325437665,199.56579473780738,2026-02-28T14:00:00.000Z
2026-02-28T14:00:00.000Z,63855.96325437665,64213.84082629862,63114.115252641495,63469.828752944064,599.6061601208551,2026-02-28T15:00:00.000Z
2026-02-28T15:00:00.000Z,63469.828752944064,63656.072264503375,63354.26769249891,63540.382744689974,691.3553143811204,2026-02-28T16:00:00.000Z
2026-02-28T16:00:00.000Z,63540.382744689974,63877.86418996879,63300.65741843163,63637.77143539722,149.46297856488403,2026-02-28T17:00:00.000Z
2026-02-28T17:00:00.000Z,63637.77143539722,63947.30382552793,63250.02704711673,63559.177156813166,479.1065194546741,2026-02-28T18:00:00.000Z
2026-02-28T18:00:00.000Z,63559.177156813166,63801.008647272174,63162.35038592428,63403.58989421338,567.9028580281431,2026-02-28T19:00:00.000Z
2026-02-28T19:00:00.000Z,63403.58989421338,63710.82151127554,63131.39107081147,63438.472931028744,436.2750576512306,2026-02-28T20:00:00.000Z
2026-02-28T20:00:00.000Z,63438.472931028744,63655.76284932841,63191.05955508445,63408.24593967377,345.84858475525334,2026-02-28T21:00:00.000Z
2026-02-28T21:00:00.000Z,63408.24593967377,63848.957207986234,62939.6751660658,63380.19144504006,100.05848528820019,2026-02-28T22:00:00.000Z
2026-02-28T22:00:00.000Z,63380.19144504006,63599.70695505784,63138.22211185259,63357.65958340147,457.1674718322081,2026-02-28T23:00:00.000Z
2026-02-28T23:00:00.000Z,63357.65958340147,63739.00225986434,63078.566896777724,63459.461133881996,141.75790010101997,2026-03-01T00:00:00.000Z
2026-03-01T00:00:00.000Z,63459.461133881996,63812.57665216589,63123.91749640303,63476.940591576,147.24673631007164,2026-03-01T01:00:00.000Z
2026-03-01T01:00:00.000Z,63476.940591576,63669.672345734056,63160.19583723064,63352.54991039206,622.5495212350737,2026-03-01T02:00:00.000Z
2026-03-01T02:00:00.000Z,63352.54991039206,63748.95202855983,62845.88554419466,63241.5933983357,678.2073791968671,2026-03-01T03:00:00.000Z
2026-03-01T03:00:00.000Z,63241.5933983357,63565.5626532843,62846.6511212027,63170.2549288314,362.9350125151384,2026-03-01T04:00:00.000Z
2026-03-01T04:00:00.000Z,63170.2549288314,63568.87934371216,62529.25693220431,62926.34218000568,151.94519760643374,2026-03-01T05:00:00.000Z
2026-03-01T05:00:00.000Z,62926.34218000568,63258.73898832224,62253.3654101,62583.95361390158,388.07913450900423,2026-03-01T06:00:00.000Z
2026-03-01T06:00:00.000Z,62583.95361390158,62804.333911923124,62306.861075331006,62527.040963725434,540.8125645671098,2026-03-01T07:00:00.000Z
2026-03-01T07:00:00.000Z,62527.040963725434,63049.15404984446,62127.85399849343,62649.18727455933,174.13798359881062,2026-03-01T08:00:00.000Z
2026-03-01T08:00:00.000Z,62649.18727455933,62977.027843224525,62350.08004185286,62677.78408023281,398.68284384658693,2026-03-01T09:00:00.000Z
2026-03-01T09:00:00.000Z,62677.78408023281,63046.07420141366,62268.28039027778,62636.32691214057,271.51187601104004,2026-03-01T10:00:00.000Z
2026-03-01T10:00:00.000Z,62636.32691214057,62750.748230635945,62328.481396421914,62442.54872935871,629.6810112566134,2026-03-01T11:00:00.000Z
2026-03-01T11:00:00.000Z,62442.54872935871,62845.480285163874,61800.07082501013,62201.44658812502,282.2574063121608,2026-03-01T12:00:00.000Z
2026-03-01T12:00:00.000Z,62201.44658812502,62531.19002106208,61680.40870544039,62009.132640200674,357.21846206915495,2026-03-01T13:00:00.000Z
2026-03-01T13:00:00.000Z,62009.132640200674,62145.78935556758,61561.44654749883,61697.4162974186,153.4619817759199,2026-03-01T14:00:00.000Z
2026-03-01T14:00:00.000Z,61697.4162974186,62014.65604306082,61314.71365745889,61631.6150620746,131.4210926328884,2026-03-01T15:00:00.000Z
2026-03-01T15:00:00.000Z,61631.6150620746,61918.403739768124,61058.07108374232,61343.51917285912,354.49611435388033,2026-03-01T16:00:00.000Z
2026-03-01T16:00:00.000Z,61343.51917285912,61672.73870856163,61115.53915960281,61444.38383700279,234.54028066924786,2026-03-01T17:00:00.000Z
2026-03-01T17:00:00.000Z,61444.38383700279,62023.83512040764,61086.42380217129,61664.59220518541,549.395532556528,2026-03-01T18:00:00.000Z
2026-03-01T18:00:00.000Z,61664.59220518541,61833.86718390826,61505.25530449309,61674.50467011476,608.7240485980753,2026-03-01T19:00:00.000Z
2026-03-01T19:00:00.000Z,61674.50467011476,62044.56984499504,61253.962093410184,61623.72256069202,494.52244648454825,2026-03-01T20:00:00.000Z
2026-03-01T20:00:00.000Z,61623.72256069202,61997.662667621094,61211.90327908557,61585.61212735442,488.2908074130727,2026-03-01T21:00:00.000Z
2026-03-01T21:00:00.000Z,61585.61212735442,62044.8894644391,61334.084935722865,61792.51723354437,294.051359870495,2026-03-01T22:00:00.000Z
2026-03-01T22:00:00.000Z,61792.51723354437,62325.46275521532,61484.66278725618,62016.49244944832,359.60794429276507,2026-03-01T23:00:00.000Z
2026-03-01T23:00:00.000Z,62016.49244944832,62268.5751941125,61626.26131598102,61877.78022744114,658.0351982070297,2026-03-02T00:00:00.000Z
2026-03-02T00:00:00.000Z,61877.78022744114,62274.80950813855,61590.484745718546,61987.00689239773,407.20621091649224,2026-03-02T01:00:00.000Z
2026-03-02T01:00:00.000Z,61987.00689239773,62281.69149023579,61724.812596887044,62019.36034522717,269.69955431749094,2026-03-02T02:00:00.000Z
2026-03-02T02:00:00.000Z,62019.36034522717,62393.21045622311,61795.45664074242,62168.767359140555,501.3441089546979,2026-03-02T03:00:00.000Z
2026-03-02T03:00:00.000Z,62168.767359140555,62434.46791327305,61912.84252957451,62178.50300580585,193.4604980486727,2026-03-02T04:00:00.000Z
2026-03-02T04:00:00.000Z,62178.50300580585,62786.584397855986,61955.92707637736,62562.633424307955,681.2950890424173,2026-03-02T05:00:00.000Z
2026-03-02T05:00:00.000Z,62562.633424307955,62637.54216341608,62344.069757545294,62418.80628667855,569.219900886165,2026-03-02T06:00:00.000Z
2026-03-02T06:00:00.000Z,62418.80628667855,63005.06819981569,62020.215544351,62605.286641013336,325.98829158860644,2026-03-02T07:00:00.000Z
2026-03-02T07:00:00.000Z,62605.286641013336,62758.93266330777,62456.551372408394,62610.18575557203,543.3975398742582,2026-03-02T08:00:00.000Z
2026-03-02T08:00:00.000Z,62610.18575557203,62976.87420616172,62245.81418155717,62612.489226670106,544.985538928297,2026-03-02T09:00:00.000Z
2026-03-02T09:00:00.000Z,62612.489226670106,63019.459012725885,62480.89660441787,62887.28884432068,125.94568562970761,2026-03-02T10:00:00.000Z
2026-03-02T10:00:00.000Z,62887.28884432068,63355.62224569827,62693.138564952,63160.628093227206,581.080111992117,2026-03-02T11:00:00.000Z
2026-03-02T11:00:00.000Z,63160.628093227206,63682.942253442096,62956.03745701998,63477.32576647291,342.856938505013,2026-03-02T12:00:00.000Z
2026-03-02T12:00:00.000Z,63477.32576647291,64082.78662920505,63175.43952045569,63779.463472970005,493.71582129677563,2026-03-02T13:00:00.000Z
2026-03-02T13:00:00.000Z,63779.463472970005,64072.6517521726,63679.93804442706,63972.82459095454,668.4679312484656,2026-03-02T14:00:00.000Z
2026-03-02T14:00:00.000Z,63972.82459095454,64562.35817726013,63635.09594229349,64223.307168006104,638.4815586444371,2026-03-02T15:00:00.000Z
2026-03-02T15:00:00.000Z,64223.307168006104,64918.83498167467,63799.43626204112,64493.18290810097,343.54952063576764,2026-03-02T16:00:00.000Z
2026-03-02T16:00:00.000Z,64493.18290810097,64870.73831634261,64074.08761645101,64451.398410263224,338.74332953185933,2026-03-02T17:00:00.000Z
2026-03-02T17:00:00.000Z,64451.398410263224,64726.021232729145,64350.46687094788,64624.81811640662,393.1345397108861,2026-03-02T18:00:00.000Z
2026-03-02T18:00:00.000Z,64624.81811640662,64751.051672378126,64433.03146569367,64559.136724272124,360.69072329471385,2026-03-02T19:00:00.000Z
2026-03-02T19:00:00.000Z,64559.136724272124,64784.0432752698,64381.81575799559,64606.59196633683,484.59026365754676,2026-03-02T20:00:00.000Z
2026-03-02T20:00:00.000Z,64606.59196633683,64987.539025847575,64060.6956644884,64440.664346453406,499.0074402648059,2026-03-02T21:00:00.000Z
2026-03-02T21:00:00.000Z,64440.664346453406,64989.5384063126,64220.50045179014,64768.255285184816,173.23041794506386,2026-03-02T22:00:00.000Z
2026-03-02T22:00:00.000Z,64768.255285184816,65188.5318393888,64351.532454743035,64771.78629024914,524.3783947193895,2026-03-02T23:00:00.000Z
2026-03-02T23:00:00.000Z,64771.78629024914,65316.9815741983,64371.12109099728,64915.427837322655,271.04010729633274,2026-03-03T00:00:00.000Z
2026-03-03T00:00:00.000Z,64915.427837322655,65043.64769663891,64681.44828918569,64809.45884032453,490.32219685163454,2026-03-03T01:00:00.000Z
2026-03-03T01:00:00.000Z,64809.45884032453,65259.91658315297,64520.47834035267,64970.21926454693,114.82511126195318,2026-03-03T02:00:00.000Z
2026-03-03T02:00:00.000Z,64970.21926454693,65421.874641704344,64504.67290351731,64956.23103831249,571.4414592233679,2026-03-03T03:00:00.000Z
2026-03-03T03:00:00.000Z,64956.23103831249,65730.95506236714,64512.551263671085,65285.029449219976,124.02453274653504,2026-03-03T04:00:00.000Z
2026-03-03T04:00:00.000Z,65285.029449219976,66052.3940055889,64913.10968491411,65678.23420826868,514.9559774505701,2026-03-03T05:00:00.000Z
2026-03-03T05:00:00.000Z,65678.23420826868,66094.25915146219,65445.47831672365,65860.8560696467,601.9538959963032,2026-03-03T06:00:00.000Z
2026-03-03T06:00:00.000Z,65860.8560696467,66320.66409190472,65559.16338457436,66018.25042129713,281.03587496142643,2026-03-03T07:00:00.000Z
2026-03-03T07:00:00.000Z,66018.25042129713,66254.37248034525,65673.62856149732,65909.36116527852,421.7774580799869,2026-03-03T08:00:00.000Z
2026-03-03T08:00:00.000Z,65909.36116527852,66235.69784859124,65715.76469146837,66041.71261703999,543.245269471428,2026-03-03T09:00:00.000Z
2026-03-03T09:00:00.000Z,66041.71261703999,66148.70925732625,65779.86317504248,65886.60852540845,164.71734301406767,2026-03-03T10:00:00.000Z
2026-03-03T10:00:00.000Z,65886.60852540845,66527.44307199845,65568.69432392612,66207.97820661237,666.1429354763324,2026-03-03T11:00:00.000Z
2026-03-03T11:00:00.000Z,66207.97820661237,66502.99510649533,66096.57141197022,66391.27987393133,279.1050703167473,2026-03-03T12:00:00.000Z
2026-03-03T12:00:00.000Z,66391.27987393133,66812.78862301962,65810.56422984478,66231.05573879395,124.14018708474012,2026-03-03T13:00:00.000Z
2026-03-03T13:00:00.000Z,66231.05573879395,66666.63656143453,65740.35252890758,66175.56842896322,235.28720463406628,2026-03-03T14:00:00.000Z
2026-03-03T14:00:00.000Z,66175.56842896322,66708.61051769482,65834.41892613593,66366.47684032745,375.43362121816426,2026-03-03T15:00:00.000Z
2026-03-03T15:00:00.000Z,66366.47684032745,66821.88790001042,65944.0060086782,66399.20870625912,276.30860981359547,2026-03-03T16:00:00.000Z
2026-03-03T16:00:00.000Z,66399.20870625912,66876.00397858012,66161.53989302655,66637.48229072528,284.5592132697623,2026-03-03T17:00:00.000Z
2026-03-03T17:00:00.000Z,66637.48229072528,67094.4537022666,66488.46740761712,66944.75170262996,585.0024110102106,2026-03-03T18:00:00.000Z
2026-03-03T18:00:00.000Z,66944.75170262996,67548.39804399265,66599.51120546291,67201.83176034228,530.8942236150123,2026-03-03T19:00:00.000Z
2026-03-03T19:00:00.000Z,67201.83176034228,67476.22507932827,66679.48061521752,66952.85734112201,304.1779282522285,2026-03-03T20:00:00.000Z
2026-03-03T20:00:00.000Z,66952.85734112201,67370.20957150044,66467.4476406301,66884.37297206339,683.467341672381,2026-03-03T21:00:00.000Z
2026-03-03T21:00:00.000Z,66884.37297206339,67350.95494700305,66668.82208015893,67134.59764622764,257.80510090189296,2026-03-03T22:00:00.000Z
2026-03-03T22:00:00.000Z,67134.59764622764,67584.89109560281,66627.97728644947,67077.89038187051,198.22891470893703,2026-03-03T23:00:00.000Z
2026-03-03T23:00:00.000Z,67077.89038187051,67286.94180246047,66915.95982991724,67124.89777149787,123.16741776800129,2026-03-04T00:00:00.000Z
2026-03-04T00:00:00.000Z,67124.89777149787,67821.94588820425,66720.33387316391,67415.62973903549,432.4687826132722,2026-03-04T01:00:00.000Z
2026-03-04T01:00:00.000Z,67415.62973903549,67586.46831920993,66959.10107694704,67129.21384792314,277.647285246126,2026-03-04T02:00:00.000Z
2026-03-04T02:00:00.000Z,67129.21384792314,67286.34553087354,66802.77993190283,66959.5143934447,472.878210792727,2026-03-04T03:00:00.000Z
2026-03-04T03:00:00.000Z,66959.5143934447,67333.10530479802,66865.53669595985,67238.73572010183,262.9277493632062,2026-03-04T04:00:00.000Z
2026-03-04T04:00:00.000Z,67238.73572010183,67663.70513977231,67056.93477543551,67481.24848602008,497.93226057567273,2026-03-04T05:00:00.000Z
2026-03-04T05:00:00.000Z,67481.24848602008,67841.25826823933,67284.71202302151,67644.24707829779,172.17038211979457,2026-03-04T06:00:00.000Z
2026-03-04T06:00:00.000Z,67644.24707829779,67970.05107037236,67400.9211739048,67726.4295440504,115.12252800870804,2026-03-04T07:00:00.000Z
2026-03-04T07:00:00.000Z,67726.4295440504,68052.70479972457,67479.38433520935,67805.37163438965,477.27465367749085,2026-03-04T08:00:00.000Z
2026-03-04T08:00:00.000Z,67805.37163438965,68102.99517105705,67273.67110817121,67570.26266223741,230.83023686466285,2026-03-04T09:00:00.000Z
2026-03-04T09:00:00.000Z,67570.26266223741,68044.78957705513,67276.28160217986,67750.02641056184,699.0524476389645,2026-03-04T10:00:00.000Z
2026-03-04T10:00:00.000Z,67750.02641056184,68163.89503216476,67323.85740598869,67737.6504256756,392.19440561355765,2026-03-04T11:00:00.000Z
2026-03-04T11:00:00.000Z,67737.6504256756,68226.05120127392,67478.82710704446,67966.35401380778,699.0308891046004,2026-03-04T12:00:00.000Z
2026-03-04T12:00:00.000Z,67966.35401380778,68372.92308241251,67790.65187629462,68196.62566181627,234.83487103825195,2026-03-04T13:00:00.000Z
2026-03-04T13:00:00.000Z,68196.62566181627,68808.91746739698,67875.81979309637,68486.74683065957,633.1651320369751,2026-03-04T14:00:00.000Z
2026-03-04T14:00:00.000Z,68486.74683065957,68939.75756913485,68260.5608285491,68712.82491602022,120.85241573902425,2026-03-04T15:00:00.000Z
2026-03-04T15:00:00.000Z,68712.82491602022,68869.58112881704,68330.08833512255,68486.32783470432,221.1540507716844,2026-03-04T16:00:00.000Z
2026-03-04T16:00:00.000Z,68486.32783470432,69023.80412100075,68103.42749037397,68640.04436263356,628.9194133733024,2026-03-04T17:00:00.000Z
2026-03-04T17:00:00.000Z,68640.04436263356,69250.35318386045,68301.26625918689,68910.24150210223,221.30630776346953,2026-03-04T18:00:00.000Z
2026-03-04T18:00:00.000Z,68910.24150210223,69361.8690028954,68778.79060365625,69229.8085089923,247.75433007057492,2026-03-04T19:00:00.000Z
2026-03-04T19:00:00.000Z,69229.8085089923,69790.69453010279,68899.22659296094,69459.01810652393,575.0844916678427,2026-03-04T20:00:00.000Z
2026-03-04T20:00:00.000Z,69459.01810652393,70133.11336997805,69056.21671843772,69728.74778630736,185.992883651514,2026-03-04T21:00:00.000Z
2026-03-04T21:00:00.000Z,69728.74778630736,70298.60461855699,69364.9802645109,69933.7675303824,234.60972753102413,2026-03-04T22:00:00.000Z
2026-03-04T22:00:00.000Z,69933.7675303824,70459.45235762162,69512.66261095987,70037.72148135884,104.72641103189737,2026-03-04T23:00:00.000Z
2026-03-04T23:00:00.000Z,70037.72148135884,70481.13839022409,69542.2572879174,69985.34257990419,305.9362746802793,2026-03-05T00:00:00.000Z
2026-03-05T00:00:00.000Z,69985.34257990419,70332.0802795356,69727.48557628202,70073.89700219457,443.30329547790035,2026-03-05T01:00:00.000Z
2026-03-05T01:00:00.000Z,70073.89700219457,70207.32001392839,69952.92109805314,70086.32265807642,568.3555338850038,2026-03-05T02:00:00.000Z
2026-03-05T02:00:00.000Z,70086.32265807642,70475.08755145564,69660.75811736533,70049.31774657992,548.4553601818417,2026-03-05T03:00:00.000Z
2026-03-05T03:00:00.000Z,70049.31774657992,70672.48230151886,69746.17902991657,70367.96463909028,636.3067299762306,2026-03-05T04:00:00.000Z
2026-03-05T04:00:00.000Z,70367.96463909028,71017.97589899901,69952.50407343658,70601.1386471532,246.32193769622685,2026-03-05T05:00:00.000Z
2026-03-05T05:00:00.000Z,70601.1386471532,71099.17250881788,70258.79078603891,70756.07336281589,584.2839394157212,2026-03-05T06:00:00.000Z
2026-03-05T06:00:00.000Z,70756.07336281589,71310.95296033833,70279.77407261064,70834.12823846198,145.64757367859016,2026-03-05T07:00:00.000Z
2026-03-05T07:00:00.000Z,70834.12823846198,71124.41291509598,70663.34318780927,70953.34043715506,461.83719968508797,2026-03-05T08:00:00.000Z
2026-03-05T08:00:00.000Z,70953.34043715506,71340.74656694586,70684.77640247434,71071.73440169648,383.1235977276804,2026-03-05T09:00:00.000Z
2026-03-05T09:00:00.000Z,71071.73440169648,71729.44020977795,70598.466050152,71254.95180920616,620.8432213966005,2026-03-05T10:00:00.000Z
2026-03-05T10:00:00.000Z,71254.95180920616,71641.75429642005,71002.73290501714,71389.06069125359,120.74890649912362,2026-03-05T11:00:00.000Z
2026-03-05T11:00:00.000Z,71389.06069125359,71838.68160540753,70698.8725020973,71146.96867798941,145.4731211277997,2026-03-05T12:00:00.000Z
2026-03-05T12:00:00.000Z,71146.96867798941,71491.44873505387,70924.00661842554,71268.10704918635,217.56198560705502,2026-03-05T13:00:00.000Z
2026-03-05T13:00:00.000Z,71268.10704918635,71736.54325142414,70493.37495274578,70959.78459068286,427.31275992808526,2026-03-05T14:00:00.000Z
2026-03-05T14:00:00.000Z,70959.78459068286,71287.30877714658,70624.02104327611,70951.50702354375,691.139028030978,2026-03-05T15:00:00.000Z
2026-03-05T15:00:00.000Z,70951.50702354375,71390.04861899115,70641.6841363511,71079.66610146494,487.61560040880715,2026-03-05T16:00:00.000Z
2026-03-05T16:00:00.000Z,71079.66610146494,71431.86392246919,70836.74258649521,71188.56822109035,199.28985047121057,2026-03-05T17:00:00.000Z
2026-03-05T17:00:00.000Z,71188.56822109035,71427.06984357776,70749.40278736153,70987.22987003736,415.2689585998976,2026-03-05T18:00:00.000Z
2026-03-05T18:00:00.000Z,70987.22987003736,71187.75229075445,70545.08740135342,70744.92536818562,386.75773389952155,2026-03-05T19:00:00.000Z
2026-03-05T19:00:00.000Z,70744.92536818562,71017.96051325728,70454.87365037591,70727.84286671496,545.3731650697873,2026-03-05T20:00:00.000Z
2026-03-05T20:00:00.000Z,70727.84286671496,71047.10703490519,70444.21976738572,70763.34158348848,512.7315329447069,2026-03-05T21:00:00.000Z
2026-03-05T21:00:00.000Z,70763.34158348848,71073.78588828575,70268.77103333929,70578.40400252878,562.1306900224326,2026-03-05T22:00:00.000Z
2026-03-05T22:00:00.000Z,70578.40400252878,70885.15782929907,69932.18986976838,70237.46186499439,400.440575881135,2026-03-05T23:00:00.000Z
2026-03-05T23:00:00.000Z,70237.46186499439,70525.1100106708,70109.82143280783,70397.17932872922,285.68572568971933,2026-03-06T00:00:00.000Z
2026-03-06T00:00:00.000Z,70397.17932872922,70608.33507464838,70045.78305890184,70256.51688901892,645.4810029573184,2026-03-06T01:00:00.000Z
2026-03-06T01:00:00.000Z,70256.51688901892,70857.62762873615,69810.29086718011,70410.42408341443,168.80599095896167,2026-03-06T02:00:00.000Z
2026-03-06T02:00:00.000Z,70410.42408341443,70782.7716156739,69900.5414727895,70272.15781924904,152.3964678181319,2026-03-06T03:00:00.000Z
2026-03-06T03:00:00.000Z,70272.15781924904,70486.54157437824,70136.07768871853,70350.31010406467,230.03385911231575,2026-03-06T04:00:00.000Z
2026-03-06T04:00:00.000Z,70350.31010406467,70512.94757549829,70109.5307118284,70271.98711436578,481.07085981456135,2026-03-06T05:00:00.000Z
2026-03-06T05:00:00.000Z,70271.98711436578,70491.77140984118,69952.03775059344,70171.5077845884,596.2707776093254,2026-03-06T06:00:00.000Z
2026-03-06T06:00:00.000Z,70171.5077845884,70435.78618069773,69770.65164559918,70034.4137210483,415.5385871024517,2026-03-06T07:00:00.000Z
2026-03-06T07:00:00.000Z,70034.4137210483,70326.422564076,69851.71269497206,70143.43712514132,296.1100041848189,2026-03-06T08:00:00.000Z
2026-03-06T08:00:00.000Z,70143.43712514132,70258.1200600332,69889.7176013515,70004.17284228741,506.5265776619905,2026-03-06T09:00:00.000Z
2026-03-06T09:00:00.000Z,70004.17284228741,70389.3278153246,69555.19685679466,69939.99875130413,419.66898446887217,2026-03-06T10:00:00.000Z
2026-03-06T10:00:00.000Z,69939.99875130413,70279.50275460619,69520.45357299162,69859.56714373364,284.25131886464135,2026-03-06T11:00:00.000Z
2026-03-06T11:00:00.000Z,69859.56714373364,70331.02698989399,69137.28949664904,69607.04515276238,106.05663499145612,2026-03-06T12:00:00.000Z
2026-03-06T12:00:00.000Z,69607.04515276238,70008.89614670891,69191.90558218931,69593.67941389693,311.0206256671905,2026-03-06T13:00:00.000Z
2026-03-06T13:00:00.000Z,69593.67941389693,69927.3640000778,68863.22549251928,69194.99850172483,543.3722907879261,2026-03-06T14:00:00.000Z
2026-03-06T14:00:00.000Z,69194.99850172483,69568.66521181863,68771.20470631705,69144.59925046218,513.2054798366528,2026-03-06T15:00:00.000Z
2026-03-06T15:00:00.000Z,69144.59925046218,69217.21695757424,69007.60154330565,69080.15156554921,520.9446039148348,2026-03-06T16:00:00.000Z
2026-03-06T16:00:00.000Z,69080.15156554921,69291.57091782115,68672.00576331544,68882.82118725461,571.3628392067565,2026-03-06T17:00:00.000Z
2026-03-06T17:00:00.000Z,68882.82118725461,69071.749889569,68682.11786481221,68871.01418340775,548.3306698726167,2026-03-06T18:00:00.000Z
2026-03-06T18:00:00.000Z,68871.01418340775,69082.1756116658,68543.4719998777,68754.27550242636,296.9404370509742,2026-03-06T19:00:00.000Z
2026-03-06T19:00:00.000Z,68754.27550242636,68956.5112279655,68522.49217874426,68724.64073576195,257.41519041239064,2026-03-06T20:00:00.000Z
2026-03-06T20:00:00.000Z,68724.64073576195,68867.67214007123,68448.45581446987,68591.20951846403,513.9745074389384,2026-03-06T21:00:00.000Z
2026-03-06T21:00:00.000Z,68591.20951846403,68706.7627066906,68130.2625171597,68245.23285071304,615.9323886576725,2026-03-06T22:00:00.000Z
2026-03-06T22:00:00.000Z,68245.23285071304,68418.05763697726,67735.2555402301,67907.22435100301,418.43667315246387,2026-03-06T23:00:00.000Z
2026-03-06T23:00:00.000Z,67907.22435100301,68231.87195816085,67744.60431750784,68068.8648379947,636.7225642952708,2026-03-07T00:00:00.000Z
2026-03-07T00:00:00.000Z,68068.8648379947,68268.45984359371,67756.84067197202,67956.10503751907,434.46826466101606,2026-03-07T01:00:00.000Z
2026-03-07T01:00:00.000Z,67956.10503751907,68256.95922783368,67252.00497653498,67551.06598437819,168.38103964383762,2026-03-07T02:00:00.000Z
2026-03-07T02:00:00.000Z,67551.06598437819,67618.80072435214,67355.36931618775,67422.97561751211,469.8890131758009,2026-03-07T03:00:00.000Z
2026-03-07T03:00:00.000Z,67422.97561751211,67692.12722198617,66870.3409907032,67138.35639911659,131.61131573450348,2026-03-07T04:00:00.000Z
2026-03-07T04:00:00.000Z,67138.35639911659,67261.4354318595,66899.49155555785,67022.35793819826,684.2181076222184,2026-03-07T05:00:00.000Z
2026-03-07T05:00:00.000Z,67022.35793819826,67251.57952182337,66941.33130444842,67170.37394422437,281.1144919046734,2026-03-07T06:00:00.000Z
2026-03-07T06:00:00.000Z,67170.37394422437,67505.07122352655,66620.07785511114,66953.69546650744,410.47619446668597,2026-03-07T07:00:00.000Z
2026-03-07T07:00:00.000Z,66953.69546650744,67551.30217721869,66524.82387772959,67121.35663559237,516.1301801056277,2026-03-07T08:00:00.000Z
2026-03-07T08:00:00.000Z,67121.35663559237,67484.98792902136,66650.93543606032,67013.98504172983,225.89977007633996,2026-03-07T09:00:00.000Z
2026-03-07T09:00:00.000Z,67013.98504172983,67416.97825030723,66601.76918706305,67004.70659908741,605.0562473503203,2026-03-07T10:00:00.000Z
2026-03-07T10:00:00.000Z,67004.70659908741,67091.33519315215,66791.40423680615,66877.86884573006,332.10334844519537,2026-03-07T11:00:00.000Z
2026-03-07T11:00:00.000Z,66877.86884573006,67176.00392051876,66534.11963367094,66832.05045450042,198.14075441013125,2026-03-07T12:00:00.000Z
2026-03-07T12:00:00.000Z,66832.05045450042,66924.98020292942,66384.67216102239,66477.10836363038,607.8745519313377,2026-03-07T13:00:00.000Z
2026-03-07T13:00:00.000Z,66477.10836363038,66754.69552915891,66041.75179087637,66318.67739931557,466.22742682985375,2026-03-07T14:00:00.000Z
2026-03-07T14:00:00.000Z,66318.67739931557,66639.91991394525,65975.35853805386,66296.49359606621,380.06436148661396,2026-03-07T15:00:00.000Z
2026-03-07T15:00:00.000Z,66296.49359606621,66659.10709210388,65573.9344172905,65934.56833678567,110.95246384430325,2026-03-07T16:00:00.000Z
2026-03-07T16:00:00.000Z,65934.56833678567,66171.27326058976,65768.68813220065,66005.2153201622,156.48854172625045,2026-03-07T17:00:00.000Z
2026-03-07T17:00:00.000Z,66005.2153201622,66130.47307850498,65678.92337487303,65803.79890632103,455.7638447525743,2026-03-07T18:00:00.000Z
2026-03-07T18:00:00.000Z,65803.79890632103,65890.44984851581,65634.66437940276,65721.20656337304,358.52530163644127,2026-03-07T19:00:00.000Z
2026-03-07T19:00:00.000Z,65721.20656337304,66177.93906483553,65292.340293361245,65748.89213157985,672.7184714622416,2026-03-07T20:00:00.000Z
2026-03-07T20:00:00.000Z,65748.89213157985,66039.92552956396,65529.81939494847,65820.61381907543,226.65473843303263,2026-03-07T21:00:00.000Z
2026-03-07T21:00:00.000Z,65820.61381907543,66344.5866607004,65375.731786785145,65899.17364196626,664.1563196499629,2026-03-07T22:00:00.000Z
2026-03-07T22:00:00.000Z,65899.17364196626,66177.06318316661,65788.43215587267,66066.04128125995,163.42356468710284,2026-03-07T23:00:00.000Z
2026-03-07T23:00:00.000Z,66066.04128125995,66150.24706168393,65935.51770022116,66019.66437003508,169.44762983799336,2026-03-08T00:00:00.000Z
2026-03-08T00:00:00.000Z,66019.66437003508,66172.13480697508,65669.54174157392,65821.55465005091,126.29690385716823,2026-03-08T01:00:00.000Z
2026-03-08T01:00:00.000Z,65821.55465005091,65930.14879947063,65678.86083605577,65787.39863397281,263.50801175623576,2026-03-08T02:00:00.000Z
2026-03-08T02:00:00.000Z,65787.39863397281,65941.56325668223,65311.5885923346,65464.99770839557,112.34078026020005,2026-03-08T03:00:00.000Z
2026-03-08T03:00:00.000Z,65464.99770839557,65781.93329266486,65152.825056873866,65469.738036684255,290.09056081533924,2026-03-08T04:00:00.000Z
2026-03-08T04:00:00.000Z,65469.738036684255,65906.6680603342,65077.6642650449,65514.32726051229,683.621153786602,2026-03-08T05:00:00.000Z
2026-03-08T05:00:00.000Z,65514.32726051229,65932.00579765314,64818.04548891102,65233.93642878388,296.174020132131,2026-03-08T06:00:00.000Z
2026-03-08T06:00:00.000Z,65233.93642878388,65419.3017275811,64746.884552919415,64931.39015224085,388.1057599038378,2026-03-08T07:00:00.000Z
2026-03-08T07:00:00.000Z,64931.39015224085,65169.79925874145,64486.46208193377,64724.110116663665,639.6829032989605,2026-03-08T08:00:00.000Z
2026-03-08T08:00:00.000Z,64724.110116663665,64976.8039066813,64320.622566946055,64572.72532532795,134.9101766175172,2026-03-08T09:00:00.000Z
2026-03-08T09:00:00.000Z,64572.72532532795,65263.61766075297,64228.76762708001,64917.821747216,536.8572073228924,2026-03-08T10:00:00.000Z
2026-03-08T10:00:00.000Z,64917.821747216,64993.112556504726,64725.02952723572,64800.18390174659,453.06742868994706,2026-03-08T11:00:00.000Z
2026-03-08T11:00:00.000Z,64800.18390174659,65145.557572270576,64285.13815041004,64629.60265264813,437.66493310111804,2026-03-08T12:00:00.000Z
2026-03-08T12:00:00.000Z,64629.60265264813,65139.958359119366,64270.06386742584,64779.585210933394,646.0693128155867,2026-03-08T13:00:00.000Z
2026-03-08T13:00:00.000Z,64779.585210933394,65051.20315734896,64514.73922190939,64786.32959446936,203.2716207687145,2026-03-08T14:00:00.000Z
2026-03-08T14:00:00.000Z,64786.32959446936,65274.08521299447,64597.62243205593,65084.50952339901,679.1829313054601,2026-03-08T15:00:00.000Z
2026-03-08T15:00:00.000Z,65084.50952339901,65841.46846739606,64669.8823120399,65424.67420378652,663.1588720544981,2026-03-08T16:00:00.000Z
2026-03-08T16:00:00.000Z,65424.67420378652,65758.44046733073,64926.26983081665,65259.19188050122,149.82903024639424,2026-03-08T17:00:00.000Z
2026-03-08T17:00:00.000Z,65259.19188050122,65960.61595464821,64850.48743400831,65550.08967709188,666.8308131242314,2026-03-08T18:00:00.000Z
2026-03-08T18:00:00.000Z,65550.08967709188,66139.82005604265,65302.2187355573,65890.6612779273,194.68350657014338,2026-03-08T19:00:00.000Z
2026-03-08T19:00:00.000Z,65890.6612779273,66018.88080934422,65728.61066855327,65856.76423823203,547.9391601159886,2026-03-08T20:00:00.000Z
2026-03-08T20:00:00.000Z,65856.76423823203,66312.48944817012,65533.66125216328,65988.7389746048,561.7674831588602,2026-03-08T21:00:00.000Z
2026-03-08T21:00:00.000Z,65988.7389746048,66654.17784631047,65668.4281063168,66332.19981116203,556.7506361085691,2026-03-08T22:00:00.000Z
2026-03-08T22:00:00.000Z,66332.19981116203,66735.38947402308,65956.9741673661,66360.00653413926,324.3661927172757,2026-03-08T23:00:00.000Z
2026-03-08T23:00:00.000Z,66360.00653413926,67138.80316427727,65925.3521862337,66701.90937182186,291.4194375236609,2026-03-09T00:00:00.000Z
2026-03-09T00:00:00.000Z,66701.90937182186,67363.48546635968,66449.81880252925,67109.853130492,371.3873301033803,2026-03-09T01:00:00.000Z
2026-03-09T01:00:00.000Z,67109.853130492,67208.10030738176,66837.79295044011,66935.78529629538,503.5251310111606,2026-03-09T02:00:00.000Z
2026-03-09T02:00:00.000Z,66935.78529629538,67244.26713534273,66694.72596057948,67002.96585876231,592.5943393691416,2026-03-09T03:00:00.000Z
2026-03-09T03:00:00.000Z,67002.96585876231,67303.9479953965,66755.53141564452,67056.3165342139,236.72448002580762,2026-03-09T04:00:00.000Z
2026-03-09T04:00:00.000Z,67056.3165342139,67703.98670052784,66761.4796110256,67407.6052118427,194.7637750277127,2026-03-09T05:00:00.000Z
2026-03-09T05:00:00.000Z,67407.6052118427,67960.71611130977,66971.38826807444,67523.74757185482,166.4735934075311,2026-03-09T06:00:00.000Z
2026-03-09T06:00:00.000Z,67523.74757185482,67759.88966379195,67128.00489525504,67363.5868778575,695.3026249982895,2026-03-09T07:00:00.000Z
2026-03-09T07:00:00.000Z,67363.5868778575,67521.05970962105,67278.20660503599,67435.58817843623,210.56600329958184,2026-03-09T08:00:00.000Z
2026-03-09T08:00:00.000Z,67435.58817843623,67848.95767655036,66924.58901119162,67337.35636380647,425.3846807989221,2026-03-09T09:00:00.000Z
2026-03-09T09:00:00.000Z,67337.35636380647,67654.37944937526,67182.84337547024,67499.49441739883,351.45256456520997,2026-03-09T10:00:00.000Z
2026-03-09T10:00:00.000Z,67499.49441739883,67879.7150388242,67305.60464885304,67685.29157490519,147.7751138842549,2026-03-09T11:00:00.000Z
2026-03-09T11:00:00.000Z,67685.29157490519,67881.88909080747,67464.74561254552,67661.27336557642,131.86949036636832,2026-03-09T12:00:00.000Z
2026-03-09T12:00:00.000Z,67661.27336557642,68273.75673898289,67304.87235007477,67916.01389559254,569.4603466752267,2026-03-09T13:00:00.000Z
2026-03-09T13:00:00.000Z,67916.01389559254,68379.99779148494,67493.0934311633,67956.82320302425,103.16179245857606,2026-03-09T14:00:00.000Z
2026-03-09T14:00:00.000Z,67956.82320302425,68537.27869712276,67540.91209158795,68120.36666276361,463.71928284117917,2026-03-09T15:00:00.000Z
2026-03-09T15:00:00.000Z,68120.36666276361,68366.88522587232,67925.09042321252,68171.46251315893,553.7470534694135,2026-03-09T16:00:00.000Z
2026-03-09T16:00:00.000Z,68171.46251315893,68588.52793903151,67700.27718463684,68117.00947286499,135.67863900013205,2026-03-09T17:00:00.000Z
2026-03-09T17:00:00.000Z,68117.00947286499,68554.66003983998,67752.21331701541,68189.47579537517,278.1049117343989,2026-03-09T18:00:00.000Z
2026-03-09T18:00:00.000Z,68189.47579537517,68319.23855752448,67885.61968650058,68015.05052198526,327.48089759958947,2026-03-09T19:00:00.000Z
2026-03-09T19:00:00.000Z,68015.05052198526,68213.78202876524,67705.98283550401,67904.39100896892,396.07942304391383,2026-03-09T20:00:00.000Z
2026-03-09T20:00:00.000Z,67904.39100896892,68577.45216413654,67464.29863868603,68135.85963203118,316.00472434237815,2026-03-09T21:00:00.000Z
2026-03-09T21:00:00.000Z,68135.85963203118,68758.13210007103,67731.2759553826,68352.26344002676,622.5048529554647,2026-03-09T22:00:00.000Z
2026-03-09T22:00:00.000Z,68352.26344002676,68586.23547209264,68076.47650602295,68310.30491267818,291.03901395156936,2026-03-09T23:00:00.000Z
2026-03-09T23:00:00.000Z,68310.30491267818,68415.34754019795,68218.30184640866,68323.32693534452,434.3620022453191,2026-03-10T00:00:00.000Z
2026-03-10T00:00:00.000Z,68323.32693534452,68419.24268250495,68066.07902747292,68161.76796997426,251.79316408550048,2026-03-10T01:00:00.000Z
2026-03-10T01:00:00.000Z,68161.76796997426,68937.57568959492,67806.27053726661,68579.8975039477,284.2383392081774,2026-03-10T02:00:00.000Z
2026-03-10T02:00:00.000Z,68579.8975039477,69070.9868368601,68413.12738651635,68903.42996487726,465.54789951329485,2026-03-10T03:00:00.000Z
2026-03-10T03:00:00.000Z,68903.42996487726,69394.95138530745,68602.70442565109,69093.39674566327,330.2445910080544,2026-03-10T04:00:00.000Z
2026-03-10T04:00:00.000Z,69093.39674566327,69430.55299293104,68902.76577115567,69239.51886265357,307.074563394801,2026-03-10T05:00:00.000Z
2026-03-10T05:00:00.000Z,69239.51886265357,69752.5713342514,68854.19214395824,69366.5377393706,509.0170064983037,2026-03-10T06:00:00.000Z
2026-03-10T06:00:00.000Z,69366.5377393706,69821.47329725084,68879.38825066952,69334.11114098542,152.71402683701086,2026-03-10T07:00:00.000Z
2026-03-10T07:00:00.000Z,69334.11114098542,69774.32993179775,69086.88141810751,69526.41449873961,195.19966416768716,2026-03-10T08:00:00.000Z
2026-03-10T08:00:00.000Z,69526.41449873961,69875.97831134405,69428.74114772765,69777.95159145887,111.27302274632873,2026-03-10T09:00:00.000Z
2026-03-10T09:00:00.000Z,69777.95159145887,70503.16728682155,69354.2236721717,70077.61962776553,682.260991624678,2026-03-10T10:00:00.000Z
2026-03-10T10:00:00.000Z,70077.61962776553,70282.36389324102,69747.72601874631,69952.10356666101,664.8361705079843,2026-03-10T11:00:00.000Z
2026-03-10T11:00:00.000Z,69952.10356666101,70237.822462165,69369.0415923829,69653.54101114134,207.82119627474862,2026-03-10T12:00:00.000Z
2026-03-10T12:00:00.000Z,69653.54101114134,69907.90703024078,69257.93106782623,69511.7793912221,306.1681910446697,2026-03-10T13:00:00.000Z
2026-03-10T13:00:00.000Z,69511.7793912221,69929.69994641935,68868.41511360208,69284.972051725,148.91121436325423,2026-03-10T14:00:00.000Z
2026-03-10T14:00:00.000Z,69284.972051725,69531.73229366739,68794.36535686655,69040.25402916453,257.0531424866306,2026-03-10T15:00:00.000Z
2026-03-10T15:00:00.000Z,69040.25402916453,69475.30666147881,68508.02149718885,68942.45787344243,220.81044666506835,2026-03-10T16:00:00.000Z
2026-03-10T16:00:00.000Z,68942.45787344243,69289.59445954088,68363.70027977745,68709.66471412669,200.2357890364881,2026-03-10T17:00:00.000Z
2026-03-10T17:00:00.000Z,68709.66471412669,69282.01830469178,68320.22284499319,68891.54554693752,497.26995387918777,2026-03-10T18:00:00.000Z
2026-03-10T18:00:00.000Z,68891.54554693752,69196.21295632508,68411.63813683212,68715.52711864738,562.7707061650095,2026-03-10T19:00:00.000Z
2026-03-10T19:00:00.000Z,68715.52711864738,69132.2648225371,68609.79667027976,69026.05657213947,640.9142266683813,2026-03-10T20:00:00.000Z
2026-03-10T20:00:00.000Z,69026.05657213947,69686.53871531063,68635.51167868212,69294.47512730178,490.187362204393,2026-03-10T21:00:00.000Z
2026-03-10T21:00:00.000Z,69294.47512730178,69769.41440359107,69020.52695722734,69494.67476602118,664.6358639768492,2026-03-10T22:00:00.000Z
2026-03-10T22:00:00.000Z,69494.67476602118,69891.62181736444,69044.16236259126,69440.80169602153,600.4523917569092,2026-03-10T23:00:00.000Z
2026-03-10T23:00:00.000Z,69440.80169602153,69648.61898369214,69250.40997548452,69458.17961664005,117.37323134083917,2026-03-11T00:00:00.000Z
2026-03-11T00:00:00.000Z,69458.17961664005,69949.78980991467,69076.89717160592,69567.9050401724,403.4585664530557,2026-03-11T01:00:00.000Z
2026-03-11T01:00:00.000Z,69567.9050401724,69720.96136554432,69353.92198795095,69506.8439728885,507.5262514909386,2026-03-11T02:00:00.000Z
2026-03-11T02:00:00.000Z,69506.8439728885,69697.66191297304,69323.38795597051,69514.18651618293,231.1878689244333,2026-03-11T03:00:00.000Z
2026-03-11T03:00:00.000Z,69514.18651618293,70156.62410108456,69069.15067428064,69710.33251550863,186.94613291274112,2026-03-11T04:00:00.000Z
2026-03-11T04:00:00.000Z,69710.33251550863,70177.22781837697,69261.31875613402,69728.0996186677,417.92705595396785,2026-03-11T05:00:00.000Z
2026-03-11T05:00:00.000Z,69728.0996186677,70122.26843475147,69453.0682802826,69846.76902387454,452.3810597846196,2026-03-11T06:00:00.000Z
2026-03-11T06:00:00.000Z,69846.76902387454,70391.57713465458,69493.66265269107,70037.50650099575,683.330408755378,2026-03-11T07:00:00.000Z
2026-03-11T07:00:00.000Z,70037.50650099575,70291.35547990992,69519.86567017347,69772.75506492954,450.03404279706723,2026-03-11T08:00:00.000Z
2026-03-11T08:00:00.000Z,69772.75506492954,70119.9290977392,69150.67100772186,69496.47030775419,597.1462528673682,2026-03-11T09:00:00.000Z
2026-03-11T09:00:00.000Z,69496.47030775419,69945.0352681583,69310.13165474418,69757.99539633073,406.9114165878442,2026-03-11T10:00:00.000Z
2026-03-11T10:00:00.000Z,69757.99539633073,70121.8489331352,69158.78768889104,69521.40719577465,430.79883341249024,2026-03-11T11:00:00.000Z
2026-03-11T11:00:00.000Z,69521.40719577465,69755.76573705685,69130.6296476328,69364.4591126881,485.09213011017636,2026-03-11T12:00:00.000Z
2026-03-11T12:00:00.000Z,69364.4591126881,69670.22629076977,68807.18772361959,69111.84133104542,535.0031373254037,2026-03-11T13:00:00.000Z
2026-03-11T13:00:00.000Z,69111.84133104542,69410.2487319029,68618.68830570865,68916.2511979824,436.29551731808834,2026-03-11T14:00:00.000Z
2026-03-11T14:00:00.000Z,68916.2511979824,69255.32660721408,68404.67418947046,68742.89667570413,625.7688034911495,2026-03-11T15:00:00.000Z
2026-03-11T15:00:00.000Z,68742.89667570413,69119.45634695276,68479.89012264066,68856.01700172505,666.0363453282213,2026-03-11T16:00:00.000Z
2026-03-11T16:00:00.000Z,68856.01700172505,69144.78639218707,68656.58292523667,68945.09431281027,167.4914338940249,2026-03-11T17:00:00.000Z
2026-03-11T17:00:00.000Z,68945.09431281027,69329.6054430792,68604.1044776098,68988.40141884761,635.0141754071294,2026-03-11T18:00:00.000Z
2026-03-11T18:00:00.000Z,68988.40141884761,69307.19110956186,68769.94374053483,69088.41672422356,680.4133606052088,2026-03-11T19:00:00.000Z
2026-03-11T19:00:00.000Z,69088.41672422356,69267.96588263505,68826.9337382795,69006.26940965663,456.21744317757776,2026-03-11T20:00:00.000Z
2026-03-11T20:00:00.000Z,69006.26940965663,69323.5116799146,68544.8295603777,68861.40584992174,475.969936966882,2026-03-11T21:00:00.000Z
2026-03-11T21:00:00.000Z,68861.40584992174,69082.79893119994,68681.51622869092,68902.80117118557,365.11656989581724,2026-03-11T22:00:00.000Z
2026-03-11T22:00:00.000Z,68902.80117118557,69313.01184594726,68418.1694828107,68827.93444083151,394.95743433710066,2026-03-11T23:00:00.000Z
2026-03-11T23:00:00.000Z,68827.93444083151,69109.28491104941,68405.79584764855,68686.56845092836,258.98912826505915,2026-03-12T00:00:00.000Z
2026-03-12T00:00:00.000Z,68686.56845092836,69071.7139265685,68346.5936198185,68731.51661753182,485.5045884780141,2026-03-12T01:00:00.000Z
2026-03-12T01:00:00.000Z,68731.51661753182,69181.83316958392,68373.44632598119,68823.28479375358,135.6846147383026,2026-03-12T02:00:00.000Z
2026-03-12T02:00:00.000Z,68823.28479375358,68982.14799358012,68731.28795576794,68890.06189391388,210.0835761567967,2026-03-12T03:00:00.000Z
2026-03-12T03:00:00.000Z,68890.06189391388,69384.63940030939,68417.68163169148,68912.1079678038,386.9272087174129,2026-03-12T04:00:00.000Z
2026-03-12T04:00:00.000Z,68912.1079678038,69344.41165772377,68307.72249358494,68738.93985460686,270.9962431206351,2026-03-12T05:00:00.000Z
2026-03-12T05:00:00.000Z,68738.93985460686,69100.09948757268,68564.64132908988,68925.32834436612,482.4241979897135,2026-03-12T06:00:00.000Z
2026-03-12T06:00:00.000Z,68925.32834436612,69098.17212717897,68598.13235171295,68770.58809298804,284.9750523385476,2026-03-12T07:00:00.000Z
2026-03-12T07:00:00.000Z,68770.58809298804,69230.05763398748,68231.62131667504,68690.55614884532,680.3230243643387,2026-03-12T08:00:00.000Z
2026-03-12T08:00:00.000Z,68690.55614884532,69180.04344832161,68341.78009011103,68830.55653810025,548.3750243896502,2026-03-12T09:00:00.000Z
2026-03-12T09:00:00.000Z,68830.55653810025,69029.26221742704,68720.53260153394,68919.09675152671,357.24270728288343,2026-03-12T10:00:00.000Z
2026-03-12T10:00:00.000Z,68919.09675152671,69388.80690291381,68579.21077539262,69048.28381929138,251.28845281493312,2026-03-12T11:00:00.000Z
2026-03-12T11:00:00.000Z,69048.28381929138,69537.57000278706,68717.04333108713,69205.57495286176,504.20828825058805,2026-03-12T12:00:00.000Z
2026-03-12T12:00:00.000Z,69205.57495286176,69462.6381086779,68923.0406770111,69180.00886795668,537.0216845707138,2026-03-12T13:00:00.000Z
2026-03-12T13:00:00.000Z,69180.00886795668,69576.57497426028,68856.58414559782,69252.80989847463,471.25164520519394,2026-03-12T14:00:00.000Z
2026-03-12T14:00:00.000Z,69252.80989847463,69682.86764670805,68691.83929265184,69121.07899616908,693.5780878148871,2026-03-12T15:00:00.000Z
2026-03-12T15:00:00.000Z,69121.07899616908,69436.5849939058,68510.60652858201,68824.75996596186,624.0269554425156,2026-03-12T16:00:00.000Z
2026-03-12T16:00:00.000Z,68824.75996596186,69150.83162977465,68672.42564250958,68998.11361140922,602.7657615499411,2026-03-12T17:00:00.000Z
2026-03-12T17:00:00.000Z,68998.11361140922,69262.0274307512,68559.99521354106,68823.24015195033,180.91260515195904,2026-03-12T18:00:00.000Z
2026-03-12T18:00:00.000Z,68823.24015195033,69227.60305690717,68362.27186494824,68766.30022602418,556.4465211035899,2026-03-12T19:00:00.000Z
2026-03-12T19:00:00.000Z,68766.30022602418,69330.50840676823,68351.0065444457,68914.32079882718,489.3364160271997,2026-03-12T20:00:00.000Z
2026-03-12T20:00:00.000Z,68914.32079882718,69534.7021909508,68526.98729523087,69146.06616065325,588.0939156227251,2026-03-12T21:00:00.000Z
2026-03-12T21:00:00.000Z,69146.06616065325,69457.85563743509,68670.41229070075,68981.45953271422,516.0707437508138,2026-03-12T22:00:00.000Z
2026-03-12T22:00:00.000Z,68981.45953271422,69440.41976874314,68676.12944256596,69134.4126677744,420.42224710826866,2026-03-12T23:00:00.000Z
2026-03-12T23:00:00.000Z,69134.4126677744,69505.69745581778,68745.98099104413,69117.17319489116,361.0561907575727,2026-03-13T00:00:00.000Z
2026-03-13T00:00:00.000Z,69117.17319489116,69403.6241822896,68849.5260248703,69135.90447783713,689.8773314384172,2026-03-13T01:00:00.000Z
2026-03-13T01:00:00.000Z,69135.90447783713,69535.17983798352,68649.02120483706,69047.78767065148,219.59292158465502,2026-03-13T02:00:00.000Z
2026-03-13T02:00:00.000Z,69047.78767065148,69581.3697635254,68769.34355709795,69301.9009055619,639.6237577961869,2026-03-13T03:00:00.000Z
2026-03-13T03:00:00.000Z,69301.9009055619,69582.60557167727,69128.78921379315,69409.22578925097,680.5168966671996,2026-03-13T04:00:00.000Z
2026-03-13T04:00:00.000Z,69409.22578925097,69572.18094145582,68977.58000167969,69139.90285234716,254.7649312553764,2026-03-13T05:00:00.000Z
2026-03-13T05:00:00.000Z,69139.90285234716,69273.22555600948,68725.125396396,68857.90432135703,299.3764972311335,2026-03-13T06:00:00.000Z
2026-03-13T06:00:00.000Z,68857.90432135703,69113.907784396,68720.11121982553,68975.87860187753,286.5830939200628,2026-03-13T07:00:00.000Z
2026-03-13T07:00:00.000Z,68975.87860187753,69123.66640702174,68720.17682465998,68867.73291672175,469.9557674908804,2026-03-13T08:00:00.000Z
2026-03-13T08:00:00.000Z,68867.73291672175,69309.15618873463,68057.71926704192,68496.7647347952,425.8481980887466,2026-03-13T09:00:00.000Z
2026-03-13T09:00:00.000Z,68496.7647347952,68764.80629017054,68150.98533314667,68418.72148967742,315.6231474204097,2026-03-13T10:00:00.000Z
2026-03-13T10:00:00.000Z,68418.72148967742,68840.42389893378,68173.95766713432,68595.02934573896,602.2175124391064,2026-03-13T11:00:00.000Z
2026-03-13T11:00:00.000Z,68595.02934573896,68885.68760259413,68472.65775633314,68763.0163291681,121.1943496117342,2026-03-13T12:00:00.000Z
2026-03-13T12:00:00.000Z,68763.0163291681,69240.36128520177,68292.69952699132,68769.99673927645,644.6680259633195,2026-03-13T13:00:00.000Z
2026-03-13T13:00:00.000Z,68769.99673927645,69152.58289139695,68007.73423290162,68388.19632572265,390.1462456631224,2026-03-13T14:00:00.000Z
2026-03-13T14:00:00.000Z,68388.19632572265,68860.14714397123,67795.41214765974,68266.52329341746,605.9414769084851,2026-03-13T15:00:00.000Z
2026-03-13T15:00:00.000Z,68266.52329341746,68381.99754858852,67897.72895617897,68012.7739890826,139.28126173060446,2026-03-13T16:00:00.000Z
2026-03-13T16:00:00.000Z,68012.7739890826,68480.96485648002,67335.68670159945,67802.42958617432,514.6974354119493,2026-03-13T17:00:00.000Z
2026-03-13T17:00:00.000Z,67802.42958617432,68227.99276841537,67188.27042877427,67612.64240834251,344.11244506207873,2026-03-13T18:00:00.000Z
2026-03-13T18:00:00.000Z,67612.64240834251,67944.41776421551,67475.44992468122,67806.83125291475,500.19056154423885,2026-03-13T19:00:00.000Z
2026-03-13T19:00:00.000Z,67806.83125291475,68091.38851539782,67114.42822690212,67397.26671619929,203.67016461848755,2026-03-13T20:00:00.000Z
2026-03-13T20:00:00.000Z,67397.26671619929,67891.12668698849,67084.22106466825,67577.24507510813,486.1108344914908,2026-03-13T21:00:00.000Z
2026-03-13T21:00:00.000Z,67577.24507510813,67857.40792942274,67254.82817783413,67534.8151253651,673.7084239598869,2026-03-13T22:00:00.000Z
2026-03-13T22:00:00.000Z,67534.8151253651,67677.62870590747,67301.90631235535,67444.52896782584,319.22535049692976,2026-03-13T23:00:00.000Z
2026-03-13T23:00:00.000Z,67444.52896782584,67673.74948891143,67330.72812131685,67559.75421994251,287.29367395271254,2026-03-14T00:00:00.000Z
2026-03-14T00:00:00.000Z,67559.75421994251,67888.0387433277,67068.40769019118,67395.89599815398,211.80717819920142,2026-03-14T01:00:00.000Z
2026-03-14T01:00:00.000Z,67395.89599815398,67670.3972182192,67259.88649828672,67534.10879553079,566.8582245087523,2026-03-14T02:00:00.000Z
2026-03-14T02:00:00.000Z,67534.10879553079,67747.38670172147,67199.27114475881,67412.16393972228,179.77717829857824,2026-03-14T03:00:00.000Z
2026-03-14T03:00:00.000Z,67412.16393972228,67828.12290516974,67004.71924074796,67420.62705442958,289.9219563183942,2026-03-14T04:00:00.000Z
2026-03-14T04:00:00.000Z,67420.62705442958,67556.55077505713,66893.89569363846,67029.02993276622,184.34525825285596,2026-03-14T05:00:00.000Z
2026-03-14T05:00:00.000Z,67029.02993276622,67382.23591837374,66659.9124495506,67013.03414619305,361.20060228798565,2026-03-14T06:00:00.000Z
2026-03-14T06:00:00.000Z,67013.03414619305,67194.13601348006,66823.76857618616,67004.84832138638,670.2439062158782,2026-03-14T07:00:00.000Z
2026-03-14T07:00:00.000Z,67004.84832138638,67339.24461429576,66553.2136711418,66887.02193635845,348.99984982283775,2026-03-14T08:00:00.000Z
2026-03-14T08:00:00.000Z,66887.02193635845,67342.88907209071,66566.18582076824,67021.40834693784,192.01677613519914,2026-03-14T09:00:00.000Z
2026-03-14T09:00:00.000Z,67021.40834693784,67323.6532056716,66638.43864514805,66940.31781181508,213.00553163187837,2026-03-14T10:00:00.000Z
2026-03-14T10:00:00.000Z,66940.31781181508,67198.76916812935,66559.25481617311,66817.23094367079,651.8712284750637,2026-03-14T11:00:00.000Z
2026-03-14T11:00:00.000Z,66817.23094367079,67164.45506445017,66563.70665619052,66910.57659602482,271.6617589684491,2026-03-14T12:00:00.000Z
2026-03-14T12:00:00.000Z,66910.57659602482,67317.65428024296,66416.28658054348,66822.83042527307,621.462313235487,2026-03-14T13:00:00.000Z
2026-03-14T13:00:00.000Z,66822.83042527307,67274.09180633468,65984.85631828562,66433.4884332128,338.3118523463196,2026-03-14T14:00:00.000Z
2026-03-14T14:00:00.000Z,66433.4884332128,66520.63447066554,66247.5292026133,66334.545448763,306.5207794339027,2026-03-14T15:00:00.000Z
2026-03-14T15:00:00.000Z,66334.545448763,66850.74118872602,66006.67651102474,66521.94599427831,124.43914079314058,2026-03-14T16:00:00.000Z
2026-03-14T16:00:00.000Z,66521.94599427831,66974.88623603163,66011.52362656234,66464.06979597062,492.04683601485885,2026-03-14T17:00:00.000Z
2026-03-14T17:00:00.000Z,66464.06979597062,66670.19024739636,66382.34596291071,66588.31364482363,178.9297198312961,2026-03-14T18:00:00.000Z
2026-03-14T18:00:00.000Z,66588.31364482363,66862.163624899,66479.87750106628,66753.45854991798,346.12218432413516,2026-03-14T19:00:00.000Z
2026-03-14T19:00:00.000Z,66753.45854991798,67021.39623567475,66255.43317053649,66522.4435993003,260.47737037785225,2026-03-14T20:00:00.000Z
2026-03-14T20:00:00.000Z,66522.4435993003,66692.97325097761,66090.17290635256,66260.02986291163,458.4700531132845,2026-03-14T21:00:00.000Z
2026-03-14T21:00:00.000Z,66260.02986291163,66533.16581649044,65788.75225203119,66061.06804864694,552.5850450864923,2026-03-14T22:00:00.000Z
2026-03-14T22:00:00.000Z,66061.06804864694,66328.27393773309,65784.17745863933,66051.3440156505,148.3050862552156,2026-03-14T23:00:00.000Z
2026-03-14T23:00:00.000Z,66051.3440156505,66162.24984201734,65601.96522932146,65712.3017749198,238.2969130474594,2026-03-15T00:00:00.000Z
2026-03-15T00:00:00.000Z,65712.3017749198,66155.5963122385,65417.24536316736,65859.87726815815,352.1346505974115,2026-03-15T01:00:00.000Z
2026-03-15T01:00:00.000Z,65859.87726815815,66176.48752186305,65788.06904843656,66104.41268074214,697.7192816313911,2026-03-15T02:00:00.000Z
2026-03-15T02:00:00.000Z,66104.41268074214,66508.2632747117,65590.2447288425,65993.41722008189,672.6844264067171,2026-03-15T03:00:00.000Z
2026-03-15T03:00:00.000Z,65993.41722008189,66482.30695762971,65829.97818989464,66318.06390876624,214.82267291975333,2026-03-15T04:00:00.000Z
2026-03-15T04:00:00.000Z,66318.06390876624,66511.06339411339,66169.60901516545,66362.5090088776,295.29284937088045,2026-03-15T05:00:00.000Z
2026-03-15T05:00:00.000Z,66362.5090088776,66571.36098574186,66260.33798821509,66469.02597268255,388.0371629670435,2026-03-15T06:00:00.000Z
2026-03-15T06:00:00.000Z,66469.02597268255,66815.79413500933,66182.96375570714,66529.47177790405,215.18609519823738,2026-03-15T07:00:00.000Z
2026-03-15T07:00:00.000Z,66529.47177790405,66963.73897740438,66248.41149870137,66682.0341833555,482.00483656581713,2026-03-15T08:00:00.000Z
2026-03-15T08:00:00.000Z,66682.0341833555,67010.11802461487,66529.91011927622,66857.59345101888,239.87629131408235,2026-03-15T09:00:00.000Z
2026-03-15T09:00:00.000Z,66857.59345101888,67070.29550299855,66565.79235210666,66778.24195368482,411.76500064868713,2026-03-15T10:00:00.000Z
2026-03-15T10:00:00.000Z,66778.24195368482,67103.93483747599,66307.54115811137,66632.52333861694,561.4372160571801,2026-03-15T11:00:00.000Z
2026-03-15T11:00:00.000Z,66632.52333861694,67097.73009189556,66363.58198999224,66827.99976379391,620.0999997184147,2026-03-15T12:00:00.000Z
2026-03-15T12:00:00.000Z,66827.99976379391,67456.1090387921,66543.74078577821,67170.39365719465,610.3854616686634,2026-03-15T13:00:00.000Z
2026-03-15T13:00:00.000Z,67170.39365719465,67893.84276115586,66719.79070926453,67441.42166075222,134.79538002740378,2026-03-15T14:00:00.000Z
2026-03-15T14:00:00.000Z,67441.42166075222,67898.63323194001,67213.94814857484,67670.38743992815,641.5294633906005,2026-03-15T15:00:00.000Z
2026-03-15T15:00:00.000Z,67670.38743992815,67881.58421108895,67363.82821213739,67574.72642882798,202.40891981050788,2026-03-15T16:00:00.000Z
2026-03-15T16:00:00.000Z,67574.72642882798,68071.51075301667,67288.68650093972,67784.58251638747,106.3717492885756,2026-03-15T17:00:00.000Z
2026-03-15T17:00:00.000Z,67784.58251638747,68009.79889190628,67671.47989544884,67896.50951409277,548.2449067981191,2026-03-15T18:00:00.000Z
2026-03-15T18:00:00.000Z,67896.50951409277,68277.25989893083,67386.40339680639,67766.42428907048,237.84623124536418,2026-03-15T19:00:00.000Z
2026-03-15T19:00:00.000Z,67766.42428907048,67900.03485040882,67634.4520076497,67768.05938470757,693.0650516380858,2026-03-15T20:00:00.000Z
2026-03-15T20:00:00.000Z,67768.05938470757,68196.94296019113,67609.03067649028,68037.28247646052,234.2888305589039,2026-03-15T21:00:00.000Z
2026-03-15T21:00:00.000Z,68037.28247646052,68356.78194560511,67935.19580743798,68254.36954787615,609.490047539347,2026-03-15T22:00:00.000Z
2026-03-15T22:00:00.000Z,68254.36954787615,68576.22326902978,68157.65389429027,68479.18904880683,132.49467473127632,2026-03-15T23:00:00.000Z
2026-03-15T23:00:00.000Z,68479.18904880683,68777.68386549238,68137.75209140342,68436.05890756234,624.8167634591538,2026-03-16T00:00:00.000Z
2026-03-16T00:00:00.000Z,68436.05890756234,69165.03483405136,68136.6521222188,68863.75687617212,638.619692967562,2026-03-16T01:00:00.000Z
2026-03-16T01:00:00.000Z,68863.75687617212,69339.40675952118,68597.03681276996,69071.8806004968,213.05184192631947,2026-03-16T02:00:00.000Z
2026-03-16T02:00:00.000Z,69071.8806004968,69849.19253739476,68589.727289693,69364.99316684745,254.5267178465271,2026-03-16T03:00:00.000Z
2026-03-16T03:00:00.000Z,69364.99316684745,69661.44527149103,69225.67324098284,69521.81037749676,694.1175993504551,2026-03-16T04:00:00.000Z
2026-03-16T04:00:00.000Z,69521.81037749676,69738.58078868195,69257.74739739389,69474.36988817365,656.6006078182722,2026-03-16T05:00:00.000Z
2026-03-16T05:00:00.000Z,69474.36988817365,69888.922174534,69066.54297052391,69481.05600816976,208.16383366853177,2026-03-16T06:00:00.000Z
2026-03-16T06:00:00.000Z,69481.05600816976,70068.58204446165,69239.04439091761,69825.37113254014,498.20293849250436,2026-03-16T07:00:00.000Z
2026-03-16T07:00:00.000Z,69825.37113254014,70054.7211213542,69613.65930786081,69842.95597909289,113.67675113197265,2026-03-16T08:00:00.000Z
2026-03-16T08:00:00.000Z,69842.95597909289,69969.7314245134,69596.1869292783,69722.74417223092,322.69824958532035,2026-03-16T09:00:00.000Z
2026-03-16T09:00:00.000Z,69722.74417223092,70004.05976771115,69347.20579976052,69628.13968741648,646.5922985908539,2026-03-16T10:00:00.000Z
2026-03-16T10:00:00.000Z,69628.13968741648,70145.98020932572,69526.5286844438,70043.7626718614,509.6869580492782,2026-03-16T11:00:00.000Z
2026-03-16T11:00:00.000Z,70043.7626718614,70454.93526240275,69453.90291173084,69864.02037468996,285.8092430912933,2026-03-16T12:00:00.000Z
2026-03-16T12:00:00.000Z,69864.02037468996,70412.61283842093,69648.3399486532,70195.90782738589,366.16175103288225,2026-03-16T13:00:00.000Z
2026-03-16T13:00:00.000Z,70195.90782738589,70827.92810074435,69776.63509531197,70407.39219491415,643.3142150488283,2026-03-16T14:00:00.000Z
2026-03-16T14:00:00.000Z,70407.39219491415,70605.34772525723,70106.31757489807,70303.98236093306,410.91887853616794,2026-03-16T15:00:00.000Z
2026-03-16T15:00:00.000Z,70303.98236093306,70433.18140897749,70210.26377712362,70339.41559097123,653.7910793692763,2026-03-16T16:00:00.000Z
2026-03-16T16:00:00.000Z,70339.41559097123,70634.56199758667,70241.77386425508,70536.64648461776,265.3050361970929,2026-03-16T17:00:00.000Z
2026-03-16T17:00:00.000Z,70536.64648461776,70757.92337661773,70423.27447001725,70644.37820716751,152.48038240358252,2026-03-16T18:00:00.000Z
2026-03-16T18:00:00.000Z,70644.37820716751,70917.81941589375,70220.98212596227,70493.84065321041,238.24107951402715,2026-03-16T19:00:00.000Z
2026-03-16T19:00:00.000Z,70493.84065321041,70856.71797810865,70171.15254810845,70533.84674368068,265.0349506014189,2026-03-16T20:00:00.000Z
2026-03-16T20:00:00.000Z,70533.84674368068,71389.8208284918,70064.91056348426,70918.32846571904,140.9438454736694,2026-03-16T21:00:00.000Z
2026-03-16T21:00:00.000Z,70918.32846571904,71480.59373568921,70744.44219497929,71305.7575187977,146.75036726833804,2026-03-16T22:00:00.000Z
2026-03-16T22:00:00.000Z,71305.7575187977,71852.38518996384,70924.29650378415,71470.04529247177,160.74552985874263,2026-03-16T23:00:00.000Z
2026-03-16T23:00:00.000Z,71470.04529247177,71919.55138731144,71203.82991067131,71652.65580826216,559.7123947272601,2026-03-17T00:00:00.000Z
2026-03-17T00:00:00.000Z,71652.65580826216,71852.08081784451,71459.9323248609,71659.33935776219,163.19334845207322,2026-03-17T01:00:00.000Z
2026-03-17T01:00:00.000Z,71659.33935776219,71759.04841763909,71463.7411159818,71563.31656672545,378.8710450189519,2026-03-17T02:00:00.000Z
2026-03-17T02:00:00.000Z,71563.31656672545,72201.20996317503,71147.8066068192,71784.4162572387,657.5885791134036,2026-03-17T03:00:00.000Z
2026-03-17T03:00:00.000Z,71784.4162572387,72563.56008354823,71336.04010996071,72113.13073671043,302.3306347440605,2026-03-17T04:00:00.000Z
2026-03-17T04:00:00.000Z,72113.13073671043,72586.82316568728,71731.17881848621,72204.387897934,337.5861413020576,2026-03-17T05:00:00.000Z
2026-03-17T05:00:00.000Z,72204.387897934,72293.37829474355,71924.84338944513,72013.59864249067,227.5720921939109,2026-03-17T06:00:00.000Z
2026-03-17T06:00:00.000Z,72013.59864249067,72470.39466250183,71575.80929864358,72032.49047033342,611.2122439365892,2026-03-17T07:00:00.000Z
2026-03-17T07:00:00.000Z,72032.49047033342,72598.9534244355,71745.91875375102,72311.27261005831,642.2001125953161,2026-03-17T08:00:00.000Z
2026-03-17T08:00:00.000Z,72311.27261005831,72978.01222404135,71940.1784302561,72605.4085680793,183.3978486635712,2026-03-17T09:00:00.000Z
2026-03-17T09:00:00.000Z,72605.4085680793,73017.30384114062,71956.72060930752,72367.26487750027,121.98679289873074,2026-03-17T10:00:00.000Z
2026-03-17T10:00:00.000Z,72367.26487750027,73141.65064292512,71861.57661544495,72634.09780467734,602.1613235129794,2026-03-17T11:00:00.000Z
2026-03-17T11:00:00.000Z,72634.09780467734,73068.08539869373,72133.75014232766,72567.33885265383,556.1127503663827,2026-03-17T12:00:00.000Z
2026-03-17T12:00:00.000Z,72567.33885265383,72735.92224097588,72399.11413278272,72567.69669156696,378.2415842070438,2026-03-17T13:00:00.000Z
2026-03-17T13:00:00.000Z,72567.69669156696,72916.77573159397,71915.54622013436,72263.16032095627,425.19525202233126,2026-03-17T14:00:00.000Z
2026-03-17T14:00:00.000Z,72263.16032095627,72616.25674333061,71769.9049301396,72122.3131368785,133.28917158455084,2026-03-17T15:00:00.000Z
2026-03-17T15:00:00.000Z,72122.3131368785,72366.83108280052,71882.61482952705,72127.1168104533,401.78094110534573,2026-03-17T16:00:00.000Z
2026-03-17T16:00:00.000Z,72127.1168104533,72402.77717519717,71792.860869658,72068.29643063775,414.5979045492587,2026-03-17T17:00:00.000Z
2026-03-17T17:00:00.000Z,72068.29643063775,72300.66630278257,71793.17725225445,72025.40884190885,482.50168868457047,2026-03-17T18:00:00.000Z
2026-03-17T18:00:00.000Z,72025.40884190885,72229.23679202735,71842.39622315318,72046.17141670636,366.64152781788334,2026-03-17T19:00:00.000Z
2026-03-17T19:00:00.000Z,72046.17141670636,72524.6278900254,71307.85104506619,71784.570232733,278.5198818792216,2026-03-17T20:00:00.000Z
2026-03-17T20:00:00.000Z,71784.570232733,72309.83501992575,71364.4268387327,71889.07994759174,463.2702950217157,2026-03-17T21:00:00.000Z
2026-03-17T21:00:00.000Z,71889.07994759174,72347.57546739255,71644.25262351446,72102.02293911412,435.7185356019617,2026-03-17T22:00:00.000Z
2026-03-17T22:00:00.000Z,72102.02293911412,72273.6830670831,71644.75050231357,71815.7290231897,601.9762122547143,2026-03-17T23:00:00.000Z
2026-03-17T23:00:00.000Z,71815.7290231897,72281.61724787041,71165.49663360578,71630.18115867405,559.3756852947994,2026-03-18T00:00:00.000Z
2026-03-18T00:00:00.000Z,71630.18115867405,72024.31880746713,71495.37739275726,71889.02790727338,378.03120821622724,2026-03-18T01:00:00.000Z
2026-03-18T01:00:00.000Z,71889.02790727338,72083.59529565259,71462.38539082822,71656.32296413874,208.33930210598712,2026-03-18T02:00:00.000Z
2026-03-18T02:00:00.000Z,71656.32296413874,72156.71151785678,71341.84132260266,71841.41754260793,371.0490532550258,2026-03-18T03:00:00.000Z
2026-03-18T03:00:00.000Z,71841.41754260793,71957.55310877574,71762.8031533477,71878.8977058462,150.84848229347193,2026-03-18T04:00:00.000Z
2026-03-18T04:00:00.000Z,71878.8977058462,72308.1013904534,71368.04716948434,71796.76039531367,205.44141610406405,2026-03-18T05:00:00.000Z
2026-03-18T05:00:00.000Z,71796.76039531367,72278.05249274704,71388.3028079132,71869.18288791792,638.4829081308483,2026-03-18T06:00:00.000Z
2026-03-18T06:00:00.000Z,71869.18288791792,72265.21457669148,71684.83448807204,72080.32458679593,687.77324184206,2026-03-18T07:00:00.000Z
2026-03-18T07:00:00.000Z,72080.32458679593,72204.46844424497,71975.89957434271,72100.01490581299,682.4653083376891,2026-03-18T08:00:00.000Z
2026-03-18T08:00:00.000Z,72100.01490581299,72402.1320508563,72023.1919852155,72325.06933365871,394.11865421296966,2026-03-18T09:00:00.000Z
2026-03-18T09:00:00.000Z,72325.06933365871,72783.57396473386,72047.08539560885,72504.89884565392,229.3369762270418,2026-03-18T10:00:00.000Z
2026-03-18T10:00:00.000Z,72504.89884565392,73002.62746041067,72313.02136675155,72809.94271125733,616.4086226915981,2026-03-18T11:00:00.000Z
2026-03-18T11:00:00.000Z,72809.94271125733,73087.02547535732,72525.30413324051,72802.35803337726,608.3510801700647,2026-03-18T12:00:00.000Z
2026-03-18T12:00:00.000Z,72802.35803337726,73170.97751225877,72620.0187044298,72988.1727953771,447.5843966694476,2026-03-18T13:00:00.000Z
2026-03-18T13:00:00.000Z,72988.1727953771,73351.4473272579,72586.0051467588,72949.08513270406,529.3401159482729,2026-03-18T14:00:00.000Z
2026-03-18T14:00:00.000Z,72949.08513270406,73465.20350137637,72468.95083930613,72984.8339176037,385.2935227031324,2026-03-18T15:00:00.000Z
2026-03-18T15:00:00.000Z,72984.8339176037,73295.93530829542,72719.4213071784,73030.3571505988,340.66489731923906,2026-03-18T16:00:00.000Z
2026-03-18T16:00:00.000Z,73030.3571505988,73538.51076198794,72487.68673901219,72995.59849568902,503.60075002703854,2026-03-18T17:00:00.000Z
2026-03-18T17:00:00.000Z,72995.59849568902,73219.92537021777,72805.46360557116,73029.70165009306,194.22878413192404,2026-03-18T18:00:00.000Z
2026-03-18T18:00:00.000Z,73029.70165009306,73311.22182596856,72766.33281388342,73047.78776534996,550.3678104143439,2026-03-18T19:00:00.000Z
2026-03-18T19:00:00.000Z,73047.78776534996,73550.63165049932,72521.50437068977,73024.18578532914,345.6854259808014,2026-03-18T20:00:00.000Z
2026-03-18T20:00:00.000Z,73024.18578532914,73155.3357276497,72545.75172239348,72676.27682734981,502.7835317900328,2026-03-18T21:00:00.000Z
2026-03-18T21:00:00.000Z,72676.27682734981,72952.35605865334,72432.45597043165,72708.42734032612,362.2944864734516,2026-03-18T22:00:00.000Z
2026-03-18T22:00:00.000Z,72708.42734032612,72910.49523606201,72321.81314272863,72523.36672657287,523.6437432578036,2026-03-18T23:00:00.000Z
2026-03-18T23:00:00.000Z,72523.36672657287,73181.2512644808,72114.30579993382,72770.79474440998,423.2684687353989,2026-03-19T00:00:00.000Z
2026-03-19T00:00:00.000Z,72770.79474440998,72989.02019048326,72356.74697649697,72574.38342325641,692.0933124572473,2026-03-19T01:00:00.000Z
2026-03-19T01:00:00.000Z,72574.38342325641,72696.01499656368,72408.17358396803,72529.73032057844,381.56416839061495,2026-03-19T02:00:00.000Z
2026-03-19T02:00:00.000Z,72529.73032057844,73019.75343517368,71711.57191444015,72199.36301166877,693.2157065687774,2026-03-19T03:00:00.000Z
2026-03-19T03:00:00.000Z,72199.36301166877,72675.83693839982,71965.63465728065,72441.3252883924,668.5732674638616,2026-03-19T04:00:00.000Z
2026-03-19T04:00:00.000Z,72441.3252883924,72650.07857364356,72295.28509019427,72503.91220153622,656.0835882816853,2026-03-19T05:00:00.000Z
2026-03-19T05:00:00.000Z,72503.91220153622,72779.84164568092,72384.51092039452,72660.18301380293,619.378588031688,2026-03-19T06:00:00.000Z
2026-03-19T06:00:00.000Z,72660.18301380293,73055.26547136933,72311.76326669306,72706.62303530004,684.2555367314516,2026-03-19T07:00:00.000Z
2026-03-19T07:00:00.000Z,72706.62303530004,73189.20830310963,72475.5283652403,72957.3168143594,227.94401316342132,2026-03-19T08:00:00.000Z
2026-03-19T08:00:00.000Z,72957.3168143594,73380.6415637622,72755.66518952264,73178.37893050494,199.53854824394853,2026-03-19T09:00:00.000Z
2026-03-19T09:00:00.000Z,73178.37893050494,73398.13936096158,72730.30266134377,72949.37537610586,674.3570776536861,2026-03-19T10:00:00.000Z
2026-03-19T10:00:00.000Z,72949.37537610586,73186.10767139618,72785.13911249883,73021.70855880517,282.820396955507,2026-03-19T11:00:00.000Z
2026-03-19T11:00:00.000Z,73021.70855880517,73205.93188663917,72520.3276666815,72703.74882758518,565.7425102152594,2026-03-19T12:00:00.000Z
2026-03-19T12:00:00.000Z,72703.74882758518,73171.19063100798,71999.43881085477,72465.34783790287,499.9939025379689,2026-03-19T13:00:00.000Z
2026-03-19T13:00:00.000Z,72465.34783790287,72550.78049433172,72319.3440269693,72404.70518905309,252.79011379591662,2026-03-19T14:00:00.000Z
2026-03-19T14:00:00.000Z,72404.70518905309,73003.02191943712,72014.27014543397,72611.4719072201,604.6223827193595,2026-03-19T15:00:00.000Z
2026-03-19T15:00:00.000Z,72611.4719072201,72691.07178518249,72352.63516825151,72432.03834327678,457.00269423285624,2026-03-19T16:00:00.000Z
2026-03-19T16:00:00.000Z,72432.03834327678,72755.87976469907,71882.4363221898,72205.26384177267,558.1408677893415,2026-03-19T17:00:00.000Z
2026-03-19T17:00:00.000Z,72205.26384177267,72642.73411303721,71574.53053797384,72010.8227483414,262.6583999780279,2026-03-19T18:00:00.000Z
2026-03-19T18:00:00.000Z,72010.8227483414,72396.60994095122,71460.19618050291,71845.09551428925,498.4101139932918,2026-03-19T19:00:00.000Z
2026-03-19T19:00:00.000Z,71845.09551428925,72315.23076921696,71081.6274792387,71549.83059885087,655.1532545849464,2026-03-19T20:00:00.000Z
2026-03-19T20:00:00.000Z,71549.83059885087,71838.50704466861,71319.40930340666,71607.89874476481,578.4507349498806,2026-03-19T21:00:00.000Z
2026-03-19T21:00:00.000Z,71607.89874476481,71886.59706704202,71024.7438468223,71302.25259265197,693.327442367248,2026-03-19T22:00:00.000Z
2026-03-19T22:00:00.000Z,71302.25259265197,71673.89527874954,70556.72046042135,70926.40414351235,170.1182234427511,2026-03-19T23:00:00.000Z
2026-03-19T23:00:00.000Z,70926.40414351235,71157.92831836252,70346.13709194087,70576.5191415508,488.01036262326426,2026-03-20T00:00:00.000Z
2026-03-20T00:00:00.000Z,70576.5191415508,70874.55244836304,70367.198457844,70664.96943271291,535.3962077924033,2026-03-20T01:00:00.000Z
2026-03-20T01:00:00.000Z,70664.96943271291,70742.57006636208,70267.69634807832,70344.9455479628,658.2663400835667,2026-03-20T02:00:00.000Z
2026-03-20T02:00:00.000Z,70344.9455479628,70758.70892721722,70117.43299097309,70530.59593201191,390.0422550225827,2026-03-20T03:00:00.000Z
2026-03-20T03:00:00.000Z,70530.59593201191,70606.78699868737,70384.17588667531,70460.29100606534,585.4784620392502,2026-03-20T04:00:00.000Z
2026-03-20T04:00:00.000Z,70460.29100606534,70846.88847079109,69685.69957060005,70070.15646762007,167.91700798455486,2026-03-20T05:00:00.000Z
2026-03-20T05:00:00.000Z,70070.15646762007,70379.70688578139,69629.3911711941,69938.35934641438,464.0795336868984,2026-03-20T06:00:00.000Z
2026-03-20T06:00:00.000Z,69938.35934641438,70241.89918524341,69507.56271256495,69810.54783598977,214.8516991710531,2026-03-20T07:00:00.000Z
2026-03-20T07:00:00.000Z,69810.54783598977,70104.74087736632,69210.29790384133,69503.19571321389,344.0833612550438,2026-03-20T08:00:00.000Z
2026-03-20T08:00:00.000Z,69503.19571321389,69883.56964420817,68814.93069158815,69193.61033780871,658.5822263539686,2026-03-20T09:00:00.000Z
2026-03-20T09:00:00.000Z,69193.61033780871,69403.84442317308,69071.61394715695,69281.6927330039,469.7696710795954,2026-03-20T10:00:00.000Z
2026-03-20T10:00:00.000Z,69281.6927330039,69544.71819535404,69135.60756225513,69398.38696686034,270.49149720486787,2026-03-20T11:00:00.000Z
2026-03-20T11:00:00.000Z,69398.38696686034,69878.38231404641,68964.41951814016,69444.12882871991,285.35817572165195,2026-03-20T12:00:00.000Z
2026-03-20T12:00:00.000Z,69444.12882871991,69681.04399575184,68904.94810329548,69140.82853288508,265.8853745860445,2026-03-20T13:00:00.000Z
2026-03-20T13:00:00.000Z,69140.82853288508,69579.97817075932,68731.75599286352,69170.72872588778,681.6774843175325,2026-03-20T14:00:00.000Z
2026-03-20T14:00:00.000Z,69170.72872588778,69579.45655646383,68810.84131801025,69219.31635270872,690.3004669539167,2026-03-20T15:00:00.000Z
2026-03-20T15:00:00.000Z,69219.31635270872,69556.84627523588,68647.93259408357,68984.31660168502,694.7070089144199,2026-03-20T16:00:00.000Z
2026-03-20T16:00:00.000Z,68984.31660168502,69381.99421779957,68622.04823173567,69019.54086902401,128.59513341849444,2026-03-20T17:00:00.000Z
2026-03-20T17:00:00.000Z,69019.54086902401,69448.5389940183,68789.99744975001,69218.33443220916,628.9647295740268,2026-03-20T18:00:00.000Z
2026-03-20T18:00:00.000Z,69218.33443220916,69355.83035937193,68774.32833480209,68911.21419554189,157.71997517799957,2026-03-20T19:00:00.000Z
2026-03-20T19:00:00.000Z,68911.21419554189,69187.25491855404,68731.57695984875,69007.3670323679,636.139197245305,2026-03-20T20:00:00.000Z
2026-03-20T20:00:00.000Z,69007.3670323679,69380.3709334416,68310.64774433136,68681.89236482512,648.2556062509565,2026-03-20T21:00:00.000Z
2026-03-20T21:00:00.000Z,68681.89236482512,68813.33912601655,68473.68564547574,68604.98521801215,605.7737743043219,2026-03-20T22:00:00.000Z
2026-03-20T22:00:00.000Z,68604.98521801215,68697.11013245695,68444.20174762339,68536.234341246,296.39339353721283,2026-03-20T23:00:00.000Z
2026-03-20T23:00:00.000Z,68536.234341246,68838.7390102961,68005.96964789931,68307.4645748306,459.87609781319094,2026-03-21T00:00:00.000Z
2026-03-21T00:00:00.000Z,68307.4645748306,68502.42428221609,68144.25791471331,68339.14193555007,487.5294157245799,2026-03-21T01:00:00.000Z
2026-03-21T01:00:00.000Z,68339.14193555007,68545.27002537742,67929.14874323245,68134.66006415752,615.1369292825167,2026-03-21T02:00:00.000Z
2026-03-21T02:00:00.000Z,68134.66006415752,68419.62866434874,67951.94042411809,68236.63555226932,605.2715183725913,2026-03-21T03:00:00.000Z
2026-03-21T03:00:00.000Z,68236.63555226932,68690.34491300113,67672.94548390589,68125.91868172241,672.1062125508237,2026-03-21T04:00:00.000Z
2026-03-21T04:00:00.000Z,68125.91868172241,68497.02838542042,67736.97250977845,68107.984518766,659.3475536253991,2026-03-21T05:00:00.000Z
2026-03-21T05:00:00.000Z,68107.984518766,68235.94269861419,67723.20872987567,67850.68350429472,422.6251652103966,2026-03-21T06:00:00.000Z
2026-03-21T06:00:00.000Z,67850.68350429472,67970.42158351144,67481.96973978507,67601.26766760362,180.28709361343044,2026-03-21T07:00:00.000Z
2026-03-21T07:00:00.000Z,67601.26766760362,68229.8526198531,67155.13981305994,67782.52855209772,612.7907300893174,2026-03-21T08:00:00.000Z
2026-03-21T08:00:00.000Z,67782.52855209772,67963.42095820217,67264.94304869787,67444.93451174886,313.1542014019351,2026-03-21T09:00:00.000Z
2026-03-21T09:00:00.000Z,67444.93451174886,67667.98437164882,67298.97844438162,67521.86182760581,565.1066157338706,2026-03-21T10:00:00.000Z
2026-03-21T10:00:00.000Z,67521.86182760581,67920.89740386236,66962.14959234658,67360.22996890734,673.348064428823,2026-03-21T11:00:00.000Z
2026-03-21T11:00:00.000Z,67360.22996890734,67739.60268143087,66834.58250852789,67213.12673586715,699.8385044745348,2026-03-21T12:00:00.000Z
2026-03-21T12:00:00.000Z,67213.12673586715,67355.10227138968,66949.60583583174,67091.32408535414,573.8148627215135,2026-03-21T13:00:00.000Z
2026-03-21T13:00:00.000Z,67091.32408535414,67377.91160202531,66604.35402450699,66890.08191447101,283.54874131435,2026-03-21T14:00:00.000Z
2026-03-21T14:00:00.000Z,66890.08191447101,66961.25805542337,66715.778896923,66786.84518613476,392.78821036815094,2026-03-21T15:00:00.000Z
2026-03-21T15:00:00.000Z,66786.84518613476,66872.33757025705,66586.17740058646,66671.52216222064,427.41948474544074,2026-03-21T16:00:00.000Z
2026-03-21T16:00:00.000Z,66671.52216222064,67058.83042318493,66217.24778411757,66604.16475236152,323.81184325730976,2026-03-21T17:00:00.000Z
2026-03-21T17:00:00.000Z,66604.16475236152,66931.79984234161,66302.27634322451,66629.7952609877,299.73829817014666,2026-03-21T18:00:00.000Z
2026-03-21T18:00:00.000Z,66629.7952609877,66770.01661590478,66311.86312542626,66451.70970208893,606.6842624483091,2026-03-21T19:00:00.000Z
2026-03-21T19:00:00.000Z,66451.70970208893,66783.61437260722,65983.4734747967,66314.69379543811,549.699938692944,2026-03-21T20:00:00.000Z
2026-03-21T20:00:00.000Z,66314.69379543811,66812.28510152352,66143.8843077887,66640.63607093281,648.201261622925,2026-03-21T21:00:00.000Z
2026-03-21T21:00:00.000Z,66640.63607093281,66759.95604184363,66360.46686293226,66479.49831690722,291.13126070756994,2026-03-21T22:00:00.000Z
2026-03-21T22:00:00.000Z,66479.49831690722,66949.55012436851,66373.09474038577,66842.56544176803,239.72032281557114,2026-03-21T23:00:00.000Z
2026-03-21T23:00:00.000Z,66842.56544176803,67464.23350726021,66523.26596882114,67143.49652014725,516.2700606585806,2026-03-22T00:00:00.000Z
2026-03-22T00:00:00.000Z,67143.49652014725,67440.64397908073,66918.04364955312,67214.95117969307,415.3603227414937,2026-03-22T01:00:00.000Z
2026-03-22T01:00:00.000Z,67214.95117969307,67897.80523477586,66817.62760284152,67498.80373788215,217.78836600379475,2026-03-22T02:00:00.000Z
2026-03-22T02:00:00.000Z,67498.80373788215,67667.59858228288,67420.3532117395,67589.0431752986,394.6082953804211,2026-03-22T03:00:00.000Z
2026-03-22T03:00:00.000Z,67589.0431752986,68027.25816419738,67254.44361320294,67692.14818076626,105.4458937633065,2026-03-22T04:00:00.000Z
2026-03-22T04:00:00.000Z,67692.14818076626,68180.80786459158,67355.84170796005,67843.748216202,412.5795389118509,2026-03-22T05:00:00.000Z
2026-03-22T05:00:00.000Z,67843.748216202,68594.96069716329,67445.89193739966,68195.04431170427,533.6212168604234,2026-03-22T06:00:00.000Z
2026-03-22T06:00:00.000Z,68195.04431170427,68496.82982893805,67987.50557844908,68289.00514364289,492.9149114493816,2026-03-22T07:00:00.000Z
2026-03-22T07:00:00.000Z,68289.00514364289,68389.71572741953,68127.88951925073,68228.51088790706,646.1275480436755,2026-03-22T08:00:00.000Z
2026-03-22T08:00:00.000Z,68228.51088790706,68774.95063584157,68078.8197847666,68624.39098482212,400.3810738680796,2026-03-22T09:00:00.000Z
2026-03-22T09:00:00.000Z,68624.39098482212,68717.56450359625,68453.86388321318,68546.93223377684,139.857773221963,2026-03-22T10:00:00.000Z
2026-03-22T10:00:00.000Z,68546.93223377684,68738.98462714317,68467.78827145847,68659.71045163024,128.2356741038317,2026-03-22T11:00:00.000Z
2026-03-22T11:00:00.000Z,68659.71045163024,69444.81821806583,68266.17858963425,69049.05477954101,145.7867509898668,2026-03-22T12:00:00.000Z
2026-03-22T12:00:00.000Z,69049.05477954101,69618.93171752353,68643.9000470104,69212.81609318289,136.14017341106205,2026-03-22T13:00:00.000Z
2026-03-22T13:00:00.000Z,69212.81609318289,69507.11164483636,68947.5974704,69241.78202664231,523.6925236991106,2026-03-22T14:00:00.000Z
2026-03-22T14:00:00.000Z,69241.78202664231,69423.04888860158,69081.59485255853,69262.8130603417,209.91607388011928,2026-03-22T15:00:00.000Z
2026-03-22T15:00:00.000Z,69262.8130603417,69824.22506957635,69097.69807002986,69658.16759717875,405.4489488273156,2026-03-22T16:00:00.000Z
2026-03-22T16:00:00.000Z,69658.16759717875,69920.62858192432,69292.19304214147,69554.26252898437,212.4168638663445,2026-03-22T17:00:00.000Z
2026-03-22T17:00:00.000Z,69554.26252898437,70202.24183389501,69336.94387730841,69983.58179664476,659.1549595627723,2026-03-22T18:00:00.000Z
2026-03-22T18:00:00.000Z,69983.58179664476,70572.25216018318,69751.18097259308,70338.67215538843,652.844683710879,2026-03-22T19:00:00.000Z
2026-03-22T19:00:00.000Z,70338.67215538843,70612.68123505343,69939.28865561723,70212.80742065058,681.1197742731869,2026-03-22T20:00:00.000Z
2026-03-22T20:00:00.000Z,70212.80742065058,70378.96058099924,69941.71152151545,70107.61575394757,446.1301104846085,2026-03-22T21:00:00.000Z
2026-03-22T21:00:00.000Z,70107.61575394757,70521.33559661974,69935.4754093439,70348.60353712754,545.3480486969222,2026-03-22T22:00:00.000Z
2026-03-22T22:00:00.000Z,70348.60353712754,71213.69606385154,69893.217882491,70755.67532277023,428.4682994375323,2026-03-22T23:00:00.000Z
2026-03-22T23:00:00.000Z,70755.67532277023,71432.19687197683,70492.3060660271,71167.29546828874,360.4977118133091,2026-03-23T00:00:00.000Z
2026-03-23T00:00:00.000Z,71167.29546828874,71678.60998385832,71090.15387170929,71600.99827629839,190.19896653024432,2026-03-23T01:00:00.000Z
2026-03-23T01:00:00.000Z,71600.99827629839,71974.98029647453,71436.19180318469,71809.69346249408,324.8254964243739,2026-03-23T02:00:00.000Z
2026-03-23T02:00:00.000Z,71809.69346249408,72369.44145487096,71533.92726574656,72092.58887287881,685.2716064012011,2026-03-23T03:00:00.000Z
2026-03-23T03:00:00.000Z,72092.58887287881,72648.77933835807,71623.40360712305,72179.03149598069,151.73632029990495,2026-03-23T04:00:00.000Z
2026-03-23T04:00:00.000Z,72179.03149598069,72654.73419030335,71652.0813382452,72127.44404059218,211.3921370875985,2026-03-23T05:00:00.000Z
2026-03-23T05:00:00.000Z,72127.44404059218,72243.18083582916,71998.3661859626,72114.08153952686,476.8177245635622,2026-03-23T06:00:00.000Z
2026-03-23T06:00:00.000Z,72114.08153952686,72599.91817695001,71623.40665613653,72109.21047693609,370.7580693395613,2026-03-23T07:00:00.000Z
2026-03-23T07:00:00.000Z,72109.21047693609,72276.43658066323,71997.11537800654,72164.25591258775,279.17821890636264,2026-03-23T08:00:00.000Z
2026-03-23T08:00:00.000Z,72164.25591258775,72525.7636872918,71661.06886949476,72021.86332669543,288.41932275724565,2026-03-23T09:00:00.000Z
2026-03-23T09:00:00.000Z,72021.86332669543,72591.18441475298,71868.98659844106,72437.42559601684,526.6552272376862,2026-03-23T10:00:00.000Z
2026-03-23T10:00:00.000Z,72437.42559601684,72779.92645478058,72110.6480701331,72453.07831681566,323.0630277763414,2026-03-23T11:00:00.000Z
2026-03-23T11:00:00.000Z,72453.07831681566,72651.9079057327,72298.16207006393,72496.89796557723,204.8814532835416,2026-03-23T12:00:00.000Z
2026-03-23T12:00:00.000Z,72496.89796557723,73279.8716651956,72111.39551072186,72892.26683528528,126.8848365297936,2026-03-23T13:00:00.000Z
2026-03-23T13:00:00.000Z,72892.26683528528,73033.00558047643,72613.55583196937,72754.0276680936,257.66266358907455,2026-03-23T14:00:00.000Z
2026-03-23T14:00:00.000Z,72754.0276680936,73147.13845035277,72422.75888037508,72815.58935560186,282.18631799434604,2026-03-23T15:00:00.000Z
2026-03-23T15:00:00.000Z,72815.58935560186,73309.47378959529,72349.68165886927,72843.38822289903,693.1268461016597,2026-03-23T16:00:00.000Z
2026-03-23T16:00:00.000Z,72843.38822289903,73277.75721226526,72522.03887601,72955.91146793804,225.11794917523764,2026-03-23T17:00:00.000Z
2026-03-23T17:00:00.000Z,72955.91146793804,73661.28735328841,72556.37235764478,73260.08246694118,262.8096695816189,2026-03-23T18:00:00.000Z
2026-03-23T18:00:00.000Z,73260.08246694118,73625.47921145834,73073.50695984179,73438.44944729713,531.7198483421093,2026-03-23T19:00:00.000Z
2026-03-23T19:00:00.000Z,73438.44944729713,73554.98127794056,73133.89527866076,73250.1282820509,527.8727484065446,2026-03-23T20:00:00.000Z
2026-03-23T20:00:00.000Z,73250.1282820509,73723.6559782606,72744.5304235512,73217.84945227791,136.59035257836354,2026-03-23T21:00:00.000Z
2026-03-23T21:00:00.000Z,73217.84945227791,73722.09295941268,73030.72583697212,73534.1609435563,582.3773453395709,2026-03-23T22:00:00.000Z
2026-03-23T22:00:00.000Z,73534.1609435563,73855.32452197543,73025.85902712858,73346.20168548627,128.80080241188443,2026-03-23T23:00:00.000Z
2026-03-23T23:00:00.000Z,73346.20168548627,73923.43107713688,72955.4887731888,73531.72986207088,436.1028676555039,2026-03-24T00:00:00.000Z
2026-03-24T00:00:00.000Z,73531.72986207088,74137.57287227866,73141.5686434575,73746.2732808584,636.7128519046646,2026-03-24T01:00:00.000Z
2026-03-24T01:00:00.000Z,73746.2732808584,74176.41335560205,73147.22656621276,73576.37567878296,223.14217841399005,2026-03-24T02:00:00.000Z
2026-03-24T02:00:00.000Z,73576.37567878296,73877.96101993766,73235.15127240717,73536.57346657841,492.8399573978223,2026-03-24T03:00:00.000Z
2026-03-24T03:00:00.000Z,73536.57346657841,73744.75494571937,73080.77477580743,73288.25326234238,648.8931977883416,2026-03-24T04:00:00.000Z
2026-03-24T04:00:00.000Z,73288.25326234238,73449.24411908105,73084.833734888,73245.73118421849,160.4558199925608,2026-03-24T05:00:00.000Z
2026-03-24T05:00:00.000Z,73245.73118421849,73469.78825923416,73015.43096634187,73239.46888512284,424.2036569510604,2026-03-24T06:00:00.000Z
2026-03-24T06:00:00.000Z,73239.46888512284,73554.60499129916,72928.96183993877,73244.07840353831,518.5050487604481,2026-03-24T07:00:00.000Z
2026-03-24T07:00:00.000Z,73244.07840353831,73358.60630865351,72831.44876166717,72945.5098108098,622.009733096701,2026-03-24T08:00:00.000Z
2026-03-24T08:00:00.000Z,72945.5098108098,73410.11008255732,72405.84099238686,72869.96007719278,616.0723429713735,2026-03-24T09:00:00.000Z
2026-03-24T09:00:00.000Z,72869.96007719278,73221.81423291496,72237.13814041765,72587.62905477919,295.7802615108808,2026-03-24T10:00:00.000Z
2026-03-24T10:00:00.000Z,72587.62905477919,73037.3610746081,71913.38092608389,72361.71323664382,132.58979731825636,2026-03-24T11:00:00.000Z
2026-03-24T11:00:00.000Z,72361.71323664382,72933.13423859692,72063.34129059387,72633.64104175333,697.5238961156103,2026-03-24T12:00:00.000Z
2026-03-24T12:00:00.000Z,72633.64104175333,73204.49166732769,72169.72477579069,72739.89673862114,151.23951456101588,2026-03-24T13:00:00.000Z
2026-03-24T13:00:00.000Z,72739.89673862114,73128.518429918,72238.33745454634,72626.35252214115,342.916991209107,2026-03-24T14:00:00.000Z
2026-03-24T14:00:00.000Z,72626.35252214115,73139.91503571255,72133.85629965614,72647.27692000901,218.39780161082643,2026-03-24T15:00:00.000Z
2026-03-24T15:00:00.000Z,72647.27692000901,72958.9360669115,72363.1746368089,72674.72643666842,326.84701170159826,2026-03-24T16:00:00.000Z
2026-03-24T16:00:00.000Z,72674.72643666842,73121.90485290463,72152.89503841777,72599.61125978264,597.4303409910901,2026-03-24T17:00:00.000Z
2026-03-24T17:00:00.000Z,72599.61125978264,73232.38441861962,72213.66220559427,72845.13015379329,221.6074226059054,2026-03-24T18:00:00.000Z
2026-03-24T18:00:00.000Z,72845.13015379329,73195.40695312407,72461.46093305928,72811.57638865392,268.81426860057485,2026-03-24T19:00:00.000Z
2026-03-24T19:00:00.000Z,72811.57638865392,73482.8181967682,72332.69446600531,73002.67938920013,168.16433894828162,2026-03-24T20:00:00.000Z
2026-03-24T20:00:00.000Z,73002.67938920013,73088.33799873083,72863.85963783508,72949.45579679606,470.4259458791585,2026-03-24T21:00:00.000Z
2026-03-24T21:00:00.000Z,72949.45579679606,73094.09693731333,72654.48876466163,72798.83125311152,621.9106520162479,2026-03-24T22:00:00.000Z
2026-03-24T22:00:00.000Z,72798.83125311152,73077.55108528885,72592.05200774607,72870.56807722419,293.6422947764594,2026-03-24T23:00:00.000Z
2026-03-24T23:00:00.000Z,72870.56807722419,72968.15033567998,72619.64932269805,72717.02597021975,654.9093020869927,2026-03-25T00:00:00.000Z
2026-03-25T00:00:00.000Z,72717.02597021975,73293.53231678443,72441.10884347983,73016.47894713741,439.8379121626904,2026-03-25T01:00:00.000Z
2026-03-25T01:00:00.000Z,73016.47894713741,73131.69609912168,72867.50508563392,72982.66888666328,678.9571370831492,2026-03-25T02:00:00.000Z
2026-03-25T02:00:00.000Z,72982.66888666328,73440.41793893639,72575.50610914006,73032.97451152389,251.84291570998866,2026-03-25T03:00:00.000Z
2026-03-25T03:00:00.000Z,73032.97451152389,73269.64885908837,72727.77761518216,72964.22918316183,361.3459143141964,2026-03-25T04:00:00.000Z
2026-03-25T04:00:00.000Z,72964.22918316183,73221.61462157962,72875.9167140165,73133.09776185395,240.18254174859382,2026-03-25T05:00:00.000Z
2026-03-25T05:00:00.000Z,73133.09776185395,73666.4763008937,72777.75359620199,73310.27127230588,301.68129932213634,2026-03-25T06:00:00.000Z
2026-03-25T06:00:00.000Z,73310.27127230588,73709.56592610864,72879.19185521228,73278.31244076576,567.7994013148357,2026-03-25T07:00:00.000Z
2026-03-25T07:00:00.000Z,73278.31244076576,74009.62174318828,72788.47685888749,73518.18272644575,392.87447160709394,2026-03-25T08:00:00.000Z
2026-03-25T08:00:00.000Z,73518.18272644575,73941.86214839108,73376.32403714635,73799.4607127263,633.0873747975972,2026-03-25T09:00:00.000Z
2026-03-25T09:00:00.000Z,73799.4607127263,74393.68548267253,73331.04992391169,73924.48117944914,130.69951582266927,2026-03-25T10:00:00.000Z
2026-03-25T10:00:00.000Z,73924.48117944914,74737.69657614322,73424.61275250651,74235.72356571838,690.7189390578861,2026-03-25T11:00:00.000Z
2026-03-25T11:00:00.000Z,74235.72356571838,74754.92242842591,73341.39042137234,73857.94714524908,684.7614418644279,2026-03-25T12:00:00.000Z
2026-03-25T12:00:00.000Z,73857.94714524908,74150.61168432607,73270.38567867798,73561.87703020913,428.89910774719857,2026-03-25T13:00:00.000Z
2026-03-25T13:00:00.000Z,73561.87703020913,73897.88396307218,72846.78018325997,73181.04761013774,495.62667114456497,2026-03-25T14:00:00.000Z
2026-03-25T14:00:00.000Z,73181.04761013774,73285.4053199874,72796.75391947663,72900.71186466943,313.47530736284114,2026-03-25T15:00:00.000Z
2026-03-25T15:00:00.000Z,72900.71186466943,73259.86365021246,72680.06322274481,73038.79706570129,176.01158035733346,2026-03-25T16:00:00.000Z
2026-03-25T16:00:00.000Z,73038.79706570129,73176.34465973494,72653.76731736778,72790.84797050347,115.67248842477449,2026-03-25T17:00:00.000Z
2026-03-25T17:00:00.000Z,72790.84797050347,73060.34719802068,72146.13236168984,72414.23723393562,586.5519759648256,2026-03-25T18:00:00.000Z
2026-03-25T18:00:00.000Z,72414.23723393562,72748.86785851492,71783.67311126422,72116.92986026402,217.61848773696389,2026-03-25T19:00:00.000Z
2026-03-25T19:00:00.000Z,72116.92986026402,72550.99654774679,71748.77125841983,72182.5031925185,612.5340675527855,2026-03-25T20:00:00.000Z
2026-03-25T20:00:00.000Z,72182.5031925185,72734.66621186904,71855.54829830037,72406.69582393917,629.5141940608221,2026-03-25T21:00:00.000Z
2026-03-25T21:00:00.000Z,72406.69582393917,72780.57869218223,72023.873784773,72397.71025467721,147.32915975494737,2026-03-25T22:00:00.000Z
2026-03-25T22:00:00.000Z,72397.71025467721,72867.89035741398,72045.32197517238,72514.93151568636,231.39400870138502,2026-03-25T23:00:00.000Z
2026-03-25T23:00:00.000Z,72514.93151568636,72968.17296654469,72046.3111229094,72499.45584589553,111.06501017281087,2026-03-26T00:00:00.000Z
2026-03-26T00:00:00.000Z,72499.45584589553,72883.25364287505,72351.73654785393,72735.05430758387,264.6573103799751,2026-03-26T01:00:00.000Z
2026-03-26T01:00:00.000Z,72735.05430758387,73207.28938710217,72091.84804674411,72562.9658353752,408.0503417682137,2026-03-26T02:00:00.000Z
2026-03-26T02:00:00.000Z,72562.9658353752,72922.52350686469,71823.99847062111,72181.6667622417,657.8669206043086,2026-03-26T03:00:00.000Z
2026-03-26T03:00:00.000Z,72181.6667622417,72745.96499635145,71743.83782430939,72307.37356458616,542.8664962960717,2026-03-26T04:00:00.000Z
2026-03-26T04:00:00.000Z,72307.37356458616,72679.74961509724,71831.3455009517,72203.18499028105,444.07493879277024,2026-03-26T05:00:00.000Z
2026-03-26T05:00:00.000Z,72203.18499028105,72571.52775605443,71527.50567305823,71894.27252953916,649.5591525684852,2026-03-26T06:00:00.000Z
2026-03-26T06:00:00.000Z,71894.27252953916,72154.53831161853,71298.8411450313,71557.88917954074,333.0706362766543,2026-03-26T07:00:00.000Z
2026-03-26T07:00:00.000Z,71557.88917954074,71711.21858421198,71474.28355645208,71627.53159347152,468.46948981679486,2026-03-26T08:00:00.000Z
2026-03-26T08:00:00.000Z,71627.53159347152,71759.9723993147,71402.25969919984,71534.52854045044,249.4949454206484,2026-03-26T09:00:00.000Z
2026-03-26T09:00:00.000Z,71534.52854045044,71852.36688117612,71225.54296328564,71543.34322992359,199.94616075416383,2026-03-26T10:00:00.000Z
2026-03-26T10:00:00.000Z,71543.34322992359,71692.45609380014,71439.15719605003,71588.20472971519,143.8136646728095,2026-03-26T11:00:00.000Z
2026-03-26T11:00:00.000Z,71588.20472971519,71830.21178145104,71156.9487897495,71398.31390726914,279.73185115481346,2026-03-26T12:00:00.000Z
2026-03-26T12:00:00.000Z,71398.31390726914,71618.35413864453,71121.23543830079,71341.09934189596,496.7832173205834,2026-03-26T13:00:00.000Z
2026-03-26T13:00:00.000Z,71341.09934189596,71777.45925039725,70829.12460875836,71265.01917068024,250.41951236800267,2026-03-26T14:00:00.000Z
2026-03-26T14:00:00.000Z,71265.01917068024,71486.37554399436,70930.87580107625,71151.88075500302,424.56395054448575,2026-03-26T15:00:00.000Z
2026-03-26T15:00:00.000Z,71151.88075500302,71611.86152095438,70627.93524555961,71087.49980326492,544.178271966138,2026-03-26T16:00:00.000Z
2026-03-26T16:00:00.000Z,71087.49980326492,71282.29701553113,70571.80886478529,70765.7243332187,530.8677602703067,2026-03-26T17:00:00.000Z
2026-03-26T17:00:00.000Z,70765.7243332187,71167.97595899788,70139.84100395493,70540.8141792421,355.9597133919409,2026-03-26T18:00:00.000Z
2026-03-26T18:00:00.000Z,70540.8141792421,70849.28158990497,70347.28041724791,70655.43336199637,120.49199082911574,2026-03-26T19:00:00.000Z
2026-03-26T19:00:00.000Z,70655.43336199637,70734.53931382736,70156.47682002732,70235.11217949714,114.77996856662443,2026-03-26T20:00:00.000Z
2026-03-26T20:00:00.000Z,70235.11217949714,70376.33350504274,69674.8636703569,69815.2407629232,173.5708416782184,2026-03-26T21:00:00.000Z
2026-03-26T21:00:00.000Z,69815.2407629232,70283.54705183014,69450.66954547455,69918.43694976173,319.8324914182688,2026-03-26T22:00:00.000Z
2026-03-26T22:00:00.000Z,69918.43694976173,70218.59219813981,69742.47613422098,70042.3196122667,347.6256775891528,2026-03-26T23:00:00.000Z
2026-03-26T23:00:00.000Z,70042.3196122667,70207.47215526985,69707.67267451153,69872.42462270679,516.7132378633662,2026-03-27T00:00:00.000Z
2026-03-27T00:00:00.000Z,69872.42462270679,70338.44857302362,69504.16160516202,69969.67300730613,339.05742654533003,2026-03-27T01:00:00.000Z
2026-03-27T01:00:00.000Z,69969.67300730613,70241.63905111584,69521.76978065383,69793.04930346219,534.9719535722267,2026-03-27T02:00:00.000Z
2026-03-27T02:00:00.000Z,69793.04930346219,70067.5671188738,69275.94365118993,69549.50352514916,516.9262114059768,2026-03-27T03:00:00.000Z
2026-03-27T03:00:00.000Z,69549.50352514916,70099.34755034806,69075.50284294986,69624.83347201515,473.5216447960221,2026-03-27T04:00:00.000Z
2026-03-27T04:00:00.000Z,69624.83347201515,70167.7300776022,69262.33464342558,69804.29688016769,695.3452472553333,2026-03-27T05:00:00.000Z
2026-03-27T05:00:00.000Z,69804.29688016769,69985.38099127919,69582.39485364158,69763.37280079373,419.06970800788594,2026-03-27T06:00:00.000Z
2026-03-27T06:00:00.000Z,69763.37280079373,69845.61326522878,69678.95395203099,69761.19184544956,691.0848027053684,2026-03-27T07:00:00.000Z
2026-03-27T07:00:00.000Z,69761.19184544956,70126.96010779408,69141.49857563559,69505.92845420848,559.056633179568,2026-03-27T08:00:00.000Z
2026-03-27T08:00:00.000Z,69505.92845420848,70132.59823882837,69045.45157645209,69671.02757912771,439.9603170063162,2026-03-27T09:00:00.000Z
2026-03-27T09:00:00.000Z,69671.02757912771,69989.18091411577,69464.46824133053,69782.29170256108,507.40209678532653,2026-03-27T10:00:00.000Z
2026-03-27T10:00:00.000Z,69782.29170256108,69944.57545465913,69203.92679775902,69365.24066759727,189.06316472639477,2026-03-27T11:00:00.000Z
2026-03-27T11:00:00.000Z,69365.24066759727,69816.40772312386,68995.65130342431,69446.38600331076,644.8955001984236,2026-03-27T12:00:00.000Z
2026-03-27T12:00:00.000Z,69446.38600331076,69861.34848261843,68878.34908490076,69292.39140139669,474.3436172485089,2026-03-27T13:00:00.000Z
2026-03-27T13:00:00.000Z,69292.39140139669,69899.1510864368,68880.9101438324,69486.51704625302,155.37702732504206,2026-03-27T14:00:00.000Z
2026-03-27T14:00:00.000Z,69486.51704625302,69960.7771609011,68717.89181374757,69190.12901767295,331.5025104356476,2026-03-27T15:00:00.000Z
2026-03-27T15:00:00.000Z,69190.12901767295,69649.54902781798,68789.21743888373,69248.30038397861,558.0867894264343,2026-03-27T16:00:00.000Z
2026-03-27T16:00:00.000Z,69248.30038397861,69451.93561354105,69105.06541709969,69308.57597108633,603.1391175012752,2026-03-27T17:00:00.000Z
2026-03-27T17:00:00.000Z,69308.57597108633,69639.09402831478,69032.85746601514,69363.15838731207,242.59978567371135,2026-03-27T18:00:00.000Z
2026-03-27T18:00:00.000Z,69363.15838731207,69824.78979876143,68765.16590830995,69225.88371806072,333.23207480517783,2026-03-27T19:00:00.000Z
2026-03-27T19:00:00.000Z,69225.88371806072,69298.83341488197,68868.07416151007,68940.7233585666,508.56319042321445,2026-03-27T20:00:00.000Z
2026-03-27T20:00:00.000Z,68940.7233585666,69386.79183892946,68407.25134963282,68852.75061829241,265.3417975480397,2026-03-27T21:00:00.000Z
2026-03-27T21:00:00.000Z,68852.75061829241,68943.97370328798,68651.1762823305,68742.25296886887,161.27787598468265,2026-03-27T22:00:00.000Z
2026-03-27T22:00:00.000Z,68742.25296886887,69138.87126187743,68233.56635293405,68629.53429940401,439.8302388097301,2026-03-27T23:00:00.000Z
2026-03-27T23:00:00.000Z,68629.53429940401,68921.55842798867,68051.25479115354,68342.05567532103,112.21587844761828,2026-03-28T00:00:00.000Z
2026-03-28T00:00:00.000Z,68342.05567532103,68756.37577036038,67628.43049448325,68040.92500074749,554.786926905991,2026-03-28T01:00:00.000Z
2026-03-28T01:00:00.000Z,68040.92500074749,68122.3799288216,67753.06555445789,67834.27309000278,243.45197628412953,2026-03-28T02:00:00.000Z
2026-03-28T02:00:00.000Z,67834.27309000278,68119.44944916414,67337.35761907378,67621.6400656307,689.4370571660982,2026-03-28T03:00:00.000Z
2026-03-28T03:00:00.000Z,67621.6400656307,67752.02866459727,67149.88956972111,67279.61868025747,139.47438161795696,2026-03-28T04:00:00.000Z
2026-03-28T04:00:00.000Z,67279.61868025747,67505.49757817137,67093.48731510427,67319.2565534868,314.0077395429871,2026-03-28T05:00:00.000Z
2026-03-28T05:00:00.000Z,67319.2565534868,67485.88820560148,67174.29636882259,67340.88145551228,491.9929660819438,2026-03-28T06:00:00.000Z
2026-03-28T06:00:00.000Z,67340.88145551228,67610.41039271443,66889.61542629343,67158.41404565611,328.3526518514159,2026-03-28T07:00:00.000Z
2026-03-28T07:00:00.000Z,67158.41404565611,67354.20703318746,66878.65540982621,67074.20288896987,296.44365645779465,2026-03-28T08:00:00.000Z
2026-03-28T08:00:00.000Z,67074.20288896987,67547.35310503814,66623.2053341266,67096.20759363969,391.62744306569334,2026-03-28T09:00:00.000Z
2026-03-28T09:00:00.000Z,67096.20759363969,67971.74835386252,66629.74466025803,67502.46108506604,679.3506462030815,2026-03-28T10:00:00.000Z
2026-03-28T10:00:00.000Z,67502.46108506604,68039.55384187217,67134.89241110258,67671.06706395978,654.027246196767,2026-03-28T11:00:00.000Z
2026-03-28T11:00:00.000Z,67671.06706395978,67956.78517113697,67340.81538887222,67626.34467092753,585.1728869067379,2026-03-28T12:00:00.000Z
2026-03-28T12:00:00.000Z,67626.34467092753,67977.23735179754,67398.42385783484,67748.90347921786,456.8389565482917,2026-03-28T13:00:00.000Z
2026-03-28T13:00:00.000Z,67748.90347921786,68103.6036448755,67610.7777738662,67965.03728833538,592.3293614258661,2026-03-28T14:00:00.000Z
2026-03-28T14:00:00.000Z,67965.03728833538,68824.0534513291,67517.29550655397,68373.6199980976,357.7249715373502,2026-03-28T15:00:00.000Z
2026-03-28T15:00:00.000Z,68373.6199980976,68793.40587455407,67957.54538612929,68377.30881499473,579.0042210738194,2026-03-28T16:00:00.000Z
2026-03-28T16:00:00.000Z,68377.30881499473,68847.49613915753,68158.58471710923,68627.97023007418,192.74123212915902,2026-03-28T17:00:00.000Z
2026-03-28T17:00:00.000Z,68627.97023007418,69331.30826427514,68258.5794967735,68960.12967942997,184.4898388183163,2026-03-28T18:00:00.000Z
2026-03-28T18:00:00.000Z,68960.12967942997,69319.0534571191,68851.05285291038,69209.58206239861,426.29913386250803,2026-03-28T19:00:00.000Z
2026-03-28T19:00:00.000Z,69209.58206239861,69476.93611391327,68869.4043826538,69136.47602826696,481.8354715508574,2026-03-28T20:00:00.000Z
2026-03-28T20:00:00.000Z,69136.47602826696,69758.51661835049,68857.60654340289,69478.26847652483,485.98818685206965,2026-03-28T21:00:00.000Z
2026-03-28T21:00:00.000Z,69478.26847652483,69959.12542089858,68918.23736239439,69398.54252593321,472.6484717673848,2026-03-28T22:00:00.000Z
2026-03-28T22:00:00.000Z,69398.54252593321,69910.32006412628,69015.48929975153,69526.56022952627,216.68535001421597,2026-03-28T23:00:00.000Z
2026-03-28T23:00:00.000Z,69526.56022952627,70101.925469708,69109.45801345966,69683.87946751737,418.59808485889715,2026-03-29T00:00:00.000Z
2026-03-29T00:00:00.000Z,69683.87946751737,70101.4467075354,69369.29848452889,69786.40289268231,353.9497064677764,2026-03-29T01:00:00.000Z
2026-03-29T01:00:00.000Z,69786.40289268231,70413.66501275986,69320.25620149422,69946.44927248359,438.2659842904033,2026-03-29T02:00:00.000Z
2026-03-29T02:00:00.000Z,69946.44927248359,70454.14628460482,69498.32911787482,70005.64687360146,602.2397786854951,2026-03-29T03:00:00.000Z
2026-03-29T03:00:00.000Z,70005.64687360146,70628.4969005989,69556.2875313934,70178.0310414209,247.52255619853855,2026-03-29T04:00:00.000Z
2026-03-29T04:00:00.000Z,70178.0310414209,70418.6384991976,69970.7962508573,70211.30544974958,484.70516446265634,2026-03-29T05:00:00.000Z
2026-03-29T05:00:00.000Z,70211.30544974958,70367.99938787038,70012.27537597483,70168.87461917581,298.8062914455339,2026-03-29T06:00:00.000Z
2026-03-29T06:00:00.000Z,70168.87461917581,70954.34804716088,69762.70647196929,70545.99695089644,226.95482705112306,2026-03-29T07:00:00.000Z
2026-03-29T07:00:00.000Z,70545.99695089644,70745.65476519159,70293.36534664477,70492.8728101008,482.20720476573666,2026-03-29T08:00:00.000Z
2026-03-29T08:00:00.000Z,70492.8728101008,70800.07754743274,70160.92198445062,70468.01840742478,214.24858212203188,2026-03-29T09:00:00.000Z
2026-03-29T09:00:00.000Z,70468.01840742478,70878.71863315816,70053.03051603411,70463.7056059887,420.46150933972626,2026-03-29T10:00:00.000Z
2026-03-29T10:00:00.000Z,70463.7056059887,70795.96911211169,70361.07168669743,70693.00121227615,623.7970649841228,2026-03-29T11:00:00.000Z
2026-03-29T11:00:00.000Z,70693.00121227615,71098.328783713,70370.03368629032,70774.98669943286,233.6725843761454,2026-03-29T12:00:00.000Z
2026-03-29T12:00:00.000Z,70774.98669943286,71014.9561382725,70593.71413100474,70833.53361644254,296.0510355402022,2026-03-29T13:00:00.000Z
2026-03-29T13:00:00.000Z,70833.53361644254,71228.03364863186,70705.37701067349,71099.39602741078,631.0346673852926,2026-03-29T14:00:00.000Z
2026-03-29T14:00:00.000Z,71099.39602741078,71381.86873193593,70731.62767461181,71013.76015407039,498.2756758100706,2026-03-29T15:00:00.000Z
2026-03-29T15:00:00.000Z,71013.76015407039,71336.35309015668,70733.18978890395,71055.61735015633,127.33532415113194,2026-03-29T16:00:00.000Z
2026-03-29T16:00:00.000Z,71055.61735015633,71456.84889576022,70916.28672875698,71317.0057264968,429.31290721954446,2026-03-29T17:00:00.000Z
2026-03-29T17:00:00.000Z,71317.0057264968,71630.53561138542,71198.79442092251,71512.00109178276,639.6360702531581,2026-03-29T18:00:00.000Z
2026-03-29T18:00:00.000Z,71512.00109178276,71951.18654363333,70948.65277594887,71387.07097912594,689.719991101753,2026-03-29T19:00:00.000Z
2026-03-29T19:00:00.000Z,71387.07097912594,71548.93791618577,71058.61514276976,71220.10348863789,310.8187950266613,2026-03-29T20:00:00.000Z
2026-03-29T20:00:00.000Z,71220.10348863789,71502.52285452279,70992.8856458804,71275.12945905361,439.783941926334,2026-03-29T21:00:00.000Z
2026-03-29T21:00:00.000Z,71275.12945905361,71886.7534204701,71059.99065270585,71670.42145391933,670.9936682931118,2026-03-29T22:00:00.000Z
2026-03-29T22:00:00.000Z,71670.42145391933,72168.82453151628,71291.62882664696,71789.40306245424,438.35565277298707,2026-03-29T23:00:00.000Z
2026-03-29T23:00:00.000Z,71789.40306245424,72302.83828961325,71669.07894635659,72181.85639397976,572.050169795775,2026-03-30T00:00:00.000Z
2026-03-30T00:00:00.000Z,72181.85639397976,72691.98526415006,72071.01840799979,72580.53509186546,178.7765914009775,2026-03-30T01:00:00.000Z
2026-03-30T01:00:00.000Z,72580.53509186546,73088.86975628727,72310.9982907717,72818.44943084662,287.4873118416813,2026-03-30T02:00:00.000Z
2026-03-30T02:00:00.000Z,72818.44943084662,73604.67610377373,72383.85467559344,73167.995191025,546.4778920852011,2026-03-30T03:00:00.000Z
2026-03-30T03:00:00.000Z,73167.995191025,73535.02612280817,72992.56592456644,73359.1385666004,684.9376168963208,2026-03-30T04:00:00.000Z
2026-03-30T04:00:00.000Z,73359.1385666004,73566.19829299938,73005.76813519192,73212.41372360563,257.2611212531389,2026-03-30T05:00:00.000Z
2026-03-30T05:00:00.000Z,73212.41372360563,73566.76152147813,72757.22542483515,73111.08278134093,381.46773655035895,2026-03-30T06:00:00.000Z
2026-03-30T06:00:00.000Z,73111.08278134093,73506.07712025847,72769.26723747035,73164.01410706858,160.5846903568994,2026-03-30T07:00:00.000Z
2026-03-30T07:00:00.000Z,73164.01410706858,73452.39229990481,72730.27484632123,73018.0778268585,530.305165811584,2026-03-30T08:00:00.000Z
2026-03-30T08:00:00.000Z,73018.0778268585,73601.21022756421,72610.18901494733,73192.3479194568,416.4437887801061,2026-03-30T09:00:00.000Z
2026-03-30T09:00:00.000Z,73192.3479194568,73287.61792392873,72977.39696322689,73072.51098328554,664.4357980063352,2026-03-30T10:00:00.000Z
2026-03-30T10:00:00.000Z,73072.51098328554,73603.93919061219,72863.26548538965,73393.77374640654,138.79303319323483,2026-03-30T11:00:00.000Z
2026-03-30T11:00:00.000Z,73393.77374640654,73961.55328504946,72945.54015362382,73512.59402796337,242.89392872848265,2026-03-30T12:00:00.000Z
2026-03-30T12:00:00.000Z,73512.59402796337,73803.80908965811,73366.91677363851,73657.84399870867,582.529173736707,2026-03-30T13:00:00.000Z
2026-03-30T13:00:00.000Z,73657.84399870867,73805.92613223259,73488.98689175685,73637.02717502427,288.4971708005746,2026-03-30T14:00:00.000Z
2026-03-30T14:00:00.000Z,73637.02717502427,73900.41788094657,73137.69809285857,73400.24184640855,259.84595518552044,2026-03-30T15:00:00.000Z
2026-03-30T15:00:00.000Z,73400.24184640855,73957.79630326168,72891.81838885343,73449.03486974076,550.5394734677577,2026-03-30T16:00:00.000Z
2026-03-30T16:00:00.000Z,73449.03486974076,73781.12274116706,73040.50363234557,73372.24430772866,611.8385629317903,2026-03-30T17:00:00.000Z
2026-03-30T17:00:00.000Z,73372.24430772866,73674.50833316718,73052.51191700209,73354.70368214452,405.48458979720465,2026-03-30T18:00:00.000Z
2026-03-30T18:00:00.000Z,73354.70368214452,73845.17394543589,72638.16004441142,73127.10854232789,234.80915619750002,2026-03-30T19:00:00.000Z
2026-03-30T19:00:00.000Z,73127.10854232789,73320.43373727055,72770.76357112943,72963.65665041078,244.94181347309697,2026-03-30T20:00:00.000Z
2026-03-30T20:00:00.000Z,72963.65665041078,73074.0686259165,72580.98380096832,72690.98315434474,512.8731686681849,2026-03-30T21:00:00.000Z
2026-03-30T21:00:00.000Z,72690.98315434474,72999.89406292395,72243.96794859997,72552.28945813888,579.1716602068263,2026-03-30T22:00:00.000Z
2026-03-30T22:00:00.000Z,72552.28945813888,72792.1956724505,72259.71537343218,72499.44685488567,314.1378023727507,2026-03-30T23:00:00.000Z
2026-03-30T23:00:00.000Z,72499.44685488567,72894.97161414417,72025.41969239016,72420.51382813696,552.2035519835556,2026-03-31T00:00:00.000Z
2026-03-31T00:00:00.000Z,72420.51382813696,73069.3202252538,72098.06923669917,72745.42898383945,536.9757408448381,2026-03-31T01:00:00.000Z
2026-03-31T01:00:00.000Z,72745.42898383945,73110.68752265313,72341.7573162266,72706.82200742692,481.105787763887,2026-03-31T02:00:00.000Z
2026-03-31T02:00:00.000Z,72706.82200742692,72847.83334762053,72520.44395350412,72661.36713618877,435.7937249056034,2026-03-31T03:00:00.000Z
2026-03-31T03:00:00.000Z,72661.36713618877,73064.89046357996,72039.73942796265,72442.04475325422,131.01933544083468,2026-03-31T04:00:00.000Z
2026-03-31T04:00:00.000Z,72442.04475325422,73012.66991485238,72150.49138528698,72719.99788476145,417.48187212156216,2026-03-31T05:00:00.000Z
2026-03-31T05:00:00.000Z,72719.99788476145,72996.71524802982,72260.04072048704,72536.05814810624,674.2295531436008,2026-03-31T06:00:00.000Z
2026-03-31T06:00:00.000Z,72536.05814810624,72904.1041832026,71940.42870604749,72307.31409991051,627.2210961800167,2026-03-31T07:00:00.000Z
2026-03-31T07:00:00.000Z,72307.31409991051,72539.78440111455,71986.56675632199,72218.75232863103,503.6440956423265,2026-03-31T08:00:00.000Z
2026-03-31T08:00:00.000Z,72218.75232863103,72481.63097558357,72129.24009028469,72391.9041225541,560.0399866048433,2026-03-31T09:00:00.000Z
2026-03-31T09:00:00.000Z,72391.9041225541,72880.04001160307,71909.65837996756,72397.75529088697,147.26797437633758,2026-03-31T10:00:00.000Z
2026-03-31T10:00:00.000Z,72397.75529088697,72493.08979942363,72027.66571236914,72122.63794203213,372.3263211885124,2026-03-31T11:00:00.000Z
2026-03-31T11:00:00.000Z,72122.63794203213,72473.86005627736,71665.78892094854,72016.49413713465,656.3611052727146,2026-03-31T12:00:00.000Z
2026-03-31T12:00:00.000Z,72016.49413713465,72562.56173421106,71551.39342722403,72096.94147507171,385.13097105786716,2026-03-31T13:00:00.000Z
2026-03-31T13:00:00.000Z,72096.94147507171,72683.97229594614,71846.63328252888,72432.49910497043,101.60902170539322,2026-03-31T14:00:00.000Z
2026-03-31T14:00:00.000Z,72432.49910497043,72799.64304099983,71802.25160860048,72168.05513804338,287.7148992324783,2026-03-31T15:00:00.000Z
2026-03-31T15:00:00.000Z,72168.05513804338,72313.62114830193,71847.30407484589,71992.51601529204,642.7685570636618,2026-03-31T16:00:00.000Z
2026-03-31T16:00:00.000Z,71992.51601529204,72673.02352176694,71556.2927933736,72235.32902644522,641.4554450388325,2026-03-31T17:00:00.000Z
2026-03-31T17:00:00.000Z,72235.32902644522,72350.72497569611,71855.3766926682,71970.34933682407,518.5089882549406,2026-03-31T18:00:00.000Z
2026-03-31T18:00:00.000Z,71970.34933682407,72377.73924146559,71342.06302725301,71748.19542429487,643.0355030778029,2026-03-31T19:00:00.000Z
2026-03-31T19:00:00.000Z,71748.19542429487,72212.93908965713,71188.38768247794,71652.5115626552,210.78867861572127,2026-03-31T20:00:00.000Z
2026-03-31T20:00:00.000Z,71652.5115626552,71995.26625120192,71244.16941502423,71586.60885345515,343.3736392498825,2026-03-31T21:00:00.000Z
2026-03-31T21:00:00.000Z,71586.60885345515,71763.53281662619,71296.32804041127,71472.971151718,595.097492213872,2026-03-31T22:00:00.000Z
2026-03-31T22:00:00.000Z,71472.971151718,71986.07211925657,70978.10011754541,71491.07573095769,582.9563727988659,2026-03-31T23:00:00.000Z
2026-03-31T23:00:00.000Z,71491.07573095769,71607.24619362719,71333.26049064011,71449.36317188044,477.8948608682933,2026-04-01T00:00:00.000Z
2026-04-01T00:00:00.000Z,71449.36317188044,71606.25989682628,71284.1898150937,71441.06832526182,674.2609042554446,2026-04-01T01:00:00.000Z
2026-04-01T01:00:00.000Z,71441.06832526182,71741.49364488132,70838.60159526716,71137.75140087081,311.1431989870701,2026-04-01T02:00:00.000Z
2026-04-01T02:00:00.000Z,71137.75140087081,71286.09436607464,70986.2977930431,71134.63425809484,149.8228206531251,2026-04-01T03:00:00.000Z
2026-04-01T03:00:00.000Z,71134.63425809484,71417.89401134315,70871.52584504028,71154.7113384179,469.85934235614695,2026-04-01T04:00:00.000Z
2026-04-01T04:00:00.000Z,71154.7113384179,71529.71719750164,70644.61027489557,71018.90037099532,573.933821485347,2026-04-01T05:00:00.000Z
2026-04-01T05:00:00.000Z,71018.90037099532,71311.84960122565,70781.98490400873,71074.74782993492,330.36732889263305,2026-04-01T06:00:00.000Z
2026-04-01T06:00:00.000Z,71074.74782993492,71527.8915540967,70868.33865776361,71320.76791155532,544.4459569847425,2026-04-01T07:00:00.000Z
2026-04-01T07:00:00.000Z,71320.76791155532,71564.210118502,71130.83469153722,71374.13477801764,445.84731736492705,2026-04-01T08:00:00.000Z
2026-04-01T08:00:00.000Z,71374.13477801764,71761.80390145037,71096.7464861476,71483.98867362444,269.0530670662657,2026-04-01T09:00:00.000Z
2026-04-01T09:00:00.000Z,71483.98867362444,71708.27477920265,71175.91288558977,71399.93526762033,515.9500426687068,2026-04-01T10:00:00.000Z
2026-04-01T10:00:00.000Z,71399.93526762033,71667.25917122989,71046.27374386339,71313.27318153247,400.73013459366285,2026-04-01T11:00:00.000Z
2026-04-01T11:00:00.000Z,71313.27318153247,71655.03289912737,71205.48428687558,71546.89089495833,551.7068789581335,2026-04-01T12:00:00.000Z
2026-04-01T12:00:00.000Z,71546.89089495833,71982.40512592554,70775.29881906281,71208.75477622004,616.0174205508164,2026-04-01T13:00:00.000Z
2026-04-01T13:00:00.000Z,71208.75477622004,71535.19677602396,70830.7156293247,71156.92000319317,226.05396831690052,2026-04-01T14:00:00.000Z
2026-04-01T14:00:00.000Z,71156.92000319317,71543.02716157318,71023.3196213002,71408.95357508601,191.35833070211035,2026-04-01T15:00:00.000Z
2026-04-01T15:00:00.000Z,71408.95357508601,71775.49785126386,70729.94082709683,71094.87291794822,282.9374968926131,2026-04-01T16:00:00.000Z
2026-04-01T16:00:00.000Z,71094.87291794822,71582.71002388961,70477.07298493148,70964.01215359636,587.235959659906,2026-04-01T17:00:00.000Z
2026-04-01T17:00:00.000Z,70964.01215359636,71337.76961869933,70401.43943383342,70774.19717013153,210.3716646835076,2026-04-01T18:00:00.000Z
2026-04-01T18:00:00.000Z,70774.19717013153,71240.91836171605,70375.01773559047,70841.36011585999,655.8251278269222,2026-04-01T19:00:00.000Z
2026-04-01T19:00:00.000Z,70841.36011585999,71325.4663580711,70356.82123459066,70840.92449994784,143.58958566728495,2026-04-01T20:00:00.000Z
2026-04-01T20:00:00.000Z,70840.92449994784,71241.29838138244,70078.88913319662,70477.20738316084,265.05966799569296,2026-04-01T21:00:00.000Z
2026-04-01T21:00:00.000Z,70477.20738316084,70846.3218149837,70112.88200465958,70481.97180723464,222.56702227637498,2026-04-01T22:00:00.000Z
2026-04-01T22:00:00.000Z,70481.97180723464,70789.77191458801,69996.09605234562,70303.11507882405,544.1524995696509,2026-04-01T23:00:00.000Z
2026-04-01T23:00:00.000Z,70303.11507882405,70731.90049246419,69788.15122209373,70216.40779975727,349.82661840032165,2026-04-02T00:00:00.000Z
2026-04-02T00:00:00.000Z,70216.40779975727,70595.19641463402,69505.95644895149,69882.94617563851,684.6250361691345,2026-04-02T01:00:00.000Z
2026-04-02T01:00:00.000Z,69882.94617563851,70276.74376953284,69322.21019516459,69715.06174300272,517.4738388589927,2026-04-02T02:00:00.000Z
2026-04-02T02:00:00.000Z,69715.06174300272,70051.5622941299,69097.60351655787,69432.74136412123,400.1347699668886,2026-04-02T03:00:00.000Z
2026-04-02T03:00:00.000Z,69432.74136412123,69557.68876156183,69112.35747372184,69236.95254020856,496.60999439498875,2026-04-02T04:00:00.000Z
2026-04-02T04:00:00.000Z,69236.95254020856,69686.33064528287,68805.8742371695,69255.13911028487,257.5580864947094,2026-04-02T05:00:00.000Z
2026-04-02T05:00:00.000Z,69255.13911028487,69542.24084400173,68835.84186284326,69122.3932900323,252.38053070026473,2026-04-02T06:00:00.000Z
2026-04-02T06:00:00.000Z,69122.3932900323,69296.79560544749,68796.03817262924,68970.05612701918,364.56333075862534,2026-04-02T07:00:00.000Z
2026-04-02T07:00:00.000Z,68970.05612701918,69243.64475408637,68809.83037647535,69083.15625831018,268.6065368208133,2026-04-02T08:00:00.000Z
2026-04-02T08:00:00.000Z,69083.15625831018,69509.94900000183,68826.52137277165,69252.68433982428,580.5699413086147,2026-04-02T09:00:00.000Z
2026-04-02T09:00:00.000Z,69252.68433982428,69344.83635441471,69090.37370214745,69182.43223483078,246.02947297786804,2026-04-02T10:00:00.000Z
2026-04-02T10:00:00.000Z,69182.43223483078,69487.36213787958,68785.28789894715,69089.80955638435,287.68909582294947,2026-04-02T11:00:00.000Z
2026-04-02T11:00:00.000Z,69089.80955638435,69212.21770766651,68847.46821354942,68969.66349904345,538.4129570044638,2026-04-02T12:00:00.000Z
2026-04-02T12:00:00.000Z,68969.66349904345,69310.83034742063,68628.39546559451,68969.56181095919,187.43895836520892,2026-04-02T13:00:00.000Z
2026-04-02T13:00:00.000Z,68969.56181095919,69132.68380542567,68579.65670097138,68742.2410522432,674.3502075664467,2026-04-02T14:00:00.000Z
2026-04-02T14:00:00.000Z,68742.2410522432,69151.62427873352,68227.64334308715,68636.3962279562,535.259924752293,2026-04-02T15:00:00.000Z
2026-04-02T15:00:00.000Z,68636.3962279562,68721.59133478542,68352.91820998007,68437.86689175005,573.2829373671128,2026-04-02T16:00:00.000Z
2026-04-02T16:00:00.000Z,68437.86689175005,68629.647996559,68102.57375832603,68293.95157413922,368.40003266390414,2026-04-02T17:00:00.000Z
2026-04-02T17:00:00.000Z,68293.95157413922,68402.09126082754,67974.0993767014,68081.90329669652,295.2864464350447,2026-04-02T18:00:00.000Z
2026-04-02T18:00:00.000Z,68081.90329669652,68410.78274915546,67522.35104481572,67850.11079014327,263.7359168211631,2026-04-02T19:00:00.000Z
2026-04-02T19:00:00.000Z,67850.11079014327,67968.37444086216,67633.254675268,67751.34617794669,282.58224669032836,2026-04-02T20:00:00.000Z
2026-04-02T20:00:00.000Z,67751.34617794669,68223.45783334297,67131.20177374162,67602.27465414902,220.56530198108652,2026-04-02T21:00:00.000Z
2026-04-02T21:00:00.000Z,67602.27465414902,67871.24220684377,67065.54837520407,67333.44634714581,560.8770825252295,2026-04-02T22:00:00.000Z
2026-04-02T22:00:00.000Z,67333.44634714581,67587.29414374127,67236.00961444956,67489.63139912988,303.5908114181789,2026-04-02T23:00:00.000Z
2026-04-02T23:00:00.000Z,67489.63139912988,68074.93690877102,67051.31180881361,67635.66886046357,309.83717553775625,2026-04-03T00:00:00.000Z
2026-04-03T00:00:00.000Z,67635.66886046357,68109.62490106367,67291.07567302072,67764.37597096017,304.45400998203735,2026-04-03T01:00:00.000Z
2026-04-03T01:00:00.000Z,67764.37597096017,68224.30938585728,66953.90732208075,67411.44531015186,122.49565516714736,2026-04-03T02:00:00.000Z
2026-04-03T02:00:00.000Z,67411.44531015186,67610.14599621667,66888.69890014228,67086.44161152499,399.1544854357627,2026-04-03T03:00:00.000Z
2026-04-03T03:00:00.000Z,67086.44161152499,67615.07585699753,66641.70282540844,67169.78456218004,530.6177311719478,2026-04-03T04:00:00.000Z
2026-04-03T04:00:00.000Z,67169.78456218004,67261.54588369964,66862.58779607461,66954.05440644827,421.2554387381558,2026-04-03T05:00:00.000Z
2026-04-03T05:00:00.000Z,66954.05440644827,67457.35237380664,66585.69675410299,67088.25638936476,620.1156157628241,2026-04-03T06:00:00.000Z
2026-04-03T06:00:00.000Z,67088.25638936476,67337.4168321744,66615.3805376271,66863.70702196435,185.98633654694368,2026-04-03T07:00:00.000Z
2026-04-03T07:00:00.000Z,66863.70702196435,67082.14788844019,66610.9776701485,66829.30615045081,174.90072980285657,2026-04-03T08:00:00.000Z
2026-04-03T08:00:00.000Z,66829.30615045081,67097.5213124288,66212.46076976131,66479.27108832111,182.35847534721648,2026-04-03T09:00:00.000Z
2026-04-03T09:00:00.000Z,66479.27108832111,66758.55207120827,66392.20629044392,66671.23586602326,334.3294930804193,2026-04-03T10:00:00.000Z
2026-04-03T10:00:00.000Z,66671.23586602326,67245.59635060177,66267.25137610966,66840.58571036124,152.9952944503144,2026-04-03T11:00:00.000Z
2026-04-03T11:00:00.000Z,66840.58571036124,67305.5828816082,66261.4350035127,66725.63246703112,108.45913486949128,2026-04-03T12:00:00.000Z
2026-04-03T12:00:00.000Z,66725.63246703112,67245.57993982693,66372.93136221707,66891.99944556443,313.49686869117284,2026-04-03T13:00:00.000Z
2026-04-03T13:00:00.000Z,66891.99944556443,67055.38941289458,66563.86548727711,66726.85206668249,667.0030481028385,2026-04-03T14:00:00.000Z
2026-04-03T14:00:00.000Z,66726.85206668249,66938.38612390218,66528.93470119276,66740.42848961845,295.29336346094186,2026-04-03T15:00:00.000Z
2026-04-03T15:00:00.000Z,66740.42848961845,66855.00649370872,66514.90400898873,66629.29121587714,576.3128662837264,2026-04-03T16:00:00.000Z
2026-04-03T16:00:00.000Z,66629.29121587714,67032.66448216805,66011.37334531438,66413.43984892884,146.12780140998206,2026-04-03T17:00:00.000Z
2026-04-03T17:00:00.000Z,66413.43984892884,66738.27278580166,65755.659610146,66078.85607357875,425.23688018565855,2026-04-03T18:00:00.000Z
2026-04-03T18:00:00.000Z,66078.85607357875,66484.86244441033,65524.83773036438,65929.92905328776,675.5510543359215,2026-04-03T19:00:00.000Z
2026-04-03T19:00:00.000Z,65929.92905328776,66382.04484256342,65164.1785899754,65614.1287725955,633.4100898045162,2026-04-03T20:00:00.000Z
2026-04-03T20:00:00.000Z,65614.1287725955,65917.15103547413,65327.62922022801,65630.57965148249,660.2347931639454,2026-04-03T21:00:00.000Z
2026-04-03T21:00:00.000Z,65630.57965148249,65891.42770560471,65036.70886894813,65296.228046102966,124.61580113722748,2026-04-03T22:00:00.000Z
2026-04-03T22:00:00.000Z,65296.228046102966,65463.10745319662,65042.55950658896,65209.21653591801,612.2756411844285,2026-04-03T23:00:00.000Z
2026-04-03T23:00:00.000Z,65209.21653591801,65480.0431693732,64948.245269230625,65219.032618125384,264.0347763728512,2026-04-04T00:00:00.000Z
2026-04-04T00:00:00.000Z,65219.032618125384,65734.6692694588,64827.33984602417,65342.2365585541,155.94573023540235,2026-04-04T01:00:00.000Z
2026-04-04T01:00:00.000Z,65342.2365585541,65720.39306062284,64866.598073100075,65244.18713165511,150.5139250543499,2026-04-04T02:00:00.000Z
2026-04-04T02:00:00.000Z,65244.18713165511,66075.99020590271,64815.079487971714,65644.25136048163,676.9573968727875,2026-04-04T03:00:00.000Z
2026-04-04T03:00:00.000Z,65644.25136048163,66208.8569562624,65221.48107502892,65785.17905074236,253.5185363858559,2026-04-04T04:00:00.000Z
2026-04-04T04:00:00.000Z,65785.17905074236,65983.05995011353,65593.27697215707,65791.14048142674,173.36221163783324,2026-04-04T05:00:00.000Z
2026-04-04T05:00:00.000Z,65791.14048142674,66403.97697234967,65594.03835217608,66205.63307449529,569.5715795595066,2026-04-04T06:00:00.000Z
2026-04-04T06:00:00.000Z,66205.63307449529,66552.8336133648,65967.69337126568,66314.50263841814,150.95877780158014,2026-04-04T07:00:00.000Z
2026-04-04T07:00:00.000Z,66314.50263841814,66496.71621721657,66216.1999907623,66398.28936660524,219.72482284518185,2026-04-04T08:00:00.000Z
2026-04-04T08:00:00.000Z,66398.28936660524,66929.1525791922,66103.03368511629,66632.85385130186,629.6463696889795,2026-04-04T09:00:00.000Z
2026-04-04T09:00:00.000Z,66632.85385130186,67072.5244360265,66179.81560846539,66619.39740208242,140.00760896131752,2026-04-04T10:00:00.000Z
2026-04-04T10:00:00.000Z,66619.39740208242,67117.06705098353,66350.75948270988,66847.50928687351,301.6373055063362,2026-04-04T11:00:00.000Z
2026-04-04T11:00:00.000Z,66847.50928687351,67235.62016576684,66397.81276269903,66785.56399255115,199.37970335566425,2026-04-04T12:00:00.000Z
2026-04-04T12:00:00.000Z,66785.56399255115,67316.83097946047,66551.18847446983,67081.41720183537,204.7869389433353,2026-04-04T13:00:00.000Z
2026-04-04T13:00:00.000Z,67081.41720183537,67195.43309426325,66941.3722769597,67055.3438534472,625.8495550257385,2026-04-04T14:00:00.000Z
2026-04-04T14:00:00.000Z,67055.3438534472,67764.10551867679,66725.14009089518,67432.04674049858,549.5320237472338,2026-04-04T15:00:00.000Z
2026-04-04T15:00:00.000Z,67432.04674049858,67594.87743126991,67173.1466993642,67335.74484634209,649.2864724943818,2026-04-04T16:00:00.000Z
2026-04-04T16:00:00.000Z,67335.74484634209,67812.18133590961,66938.34131868352,67414.31410652424,590.9209574996125,2026-04-04T17:00:00.000Z
2026-04-04T17:00:00.000Z,67414.31410652424,67820.68479342587,67138.57508276323,67544.41363465239,223.97623198292044,2026-04-04T18:00:00.000Z
2026-04-04T18:00:00.000Z,67544.41363465239,68040.52085616782,67342.14701717519,67837.37693894935,177.35076540957706,2026-04-04T19:00:00.000Z
2026-04-04T19:00:00.000Z,67837.37693894935,68518.44937531851,67417.18485371943,68096.65131641699,438.45609619210296,2026-04-04T20:00:00.000Z
2026-04-04T20:00:00.000Z,68096.65131641699,68454.91859640185,67996.25490801771,68354.14256292787,493.4108317798985,2026-04-04T21:00:00.000Z
2026-04-04T21:00:00.000Z,68354.14256292787,68604.54015858023,67977.03650532842,68226.96823094331,206.64307228598886,2026-04-04T22:00:00.000Z
2026-04-04T22:00:00.000Z,68226.96823094331,68703.26731727325,67720.30594465688,68196.39157236597,129.80411258982687,2026-04-04T23:00:00.000Z
2026-04-04T23:00:00.000Z,68196.39157236597,68696.98308518216,68042.92556542845,68542.73767698207,369.58277312553616,2026-04-05T00:00:00.000Z
2026-04-05T00:00:00.000Z,68542.73767698207,69099.53101092987,68087.10233867903,68643.22766908482,391.6937020102952,2026-04-05T01:00:00.000Z
2026-04-05T01:00:00.000Z,68643.22766908482,69112.24904775915,68501.07444910257,68969.42031561623,560.6457774809775,2026-04-05T02:00:00.000Z
2026-04-05T02:00:00.000Z,68969.42031561623,69338.93361027952,68697.1720069897,69066.30286968012,156.6498701724456,2026-04-05T03:00:00.000Z
2026-04-05T03:00:00.000Z,69066.30286968012,69609.86361854633,68870.99770034169,69413.5764316536,670.7593784531389,2026-04-05T04:00:00.000Z
2026-04-05T04:00:00.000Z,69413.5764316536,70254.97007905705,68964.02936263771,69802.90160143543,212.42050580327424,2026-04-05T05:00:00.000Z
2026-04-05T05:00:00.000Z,69802.90160143543,70270.22213804103,69202.00424252296,69668.42447381173,248.3798469176422,2026-04-05T06:00:00.000Z
2026-04-05T06:00:00.000Z,69668.42447381173,69783.27608070432,69595.52143807302,69710.32919466493,132.64095570549415,2026-04-05T07:00:00.000Z
2026-04-05T07:00:00.000Z,69710.32919466493,69999.92070171928,69438.10518242756,69727.62913194214,458.3098224170086,2026-04-05T08:00:00.000Z
2026-04-05T08:00:00.000Z,69727.62913194214,70221.61687815355,69583.71807712725,70076.98478719448,201.57605395725744,2026-04-05T09:00:00.000Z
2026-04-05T09:00:00.000Z,70076.98478719448,70530.5272335262,69632.6870805884,70086.17128327348,468.7957319285701,2026-04-05T10:00:00.000Z
2026-04-05T10:00:00.000Z,70086.17128327348,70480.45304023709,69871.2449735926,70264.97840050554,635.9826568216005,2026-04-05T11:00:00.000Z
2026-04-05T11:00:00.000Z,70264.97840050554,70946.07017139386,69881.77910756356,70561.25509456829,318.30394632104037,2026-04-05T12:00:00.000Z
2026-04-05T12:00:00.000Z,70561.25509456829,70769.2121753397,70199.84126240057,70407.34474086837,334.02423282806956,2026-04-05T13:00:00.000Z
2026-04-05T13:00:00.000Z,70407.34474086837,70856.99545913027,70027.04444556385,70476.32258487758,182.23611129551944,2026-04-05T14:00:00.000Z
2026-04-05T14:00:00.000Z,70476.32258487758,70729.37090722742,70395.2793463809,70648.13010113634,696.9107576631526,2026-04-05T15:00:00.000Z
2026-04-05T15:00:00.000Z,70648.13010113634,70895.92440031248,70505.64859844653,70753.23093271439,196.59976777462276,2026-04-05T16:00:00.000Z
2026-04-05T16:00:00.000Z,70753.23093271439,71544.6745679041,70360.21177316728,71149.45447081838,531.2747002724907,2026-04-05T17:00:00.000Z
2026-04-05T17:00:00.000Z,71149.45447081838,71882.93251795114,70689.20846560741,71420.9304104949,580.2099863440776,2026-04-05T18:00:00.000Z
2026-04-05T18:00:00.000Z,71420.9304104949,71655.97332866778,71303.20734458927,71538.05720275851,696.546550000341,2026-04-05T19:00:00.000Z
2026-04-05T19:00:00.000Z,71538.05720275851,71646.39247314684,71406.01033230167,71514.30964003278,605.951366436645,2026-04-05T20:00:00.000Z
2026-04-05T20:00:00.000Z,71514.30964003278,71752.80460458831,71431.2947098226,71669.60939998552,382.87191096827013,2026-04-05T21:00:00.000Z
2026-04-05T21:00:00.000Z,71669.60939998552,72358.39638448988,71249.72014237962,71936.94091725537,682.3129968635333,2026-04-05T22:00:00.000Z
2026-04-05T22:00:00.000Z,71936.94091725537,72597.77432158322,71444.19964614909,72103.88951472082,569.4610406968095,2026-04-05T23:00:00.000Z
2026-04-05T23:00:00.000Z,72103.88951472082,72496.5594223332,71767.43083803136,72159.83966522594,657.3339919360978,2026-04-06T00:00:00.000Z
2026-04-06T00:00:00.000Z,72159.83966522594,72700.60783047881,71980.65723513164,72520.5297591547,400.49058622703444,2026-04-06T01:00:00.000Z
2026-04-06T01:00:00.000Z,72520.5297591547,72858.93777416203,72144.54202360018,72482.77385538752,177.1103123561993,2026-04-06T02:00:00.000Z
2026-04-06T02:00:00.000Z,72482.77385538752,73212.76223371075,72204.95813293949,72933.22001792624,273.839569079615,2026-04-06T03:00:00.000Z
2026-04-06T03:00:00.000Z,72933.22001792624,73308.48280347363,72596.4020523363,72971.48810935451,157.32578209476816,2026-04-06T04:00:00.000Z
2026-04-06T04:00:00.000Z,72971.48810935451,73375.84579816717,72773.48773037184,73177.28700574746,400.8576266937226,2026-04-06T05:00:00.000Z
2026-04-06T05:00:00.000Z,73177.28700574746,73437.20828153819,72947.61398508317,73207.44062123589,417.17575495931123,2026-04-06T06:00:00.000Z
2026-04-06T06:00:00.000Z,73207.44062123589,73785.19484779872,72725.08087823605,73302.21067023199,438.5564666886611,2026-04-06T07:00:00.000Z
2026-04-06T07:00:00.000Z,73302.21067023199,73724.80327383184,72914.85264706958,73337.26003588711,286.97803802181875,2026-04-06T08:00:00.000Z
2026-04-06T08:00:00.000Z,73337.26003588711,73797.84851154774,72935.55906659982,73395.82674619733,145.50097419205167,2026-04-06T09:00:00.000Z
2026-04-06T09:00:00.000Z,73395.82674619733,73680.01978218644,73164.89237782764,73448.91836508908,394.30375932450585,2026-04-06T10:00:00.000Z
2026-04-06T10:00:00.000Z,73448.91836508908,74046.98518275935,73157.45406947294,73754.3090180845,452.08378832418646,2026-04-06T11:00:00.000Z
2026-04-06T11:00:00.000Z,73754.3090180845,74105.18619581564,73387.53844950962,73738.33965493288,126.35773915162204,2026-04-06T12:00:00.000Z
2026-04-06T12:00:00.000Z,73738.33965493288,74202.84067407968,73172.63160658364,73636.49104929491,258.4944730431281,2026-04-06T13:00:00.000Z
2026-04-06T13:00:00.000Z,73636.49104929491,74250.86154514959,73166.70392671511,73780.15785505918,553.5284037019724,2026-04-06T14:00:00.000Z
2026-04-06T14:00:00.000Z,73780.15785505918,73975.14935122768,73326.47104679291,73520.7770327091,674.5789921724139,2026-04-06T15:00:00.000Z
2026-04-06T15:00:00.000Z,73520.7770327091,74241.89360016547,73091.3629904123,73810.78569935853,492.8339531611809,2026-04-06T16:00:00.000Z
2026-04-06T16:00:00.000Z,73810.78569935853,74436.60263214725,73489.81291380631,74114.3099443413,673.8688150299103,2026-04-06T17:00:00.000Z
2026-04-06T17:00:00.000Z,74114.3099443413,74202.43840322463,73723.11951318722,73810.88717560604,500.7073055956081,2026-04-06T18:00:00.000Z
2026-04-06T18:00:00.000Z,73810.88717560604,74125.15378553268,73497.75298040416,73812.01480648654,376.34679967367407,2026-04-06T19:00:00.000Z
2026-04-06T19:00:00.000Z,73812.01480648654,74225.8221957091,73702.64444298015,74116.00140249159,363.8036045542935,2026-04-06T20:00:00.000Z
2026-04-06T20:00:00.000Z,74116.00140249159,74319.48845832977,73979.94548140421,74183.30897965384,687.6874689886754,2026-04-06T21:00:00.000Z
2026-04-06T21:00:00.000Z,74183.30897965384,74655.6755432066,73464.37758066892,73935.16406696057,355.6593364363813,2026-04-06T22:00:00.000Z
2026-04-06T22:00:00.000Z,73935.16406696057,74097.11280929425,73750.86633324956,73912.76601453812,431.62560254876763,2026-04-06T23:00:00.000Z
2026-04-06T23:00:00.000Z,73912.76601453812,74322.78834028129,73441.9475713541,73851.63075648539,684.4267767781516,2026-04-07T00:00:00.000Z
2026-04-07T00:00:00.000Z,73851.63075648539,74483.67056316868,73413.9300108072,74044.82480312306,502.2224681462266,2026-04-07T01:00:00.000Z
2026-04-07T01:00:00.000Z,74044.82480312306,74447.55815707453,73938.94076027768,74341.25022610096,399.71474581384786,2026-04-07T02:00:00.000Z
2026-04-07T02:00:00.000Z,74341.25022610096,74476.0944761943,74227.70260200188,74362.51437358002,274.01668539923463,2026-04-07T03:00:00.000Z
2026-04-07T03:00:00.000Z,74362.51437358002,74701.62947422716,74036.58089863945,74375.6384758918,366.2860806408739,2026-04-07T04:00:00.000Z
2026-04-07T04:00:00.000Z,74375.6384758918,74549.87451858932,73960.8138721675,74134.48497677199,690.7979357013469,2026-04-07T05:00:00.000Z
2026-04-07T05:00:00.000Z,74134.48497677199,74650.40462229651,73457.78006287353,73972.5729236218,594.0398960812204,2026-04-07T06:00:00.000Z
2026-04-07T06:00:00.000Z,73972.5729236218,74361.31566416817,73853.12435679443,74241.43295068831,141.1045503062683,2026-04-07T07:00:00.000Z
2026-04-07T07:00:00.000Z,74241.43295068831,74674.10917270144,73761.73007149129,74194.1306173209,655.0984173804048,2026-04-07T08:00:00.000Z
2026-04-07T08:00:00.000Z,74194.1306173209,74467.9335123131,73756.88704224624,74030.08454853488,184.49840344698094,2026-04-07T09:00:00.000Z
2026-04-07T09:00:00.000Z,74030.08454853488,74528.09948318005,73842.20478195701,74339.43462200249,621.6270737916358,2026-04-07T10:00:00.000Z
2026-04-07T10:00:00.000Z,74339.43462200249,74937.76831731987,73852.9323281037,74450.53891948411,466.77409231978197,2026-04-07T11:00:00.000Z
2026-04-07T11:00:00.000Z,74450.53891948411,75035.32910672858,74186.40375186798,74770.06034295625,577.2028961578397,2026-04-07T12:00:00.000Z
2026-04-07T12:00:00.000Z,74770.06034295625,75230.42478416605,74156.48893958563,74615.90423093458,586.3300944149169,2026-04-07T13:00:00.000Z
2026-04-07T13:00:00.000Z,74615.90423093458,75222.7695037862,74305.46688741593,74911.10399008077,104.4617429396425,2026-04-07T14:00:00.000Z
2026-04-07T14:00:00.000Z,74911.10399008077,75437.55763756407,74725.43718574598,75251.04828296437,406.71815476693126,2026-04-07T15:00:00.000Z
2026-04-07T15:00:00.000Z,75251.04828296437,75724.87133329686,74919.48505478872,75392.68404457433,122.9863242353249,2026-04-07T16:00:00.000Z
2026-04-07T16:00:00.000Z,75392.68404457433,75943.57718751088,75119.78655191248,75669.67706836564,198.4516162883731,2026-04-07T17:00:00.000Z
2026-04-07T17:00:00.000Z,75669.67706836564,76132.25744941673,75423.36421960208,75885.24291090335,657.2965480188358,2026-04-07T18:00:00.000Z
2026-04-07T18:00:00.000Z,75885.24291090335,76617.90863540683,75377.97959476277,76109.14859689413,425.4118191662299,2026-04-07T19:00:00.000Z
2026-04-07T19:00:00.000Z,76109.14859689413,76525.1031916165,75515.27244234142,75930.24930992084,625.1458333456636,2026-04-07T20:00:00.000Z
2026-04-07T20:00:00.000Z,75930.24930992084,76033.23262957085,75569.15922633982,75671.79200333178,113.98696592728932,2026-04-07T21:00:00.000Z
2026-04-07T21:00:00.000Z,75671.79200333178,76256.54367678793,75230.57584113102,75814.49545987087,382.9645234546459,2026-04-07T22:00:00.000Z
2026-04-07T22:00:00.000Z,75814.49545987087,75906.24422040087,75531.4998378767,75623.01687592886,540.0913694128819,2026-04-07T23:00:00.000Z
2026-04-07T23:00:00.000Z,75623.01687592886,76191.5371669621,75125.67846387325,75693.73368242325,604.4828793520494,2026-04-08T00:00:00.000Z
2026-04-08T00:00:00.000Z,75693.73368242325,76194.22602934497,75069.74765430992,75569.41801721776,307.85311954461645,2026-04-08T01:00:00.000Z
2026-04-08T01:00:00.000Z,75569.41801721776,76021.9218808145,74930.15837097219,75381.53721879651,102.34967488904934,2026-04-08T02:00:00.000Z
2026-04-08T02:00:00.000Z,75381.53721879651,75763.46840912223,75155.8801296329,75537.34490457179,230.24218069866401,2026-04-08T03:00:00.000Z
2026-04-08T03:00:00.000Z,75537.34490457179,75781.44996123001,75098.10455896285,75341.57697568074,118.36634968331379,2026-04-08T04:00:00.000Z
2026-04-08T04:00:00.000Z,75341.57697568074,75416.92995554622,75187.12969048876,75262.40348488057,354.37265366985116,2026-04-08T05:00:00.000Z
2026-04-08T05:00:00.000Z,75262.40348488057,75401.02327204988,74997.5207094264,75135.9075138078,146.58777594873112,2026-04-08T06:00:00.000Z
2026-04-08T06:00:00.000Z,75135.9075138078,75219.6645420925,74656.26662858747,74739.58185666807,344.11620322806584,2026-04-08T07:00:00.000Z
2026-04-08T07:00:00.000Z,74739.58185666807,75032.39846012827,74121.06162838734,74412.59716303508,288.5038687794022,2026-04-08T08:00:00.000Z
2026-04-08T08:00:00.000Z,74412.59716303508,74837.43724816066,73800.64513646394,74224.41081879275,335.6793441044536,2026-04-08T09:00:00.000Z
2026-04-08T09:00:00.000Z,74224.41081879275,74428.14365393194,74142.7177865729,74346.31644967191,615.6837794537115,2026-04-08T10:00:00.000Z
2026-04-08T10:00:00.000Z,74346.31644967191,74425.45679110735,73982.47924164125,74061.31620534768,475.4808355939951,2026-04-08T11:00:00.000Z
2026-04-08T11:00:00.000Z,74061.31620534768,74401.65616560483,73891.61075182071,74231.56061093544,386.6971408420695,2026-04-08T12:00:00.000Z
2026-04-08T12:00:00.000Z,74231.56061093544,74823.10366686611,73825.5498700455,74416.08367404951,616.2753096391798,2026-04-08T13:00:00.000Z
2026-04-08T13:00:00.000Z,74416.08367404951,74916.42393914699,74012.09408386529,74511.91410529052,574.112637375534,2026-04-08T14:00:00.000Z
2026-04-08T14:00:00.000Z,74511.91410529052,74872.34806156476,74216.32486621839,74576.50259952356,147.63257487101134,2026-04-08T15:00:00.000Z
2026-04-08T15:00:00.000Z,74576.50259952356,74686.2792656851,74251.84914668811,74361.3090477847,191.62452625652054,2026-04-08T16:00:00.000Z
2026-04-08T16:00:00.000Z,74361.3090477847,74635.5667020006,74064.91688966482,74339.09260571469,118.73348095395299,2026-04-08T17:00:00.000Z
2026-04-08T17:00:00.000Z,74339.09260571469,74746.64715646654,74043.88862886812,74450.9987949639,337.4759243044424,2026-04-08T18:00:00.000Z
2026-04-08T18:00:00.000Z,74450.9987949639,74860.03446703003,73714.52764900315,74121.75444427194,408.34600753539524,2026-04-08T19:00:00.000Z
2026-04-08T19:00:00.000Z,74121.75444427194,74534.4025850842,73508.171752388,73919.69499462149,336.5675972944906,2026-04-08T20:00:00.000Z
2026-04-08T20:00:00.000Z,73919.69499462149,74253.1415330826,73569.62837185976,73902.999598565,519.3397695288713,2026-04-08T21:00:00.000Z
2026-04-08T21:00:00.000Z,73902.999598565,73986.70991914815,73638.84463400581,73722.35033220447,537.8261821520637,2026-04-08T22:00:00.000Z
2026-04-08T22:00:00.000Z,73722.35033220447,74107.2720784352,73049.75263328609,73433.16447206312,330.35741226298614,2026-04-08T23:00:00.000Z
2026-04-08T23:00:00.000Z,73433.16447206312,73802.97504475855,73074.82336017513,73444.57823568286,124.62555599614305,2026-04-09T00:00:00.000Z
2026-04-09T00:00:00.000Z,73444.57823568286,73940.36555631479,73031.98572617998,73527.30829091137,134.8071116184849,2026-04-09T01:00:00.000Z
2026-04-09T01:00:00.000Z,73527.30829091137,73837.15406781987,72775.60668385825,73083.58259040696,108.65365174070637,2026-04-09T02:00:00.000Z
2026-04-09T02:00:00.000Z,73083.58259040696,73471.08293694543,72516.66270176524,72903.20666753882,128.7737579218921,2026-04-09T03:00:00.000Z
2026-04-09T03:00:00.000Z,72903.20666753882,73146.449816862,72218.68197920758,72460.44785403063,692.4425533937489,2026-04-09T04:00:00.000Z
2026-04-09T04:00:00.000Z,72460.44785403063,72959.04457303515,71719.74237115408,72216.66160919606,412.67296360464434,2026-04-09T05:00:00.000Z
2026-04-09T05:00:00.000Z,72216.66160919606,72469.26816983303,71843.0765761458,72095.2584809486,118.20256198672698,2026-04-09T06:00:00.000Z
2026-04-09T06:00:00.000Z,72095.2584809486,72322.89281359568,72001.7951714781,72229.25579183952,236.54954355980715,2026-04-09T07:00:00.000Z
2026-04-09T07:00:00.000Z,72229.25579183952,72873.69704667185,71782.95637146622,72426.18084046716,125.43773587115004,2026-04-09T08:00:00.000Z
2026-04-09T08:00:00.000Z,72426.18084046716,72769.62531066155,72002.07782911773,72345.13799467374,668.2763234564459,2026-04-09T09:00:00.000Z
2026-04-09T09:00:00.000Z,72345.13799467374,72539.86512326528,71948.85395119007,72143.0370967493,440.7734862252946,2026-04-09T10:00:00.000Z
2026-04-09T10:00:00.000Z,72143.0370967493,72629.34477811537,71628.05417790824,72114.16725105868,199.93884419088198,2026-04-09T11:00:00.000Z
2026-04-09T11:00:00.000Z,72114.16725105868,72400.88711598294,71682.66831286314,71968.81025057653,121.87027187173733,2026-04-09T12:00:00.000Z
2026-04-09T12:00:00.000Z,71968.81025057653,72395.34542235556,71506.86256629697,71933.18660861324,349.2044269336408,2026-04-09T13:00:00.000Z
2026-04-09T13:00:00.000Z,71933.18660861324,72400.73972974905,71435.77081738818,71903.12856651198,655.7954313027651,2026-04-09T14:00:00.000Z
2026-04-09T14:00:00.000Z,71903.12856651198,72062.15181344913,71795.05027541168,71953.99706141994,276.49830625229436,2026-04-09T15:00:00.000Z
2026-04-09T15:00:00.000Z,71953.99706141994,72030.76845550924,71447.64631880776,71523.95888320309,424.66180395552044,2026-04-09T16:00:00.000Z
2026-04-09T16:00:00.000Z,71523.95888320309,71819.44210479355,70998.35897440708,71292.88758312051,188.73688517545204,2026-04-09T17:00:00.000Z
2026-04-09T17:00:00.000Z,71292.88758312051,71745.89701058682,70833.67548611475,71286.64524852447,107.73988431680012,2026-04-09T18:00:00.000Z
2026-04-09T18:00:00.000Z,71286.64524852447,71547.79047236053,71108.70001975306,71369.63807746592,151.66725090316834,2026-04-09T19:00:00.000Z
2026-04-09T19:00:00.000Z,71369.63807746592,71700.80601110925,70788.30845575164,71118.31018284314,549.7354299061631,2026-04-09T20:00:00.000Z
2026-04-09T20:00:00.000Z,71118.31018284314,71397.36756949236,70942.74363352325,71221.54616617899,667.9219360313946,2026-04-09T21:00:00.000Z
2026-04-09T21:00:00.000Z,71221.54616617899,71501.46839696281,70789.94875985866,71069.2725090863,259.6437915040384,2026-04-09T22:00:00.000Z
2026-04-09T22:00:00.000Z,71069.2725090863,71671.68435433914,70602.7685937166,71204.29414703848,638.0246907184015,2026-04-09T23:00:00.000Z
2026-04-09T23:00:00.000Z,71204.29414703848,71518.37922687085,71076.96060057101,71390.71231166049,170.01668953803215,2026-04-10T00:00:00.000Z
2026-04-10T00:00:00.000Z,71390.71231166049,71470.24964876827,71059.00319811281,71138.25927395125,490.10618431032924,2026-04-10T01:00:00.000Z
2026-04-10T01:00:00.000Z,71138.25927395125,71458.02585127548,70720.8019764242,71040.127451064,148.90718378541393,2026-04-10T02:00:00.000Z
2026-04-10T02:00:00.000Z,71040.127451064,71668.27627067862,70601.33136243664,71228.31778013452,639.6263511570294,2026-04-10T03:00:00.000Z
2026-04-10T03:00:00.000Z,71228.31778013452,71478.01711983488,71078.70747372472,71328.19702376965,397.67726524624845,2026-04-10T04:00:00.000Z
2026-04-10T04:00:00.000Z,71328.19702376965,71557.92594525144,70944.13567134688,71173.36592353444,482.2654296561449,2026-04-10T05:00:00.000Z
2026-04-10T05:00:00.000Z,71173.36592353444,71543.21149884535,70941.19020881754,71310.58814942751,436.91988249165934,2026-04-10T06:00:00.000Z
2026-04-10T06:00:00.000Z,71310.58814942751,71744.60743502702,70882.80861986324,71316.79069748065,420.2424147726234,2026-04-10T07:00:00.000Z
2026-04-10T07:00:00.000Z,71316.79069748065,71426.0894392067,71108.86504629283,71218.01240230358,608.4936574606661,2026-04-10T08:00:00.000Z
2026-04-10T08:00:00.000Z,71218.01240230358,71556.85316256377,70928.7801261018,71267.4202301232,698.5868452110267,2026-04-10T09:00:00.000Z
2026-04-10T09:00:00.000Z,71267.4202301232,71730.02361939862,70637.67516925104,71099.18653813549,378.5120978385732,2026-04-10T10:00:00.000Z
2026-04-10T10:00:00.000Z,71099.18653813549,71302.85963366128,70838.28315238675,71041.79183313085,189.1439506267868,2026-04-10T11:00:00.000Z
2026-04-10T11:00:00.000Z,71041.79183313085,71148.4577448939,70548.57027606662,70654.65491994839,492.0639566108882,2026-04-10T12:00:00.000Z
2026-04-10T12:00:00.000Z,70654.65491994839,70843.71677659596,70267.42572086112,70455.95588701894,315.32660686193344,2026-04-10T13:00:00.000Z
2026-04-10T13:00:00.000Z,70455.95588701894,70730.48734342502,70168.38754206896,70442.868001562,443.3585601595037,2026-04-10T14:00:00.000Z
2026-04-10T14:00:00.000Z,70442.868001562,70638.23234940745,69848.91703393261,70043.17287811622,407.993640428406,2026-04-10T15:00:00.000Z
2026-04-10T15:00:00.000Z,70043.17287811622,70162.54777766547,69758.74359116552,69877.83670752383,624.6887779443938,2026-04-10T16:00:00.000Z
2026-04-10T16:00:00.000Z,69877.83670752383,70365.12865019019,69221.74028977331,69707.84681069563,533.7514191091766,2026-04-10T17:00:00.000Z
2026-04-10T17:00:00.000Z,69707.84681069563,69998.50623297371,69292.45378417439,69582.59092949612,581.3589625439415,2026-04-10T18:00:00.000Z
2026-04-10T18:00:00.000Z,69582.59092949612,69884.57437840237,69510.93368971137,69812.68018910155,411.1310236673481,2026-04-10T19:00:00.000Z
2026-04-10T19:00:00.000Z,69812.68018910155,70009.5931688711,69614.84283341934,69811.75319852814,566.3871126558572,2026-04-10T20:00:00.000Z
2026-04-10T20:00:00.000Z,69811.75319852814,70145.35166582385,69465.86069417719,69799.40013181194,297.2858522074697,2026-04-10T21:00:00.000Z
2026-04-10T21:00:00.000Z,69799.40013181194,69891.16239795474,69711.11631566538,69802.87418774585,586.3178956724321,2026-04-10T22:00:00.000Z
2026-04-10T22:00:00.000Z,69802.87418774585,70236.88427538994,69542.35151748186,69975.7165121493,414.0783285322033,2026-04-10T23:00:00.000Z
2026-04-10T23:00:00.000Z,69975.7165121493,70438.53091032345,69865.40824912734,70327.66783855614,420.49759231530953,2026-04-11T00:00:00.000Z
2026-04-11T00:00:00.000Z,70327.66783855614,70911.33931208945,69980.83461263534,70563.34380879557,266.7611848408176,2026-04-11T01:00:00.000Z
2026-04-11T01:00:00.000Z,70563.34380879557,70783.10978990234,70317.45034402741,70537.13469817892,655.5191009098287,2026-04-11T02:00:00.000Z
2026-04-11T02:00:00.000Z,70537.13469817892,70998.2782661181,69897.03116069718,70356.99706082829,544.2279406097848,2026-04-11T03:00:00.000Z
2026-04-11T03:00:00.000Z,70356.99706082829,70973.89241421118,69909.17043737197,70524.99646419608,359.1069202214046,2026-04-11T04:00:00.000Z
2026-04-11T04:00:00.000Z,70524.99646419608,70741.62414629066,70129.31942264826,70345.3954343174,112.06735196153976,2026-04-11T05:00:00.000Z
2026-04-11T05:00:00.000Z,70345.3954343174,70732.37008412882,69786.51826446973,70172.54203636329,241.30917905890811,2026-04-11T06:00:00.000Z
2026-04-11T06:00:00.000Z,70172.54203636329,70485.32332625205,69863.32627239099,70176.09191969571,215.50730397715574,2026-04-11T07:00:00.000Z
2026-04-11T07:00:00.000Z,70176.09191969571,70442.58992265144,70069.23776264218,70335.49305225798,130.56494185261658,2026-04-11T08:00:00.000Z
2026-04-11T08:00:00.000Z,70335.49305225798,70659.37983257983,69932.86412769968,70256.38663214027,628.3890565523826,2026-04-11T09:00:00.000Z
2026-04-11T09:00:00.000Z,70256.38663214027,70690.92897247331,69670.01458711622,70103.61200203405,287.1248808629461,2026-04-11T10:00:00.000Z
2026-04-11T10:00:00.000Z,70103.61200203405,70495.48344027784,69952.28912496034,70343.64244301208,292.3757936769984,2026-04-11T11:00:00.000Z
2026-04-11T11:00:00.000Z,70343.64244301208,70866.0571928776,70118.2032101625,70639.66924522062,153.41434378801583,2026-04-11T12:00:00.000Z
2026-04-11T12:00:00.000Z,70639.66924522062,70753.88749483271,70477.73133821398,70591.87230429705,146.87096078268763,2026-04-11T13:00:00.000Z
2026-04-11T13:00:00.000Z,70591.87230429705,71150.38959370092,70438.0110201442,70995.64824386142,235.60821532067294,2026-04-11T14:00:00.000Z
2026-04-11T14:00:00.000Z,70995.64824386142,71686.00894092314,70506.37981453954,71195.3641639385,189.48966473782883,2026-04-11T15:00:00.000Z
2026-04-11T15:00:00.000Z,71195.3641639385,71794.50022333492,70889.40584240457,71487.28737719264,519.5835110822616,2026-04-11T16:00:00.000Z
2026-04-11T16:00:00.000Z,71487.28737719264,71822.74583203552,71109.22610459862,71444.4837005791,387.228050589202,2026-04-11T17:00:00.000Z
2026-04-11T17:00:00.000Z,71444.4837005791,72163.1520807422,71008.6941903164,71725.64755690664,156.21631092215716,2026-04-11T18:00:00.000Z
2026-04-11T18:00:00.000Z,71725.64755690664,72082.88552479167,71635.56174695643,71992.46459860161,121.62901974359016,2026-04-11T19:00:00.000Z
2026-04-11T19:00:00.000Z,71992.46459860161,72531.40370253738,71821.3409965967,72359.40788900401,165.855013144135,2026-04-11T20:00:00.000Z
2026-04-11T20:00:00.000Z,72359.40788900401,73015.16374385719,71971.71500111445,72626.04226149873,185.74664261459682,2026-04-11T21:00:00.000Z
2026-04-11T21:00:00.000Z,72626.04226149873,73259.6811272703,72391.11716960298,73023.47046542716,598.0804450335356,2026-04-11T22:00:00.000Z
2026-04-11T22:00:00.000Z,73023.47046542716,73339.57356843061,72552.70866780002,72868.13937548714,393.5389777149721,2026-04-11T23:00:00.000Z
2026-04-11T23:00:00.000Z,72868.13937548714,73244.46982974901,72634.05616625158,73009.93112558534,317.5448423333209,2026-04-12T00:00:00.000Z
2026-04-12T00:00:00.000Z,73009.93112558534,73486.63273093203,72858.96807628726,73334.99753996251,592.9366819993297,2026-04-12T01:00:00.000Z
2026-04-12T01:00:00.000Z,73334.99753996251,74144.67074032378,72976.39343416128,73783.8716647328,330.59027801760953,2026-04-12T02:00:00.000Z
2026-04-12T02:00:00.000Z,73783.8716647328,73857.65809863285,73655.71017480809,73729.44217733061,158.36436611524056,2026-04-12T03:00:00.000Z
2026-04-12T03:00:00.000Z,73729.44217733061,74377.6782176931,73470.55618074426,74117.42988090267,437.4938059307141,2026-04-12T04:00:00.000Z
2026-04-12T04:00:00.000Z,74117.42988090267,74700.1679889971,73845.98507916478,74427.58727882952,530.5209579088357,2026-04-12T05:00:00.000Z
2026-04-12T05:00:00.000Z,74427.58727882952,75146.5026252122,73917.74573816315,74635.23863767384,278.80218912791565,2026-04-12T06:00:00.000Z
2026-04-12T06:00:00.000Z,74635.23863767384,75247.11124866358,74190.67155521536,74801.55350659984,140.97209835470287,2026-04-12T07:00:00.000Z
2026-04-12T07:00:00.000Z,74801.55350659984,75358.0004482708,74513.7192373306,75069.13652708182,486.2217776413177,2026-04-12T08:00:00.000Z
2026-04-12T08:00:00.000Z,75069.13652708182,75733.63772599952,74687.44461148928,75350.51513006419,383.873939553217,2026-04-12T09:00:00.000Z
2026-04-12T09:00:00.000Z,75350.51513006419,76177.61654062742,74853.27261872776,75678.21154126842,638.8251571631176,2026-04-12T10:00:00.000Z
2026-04-12T10:00:00.000Z,75678.21154126842,75995.34036625929,75423.08834567266,75740.00884220844,104.96927863218322,2026-04-12T11:00:00.000Z
2026-04-12T11:00:00.000Z,75740.00884220844,75830.12152917765,75580.3294674333,75670.35928791517,435.26944747905685,2026-04-12T12:00:00.000Z
2026-04-12T12:00:00.000Z,75670.35928791517,75896.96653727864,75550.24090780756,75776.6793856991,326.5612935771054,2026-04-12T13:00:00.000Z
2026-04-12T13:00:00.000Z,75776.6793856991,75905.89648016721,75688.05480731587,75817.22448228607,661.8645234787206,2026-04-12T14:00:00.000Z
2026-04-12T14:00:00.000Z,75817.22448228607,76493.76079093253,75457.91305211387,76132.95306635149,138.85616457036517,2026-04-12T15:00:00.000Z
2026-04-12T15:00:00.000Z,76132.95306635149,76571.57341196436,75781.06740874895,76219.28871197332,576.6030692852116,2026-04-12T16:00:00.000Z
2026-04-12T16:00:00.000Z,76219.28871197332,76449.8475076828,76089.33146100561,76319.71901861009,667.6727437263694,2026-04-12T17:00:00.000Z
2026-04-12T17:00:00.000Z,76319.71901861009,76838.08042680564,75911.69901979071,76429.47365842547,347.7035013249626,2026-04-12T18:00:00.000Z
2026-04-12T18:00:00.000Z,76429.47365842547,76715.85108862638,76341.62513363322,76627.77463542562,407.30614723046597,2026-04-12T19:00:00.000Z
2026-04-12T19:00:00.000Z,76627.77463542562,77055.47756629386,75980.64609670082,76407.11741487516,536.8643459104301,2026-04-12T20:00:00.000Z
2026-04-12T20:00:00.000Z,76407.11741487516,76858.12637815508,75833.60854130673,76283.89012980841,282.6566785493198,2026-04-12T21:00:00.000Z
2026-04-12T21:00:00.000Z,76283.89012980841,76811.14165676553,75784.43503276135,76311.50575138617,681.9913427261595,2026-04-12T22:00:00.000Z
2026-04-12T22:00:00.000Z,76311.50575138617,76781.22479309957,75889.94859040604,76359.40303971378,659.9707880802317,2026-04-12T23:00:00.000Z
2026-04-12T23:00:00.000Z,76359.40303971378,77055.0051339001,75828.17856197711,76522.64499872024,256.25542251218826,2026-04-13T00:00:00.000Z
2026-04-13T00:00:00.000Z,76522.64499872024,77236.00562003147,76154.01200848109,76865.71993288334,646.0481638768912,2026-04-13T01:00:00.000Z
2026-04-13T01:00:00.000Z,76865.71993288334,77462.04477876646,76437.48743988313,77032.88100194559,476.3534889446355,2026-04-13T02:00:00.000Z
2026-04-13T02:00:00.000Z,77032.88100194559,77342.287155786,76592.87467678841,76901.75415353585,609.8174684261053,2026-04-13T03:00:00.000Z
2026-04-13T03:00:00.000Z,76901.75415353585,77334.55414588333,76718.5636103597,77150.77041177017,458.2949906393397,2026-04-13T04:00:00.000Z
2026-04-13T04:00:00.000Z,77150.77041177017,77456.51902319115,76818.7925500168,77124.43680130257,616.4588199539384,2026-04-13T05:00:00.000Z
2026-04-13T05:00:00.000Z,77124.43680130257,77913.27407285538,76611.763740254,77398.77737422676,199.7519959228821,2026-04-13T06:00:00.000Z
2026-04-13T06:00:00.000Z,77398.77737422676,77852.77004854039,76766.24420457984,77219.1834471727,366.16035488720996,2026-04-13T07:00:00.000Z
2026-04-13T07:00:00.000Z,77219.1834471727,77625.98978076747,76894.32773919794,77300.79075654566,187.43720990020654,2026-04-13T08:00:00.000Z
2026-04-13T08:00:00.000Z,77300.79075654566,77407.7952275505,77044.00615825652,77150.80300706718,327.4864296556853,2026-04-13T09:00:00.000Z
2026-04-13T09:00:00.000Z,77150.80300706718,77583.70440741885,76577.3565942609,77009.46493156691,387.30710003865283,2026-04-13T10:00:00.000Z
2026-04-13T10:00:00.000Z,77009.46493156691,77742.34046950663,76606.79293960024,77337.95086935995,551.1383020557175,2026-04-13T11:00:00.000Z
2026-04-13T11:00:00.000Z,77337.95086935995,77575.08916331502,76863.83343996022,77100.24285926398,663.8061919081053,2026-04-13T12:00:00.000Z
2026-04-13T12:00:00.000Z,77100.24285926398,77521.96873474108,76453.41404899137,76873.90187584698,557.5391812517955,2026-04-13T13:00:00.000Z
2026-04-13T13:00:00.000Z,76873.90187584698,77220.87768116611,76497.49101965546,76844.33336540675,158.58633120478424,2026-04-13T14:00:00.000Z
2026-04-13T14:00:00.000Z,76844.33336540675,77301.60932852176,76128.3174813809,76584.04454929619,506.2453525169964,2026-04-13T15:00:00.000Z
2026-04-13T15:00:00.000Z,76584.04454929619,76833.7904009099,76425.26183337031,76674.81948011529,417.61489795409835,2026-04-13T16:00:00.000Z
2026-04-13T16:00:00.000Z,76674.81948011529,77510.29279257695,76149.0652062391,76982.42925836347,251.10526604163707,2026-04-13T17:00:00.000Z
2026-04-13T17:00:00.000Z,76982.42925836347,77568.26901241708,76558.77749676764,77143.72957858918,273.14679081232606,2026-04-13T18:00:00.000Z
2026-04-13T18:00:00.000Z,77143.72957858918,77258.1049612619,76788.75961570576,76902.77775668188,651.3365653116892,2026-04-13T19:00:00.000Z
2026-04-13T19:00:00.000Z,76902.77775668188,77372.80942980053,76695.73689354777,77165.06243293054,250.58173683964728,2026-04-13T20:00:00.000Z
2026-04-13T20:00:00.000Z,77165.06243293054,77403.218384292,76628.14753189452,76865.37856341791,175.3204519279862,2026-04-13T21:00:00.000Z
2026-04-13T21:00:00.000Z,76865.37856341791,77365.79099528884,76624.6742970534,77124.27599050847,519.3398086444195,2026-04-13T22:00:00.000Z
2026-04-13T22:00:00.000Z,77124.27599050847,77403.80886879825,76795.76699798016,77075.1217192012,408.67324653485474,2026-04-13T23:00:00.000Z
2026-04-13T23:00:00.000Z,77075.1217192012,77286.74802458467,76845.72798565889,77057.30537243467,122.92906382257542,2026-04-14T00:00:00.000Z
2026-04-14T00:00:00.000Z,77057.30537243467,77452.31566853626,76526.84795143714,76921.16034241003,185.52364627156575,2026-04-14T01:00:00.000Z
2026-04-14T01:00:00.000Z,76921.16034241003,77336.98365839297,76631.97642399545,77047.32542429486,565.7823653266682,2026-04-14T02:00:00.000Z
2026-04-14T02:00:00.000Z,77047.32542429486,77298.0833383965,76701.64504730595,76952.09301840405,399.4309954808238,2026-04-14T03:00:00.000Z
2026-04-14T03:00:00.000Z,76952.09301840405,77400.17285310102,76562.12784003693,77009.91465573687,175.4213996582764,2026-04-14T04:00:00.000Z
2026-04-14T04:00:00.000Z,77009.91465573687,77572.66851248979,76587.59217084528,77149.58010208565,361.2644078495281,2026-04-14T05:00:00.000Z
2026-04-14T05:00:00.000Z,77149.58010208565,77428.96419134196,76852.02150471759,77131.33953887505,569.3385207417134,2026-04-14T06:00:00.000Z
2026-04-14T06:00:00.000Z,77131.33953887505,77626.84285912242,76967.9698246595,77462.77114896404,643.2533856217067,2026-04-14T07:00:00.000Z
2026-04-14T07:00:00.000Z,77462.77114896404,77674.69737019236,77219.54784873933,77431.38821107907,336.5594769066942,2026-04-14T08:00:00.000Z
2026-04-14T08:00:00.000Z,77431.38821107907,77774.04394102978,77052.27239719198,77394.76606381292,571.4892036614424,2026-04-14T09:00:00.000Z
2026-04-14T09:00:00.000Z,77394.76606381292,77785.66972430285,76810.49394635217,77200.4159880597,639.9513183813315,2026-04-14T10:00:00.000Z
2026-04-14T10:00:00.000Z,77200.4159880597,77680.65548305686,77040.11325782673,77519.68979702743,287.9138710852311,2026-04-14T11:00:00.000Z
2026-04-14T11:00:00.000Z,77519.68979702743,77983.94411487588,77189.95625821246,77653.64080931617,534.1628861772656,2026-04-14T12:00:00.000Z
2026-04-14T12:00:00.000Z,77653.64080931617,78207.43284605785,77125.99850759389,77679.61406083689,249.4305511701063,2026-04-14T13:00:00.000Z
2026-04-14T13:00:00.000Z,77679.61406083689,78021.05055610824,77485.42821632628,77826.49752787208,264.6032272673227,2026-04-14T14:00:00.000Z
2026-04-14T14:00:00.000Z,77826.49752787208,78066.6840906514,77742.02420399326,77982.04193798355,241.35677290212212,2026-04-14T15:00:00.000Z
2026-04-14T15:00:00.000Z,77982.04193798355,78269.36056372235,77729.87655536161,78017.08187476928,568.6728917382065,2026-04-14T16:00:00.000Z
2026-04-14T16:00:00.000Z,78017.08187476928,78245.90593050874,77592.42944085985,77820.6774425138,492.12197698285894,2026-04-14T17:00:00.000Z
2026-04-14T17:00:00.000Z,77820.6774425138,78560.34811563205,77364.17718416716,78102.19645171234,476.1403991729675,2026-04-14T18:00:00.000Z
2026-04-14T18:00:00.000Z,78102.19645171234,78426.58875789522,77589.4473529312,77913.05406873894,276.26483029511985,2026-04-14T19:00:00.000Z
2026-04-14T19:00:00.000Z,77913.05406873894,78168.26350919268,77575.96202794234,77830.90237500679,245.70878946488202,2026-04-14T20:00:00.000Z
2026-04-14T20:00:00.000Z,77830.90237500679,78053.17273996542,77578.70941141574,77800.8940783438,361.93242653363035,2026-04-14T21:00:00.000Z
2026-04-14T21:00:00.000Z,77800.8940783438,78039.1682094879,77266.46256283432,77503.82689176327,535.8623698520764,2026-04-14T22:00:00.000Z
2026-04-14T22:00:00.000Z,77503.82689176327,77777.95435478966,76981.63156050722,77254.87850456385,358.4248618494835,2026-04-14T23:00:00.000Z
2026-04-14T23:00:00.000Z,77254.87850456385,77865.63413796086,76869.59030665652,77479.22706118456,645.0793225993772,2026-04-15T00:00:00.000Z
2026-04-15T00:00:00.000Z,77479.22706118456,78002.99468829266,76949.505152344,77473.23225393207,106.669910907126,2026-04-15T01:00:00.000Z
2026-04-15T01:00:00.000Z,77473.23225393207,77834.93596124132,77283.96651881772,77645.24998984287,120.35148442739225,2026-04-15T02:00:00.000Z
2026-04-15T02:00:00.000Z,77645.24998984287,78057.66059694602,76879.2284433546,77289.7508264412,191.7663857768133,2026-04-15T03:00:00.000Z
2026-04-15T03:00:00.000Z,77289.7508264412,77731.95285261766,76806.42226056028,77248.38763326539,279.69229807131563,2026-04-15T04:00:00.000Z
2026-04-15T04:00:00.000Z,77248.38763326539,77357.36742469632,77064.37269440007,77173.24647886326,482.95810007627966,2026-04-15T05:00:00.000Z
2026-04-15T05:00:00.000Z,77173.24647886326,77308.77351396662,76833.97956415142,76969.1481740312,144.71647890504286,2026-04-15T06:00:00.000Z
2026-04-15T06:00:00.000Z,76969.1481740312,77133.17345290909,76801.12255503275,76965.13929077082,259.5707510409741,2026-04-15T07:00:00.000Z
2026-04-15T07:00:00.000Z,76965.13929077082,77244.06206699353,76862.45536195837,77141.1433203738,125.30136873261135,2026-04-15T08:00:00.000Z
2026-04-15T08:00:00.000Z,77141.1433203738,77344.17828628261,77038.71129364001,77241.61285087491,320.97173231699117,2026-04-15T09:00:00.000Z
2026-04-15T09:00:00.000Z,77241.61285087491,77849.73759017808,76771.8267096375,77379.11515520497,475.1022130134992,2026-04-15T10:00:00.000Z
2026-04-15T10:00:00.000Z,77379.11515520497,77782.60020259516,76733.03283097332,77135.24625027023,228.81593449451773,2026-04-15T11:00:00.000Z
2026-04-15T11:00:00.000Z,77135.24625027023,77653.2145044467,76452.05240298342,76968.90365569174,611.0923852357512,2026-04-15T12:00:00.000Z
2026-04-15T12:00:00.000Z,76968.90365569174,77493.42576129724,76356.19880617915,76880.11584706212,112.53585089581826,2026-04-15T13:00:00.000Z
2026-04-15T13:00:00.000Z,76880.11584706212,77113.23414391497,76283.84026106108,76515.85403182104,471.21660437957223,2026-04-15T14:00:00.000Z
2026-04-15T14:00:00.000Z,76515.85403182104,77017.0743193529,75821.9567909901,76321.90661791226,695.3250404425548,2026-04-15T15:00:00.000Z
2026-04-15T15:00:00.000Z,76321.90661791226,76424.89976991927,75787.16573848578,75889.57547809165,632.8394411750322,2026-04-15T16:00:00.000Z
2026-04-15T16:00:00.000Z,75889.57547809165,76315.98373779384,75492.72000566733,75918.97452655634,219.94511881840654,2026-04-15T17:00:00.000Z
2026-04-15T17:00:00.000Z,75918.97452655634,76200.98406783644,75763.67165659889,76045.42253081869,106.68104039816234,2026-04-15T18:00:00.000Z
2026-04-15T18:00:00.000Z,76045.42253081869,76539.75577482673,75191.09424014189,75683.07202480543,589.7940745995352,2026-04-15T19:00:00.000Z
2026-04-15T19:00:00.000Z,75683.07202480543,76384.4298245033,75167.49752593313,75867.5982805706,203.90330166737704,2026-04-15T20:00:00.000Z
2026-04-15T20:00:00.000Z,75867.5982805706,76254.83745825564,75362.84223074406,75749.47850805247,335.5103554369464,2026-04-15T21:00:00.000Z
2026-04-15T21:00:00.000Z,75749.47850805247,76048.02988745186,75017.44080412936,75314.27692375578,142.017073017553,2026-04-15T22:00:00.000Z
2026-04-15T22:00:00.000Z,75314.27692375578,75709.9283524236,75116.28739089661,75511.420559575,499.1786970753123,2026-04-15T23:00:00.000Z
2026-04-15T23:00:00.000Z,75511.420559575,75928.12612639515,75083.10821224267,75499.74937226599,649.3004719490654,2026-04-16T00:00:00.000Z
2026-04-16T00:00:00.000Z,75499.74937226599,75967.76966200944,75130.08014368704,75597.62122373597,207.08530010054136,2026-04-16T01:00:00.000Z
2026-04-16T01:00:00.000Z,75597.62122373597,75832.0797937157,75336.00529616285,75570.37937824425,325.3703251599196,2026-04-16T02:00:00.000Z
2026-04-16T02:00:00.000Z,75570.37937824425,76104.6339457096,75255.43282911397,75788.77720343292,672.7772749833657,2026-04-16T03:00:00.000Z
2026-04-16T03:00:00.000Z,75788.77720343292,76146.85468987895,75273.58375269335,75630.91539308749,364.4993983509482,2026-04-16T04:00:00.000Z
2026-04-16T04:00:00.000Z,75630.91539308749,75865.01900152574,74984.82887159126,75217.65329216627,342.62215636792695,2026-04-16T05:00:00.000Z
2026-04-16T05:00:00.000Z,75217.65329216627,75317.65297752063,74829.65998747363,74929.2762839715,641.8340497379351,2026-04-16T06:00:00.000Z
2026-04-16T06:00:00.000Z,74929.2762839715,75091.4244124043,74765.1176333428,74927.26140153843,461.1458223132164,2026-04-16T07:00:00.000Z
2026-04-16T07:00:00.000Z,74927.26140153843,75214.40931710319,74384.35305018096,74670.517029996,640.1856724825622,2026-04-16T08:00:00.000Z
2026-04-16T08:00:00.000Z,74670.517029996,74850.28195171003,74372.32866577848,74551.80780193835,387.38348096952933,2026-04-16T09:00:00.000Z
2026-04-16T09:00:00.000Z,74551.80780193835,74734.72406686663,73976.70155072269,74158.6531928638,474.2009223318663,2026-04-16T10:00:00.000Z
2026-04-16T10:00:00.000Z,74158.6531928638,74525.79316961352,74001.64182592196,74368.33785077467,438.47019231806985,2026-04-16T11:00:00.000Z
2026-04-16T11:00:00.000Z,74368.33785077467,74631.69447785156,73730.06011799097,73992.08433857928,373.2400620697253,2026-04-16T12:00:00.000Z
2026-04-16T12:00:00.000Z,73992.08433857928,74495.01209294361,73644.37992033354,74146.58165918603,163.96424717454437,2026-04-16T13:00:00.000Z
2026-04-16T13:00:00.000Z,74146.58165918603,74301.1686728833,74037.04716163862,74191.56771879364,647.1644738443031,2026-04-16T14:00:00.000Z
2026-04-16T14:00:00.000Z,74191.56771879364,74766.4530539679,73825.71167216412,74399.57129285853,126.46491659174902,2026-04-16T15:00:00.000Z
2026-04-16T15:00:00.000Z,74399.57129285853,74551.36020926211,74013.36667353845,74164.67636073954,539.5404618417567,2026-04-16T16:00:00.000Z
2026-04-16T16:00:00.000Z,74164.67636073954,74242.04882285373,73809.85895334,73886.94166812384,193.98021236713055,2026-04-16T17:00:00.000Z
2026-04-16T17:00:00.000Z,73886.94166812384,74322.48899277019,73361.94383690543,73796.96074372684,158.07987733654673,2026-04-16T18:00:00.000Z
2026-04-16T18:00:00.000Z,73796.96074372684,74185.25833171933,73566.32273925366,73954.12912812117,299.97858330606414,2026-04-16T19:00:00.000Z
2026-04-16T19:00:00.000Z,73954.12912812117,74297.52926982222,73647.92374299144,73991.17051567207,100.02160603181534,2026-04-16T20:00:00.000Z
2026-04-16T20:00:00.000Z,73991.17051567207,74486.33196250704,73448.03100760882,73942.86921395067,529.1023984686949,2026-04-16T21:00:00.000Z
2026-04-16T21:00:00.000Z,73942.86921395067,74335.3113297044,73681.1544973954,74073.1355461582,299.70276253284084,2026-04-16T22:00:00.000Z
2026-04-16T22:00:00.000Z,74073.1355461582,74274.94934940353,73426.84706301306,73627.44657736413,502.2158506336696,2026-04-16T23:00:00.000Z
2026-04-16T23:00:00.000Z,73627.44657736413,74004.75126577416,73289.13389331545,73666.2602358289,692.4810321966564,2026-04-17T00:00:00.000Z
2026-04-17T00:00:00.000Z,73666.2602358289,73959.10389283267,73177.81637187698,73469.87936085975,245.01977690729302,2026-04-17T01:00:00.000Z
2026-04-17T01:00:00.000Z,73469.87936085975,73831.21307798356,72824.76825386769,73184.69942169698,285.06273654525296,2026-04-17T02:00:00.000Z
2026-04-17T02:00:00.000Z,73184.69942169698,73844.87060604189,72682.47547523216,73341.57014719855,464.73447799903084,2026-04-17T03:00:00.000Z
2026-04-17T03:00:00.000Z,73341.57014719855,73576.66513898493,73201.00277204343,73435.91693758554,450.7442783334964,2026-04-17T04:00:00.000Z
2026-04-17T04:00:00.000Z,73435.91693758554,74088.00976251584,72953.0172481991,73604.00476170359,542.1803036901076,2026-04-17T05:00:00.000Z
2026-04-17T05:00:00.000Z,73604.00476170359,73963.01476173704,72935.4917965453,73292.98476923947,561.9153974866101,2026-04-17T06:00:00.000Z
2026-04-17T06:00:00.000Z,73292.98476923947,73602.2548895517,72553.02055816996,72860.46560265661,551.4718263649715,2026-04-17T07:00:00.000Z
2026-04-17T07:00:00.000Z,72860.46560265661,73347.85120427841,72243.27136787825,72729.78279282046,508.56451811667745,2026-04-17T08:00:00.000Z
2026-04-17T08:00:00.000Z,72729.78279282046,73229.85348089677,72161.69219295822,72661.29195621566,647.236440026777,2026-04-17T09:00:00.000Z
2026-04-17T09:00:00.000Z,72661.29195621566,73067.05980000852,72063.77532257259,72468.46635605977,457.7099346358841,2026-04-17T10:00:00.000Z
2026-04-17T10:00:00.000Z,72468.46635605977,72871.4237013629,71904.48377922396,72306.54074512623,449.7425601583638,2026-04-17T11:00:00.000Z
2026-04-17T11:00:00.000Z,72306.54074512623,73164.24986763086,71824.52271615056,72679.74394930204,272.17591859967257,2026-04-17T12:00:00.000Z
2026-04-17T12:00:00.000Z,72679.74394930204,73226.22009370162,72550.1950365211,73095.9293460883,584.6007658562627,2026-04-17T13:00:00.000Z
2026-04-17T13:00:00.000Z,73095.9293460883,73431.47247802337,72876.02865516262,73211.22493359189,592.5205015076886,2026-04-17T14:00:00.000Z
2026-04-17T14:00:00.000Z,73211.22493359189,73371.65304587162,73064.07827989802,73224.47975142571,625.4474312651192,2026-04-17T15:00:00.000Z
2026-04-17T15:00:00.000Z,73224.47975142571,73962.74169590895,72724.33829944069,73460.98485510373,400.0081495847591,2026-04-17T16:00:00.000Z
2026-04-17T16:00:00.000Z,73460.98485510373,73933.46506169502,73272.93643447093,73744.69040005472,324.30426749601224,2026-04-17T17:00:00.000Z
2026-04-17T17:00:00.000Z,73744.69040005472,73827.7996883656,73553.18374090397,73636.1707289844,526.6158465419969,2026-04-17T18:00:00.000Z
2026-04-17T18:00:00.000Z,73636.1707289844,73915.47006197624,73304.65934108605,73583.75988162897,434.32818713333836,2026-04-17T19:00:00.000Z
2026-04-17T19:00:00.000Z,73583.75988162897,73736.96741967085,73291.7250316641,73444.64291655761,157.86919847962875,2026-04-17T20:00:00.000Z
2026-04-17T20:00:00.000Z,73444.64291655761,73701.67239777633,72998.61541066425,73254.98114480948,637.4210777401091,2026-04-17T21:00:00.000Z
2026-04-17T21:00:00.000Z,73254.98114480948,73732.9594024356,72620.03257550087,73096.97989762401,126.72669991232766,2026-04-17T22:00:00.000Z
2026-04-17T22:00:00.000Z,73096.97989762401,73709.77815837642,72722.22408179396,73333.80816419896,663.7875835242623,2026-04-17T23:00:00.000Z
2026-04-17T23:00:00.000Z,73333.80816419896,73654.16946217691,73231.783015715,73551.84097706468,662.1378810899974,2026-04-18T00:00:00.000Z
2026-04-18T00:00:00.000Z,73551.84097706468,73802.34954585433,73380.29644986922,73630.62127982095,686.7496371207524,2026-04-18T01:00:00.000Z
2026-04-18T01:00:00.000Z,73630.62127982095,74094.44976904757,73522.8671474115,73986.17530400022,206.71243449054305,2026-04-18T02:00:00.000Z
2026-04-18T02:00:00.000Z,73986.17530400022,74137.19021720707,73764.18704624013,73915.05679780027,316.0874160081555,2026-04-18T03:00:00.000Z
2026-04-18T03:00:00.000Z,73915.05679780027,74616.03353868947,73661.7718384878,74361.21971150703,460.0149247609149,2026-04-18T04:00:00.000Z
2026-04-18T04:00:00.000Z,74361.21971150703,75033.43852328173,73903.48499657221,74574.39161656772,444.38796990755384,2026-04-18T05:00:00.000Z
2026-04-18T05:00:00.000Z,74574.39161656772,75154.46716811936,74386.28458838222,74965.37392310845,410.81406199876875,2026-04-18T06:00:00.000Z
2026-04-18T06:00:00.000Z,74965.37392310845,75238.28393324386,74773.60977005289,75046.31273576172,291.72861938910955,2026-04-18T07:00:00.000Z
2026-04-18T07:00:00.000Z,75046.31273576172,75728.50162449598,74594.26004205161,75275.07097132558,147.9279109500013,2026-04-18T08:00:00.000Z
2026-04-18T08:00:00.000Z,75275.07097132558,75951.01017368816,74763.46286728361,75438.29273060834,101.75708886317773,2026-04-18T09:00:00.000Z
2026-04-18T09:00:00.000Z,75438.29273060834,75750.7138242222,75071.11641508587,75383.30980170696,472.1028338987859,2026-04-18T10:00:00.000Z
2026-04-18T10:00:00.000Z,75383.30980170696,75804.82703024222,74908.20955759622,75329.42548378203,689.3718353423159,2026-04-18T11:00:00.000Z
2026-04-18T11:00:00.000Z,75329.42548378203,75511.65314821039,75138.67277629756,75320.87976798324,142.3528431180645,2026-04-18T12:00:00.000Z
2026-04-18T12:00:00.000Z,75320.87976798324,75525.86037280528,75165.99502850253,75370.87283098658,677.2849054901325,2026-04-18T13:00:00.000Z
2026-04-18T13:00:00.000Z,75370.87283098658,75894.89948633734,75127.97765412835,75651.1012268529,135.36155383817925,2026-04-18T14:00:00.000Z
2026-04-18T14:00:00.000Z,75651.1012268529,76134.54984842225,75329.2310690084,75811.99514073487,616.9149723448395,2026-04-18T15:00:00.000Z
2026-04-18T15:00:00.000Z,75811.99514073487,76526.3824856302,75338.21820385949,76051.11122472836,310.1467421325607,2026-04-18T16:00:00.000Z
2026-04-18T16:00:00.000Z,76051.11122472836,76390.02947546507,75891.07392554407,76229.61654063014,362.11178836511067,2026-04-18T17:00:00.000Z
2026-04-18T17:00:00.000Z,76229.61654063014,76522.54403900662,75860.21420803152,76152.8467030024,624.8073572874104,2026-04-18T18:00:00.000Z
2026-04-18T18:00:00.000Z,76152.8467030024,76620.65091245624,75980.13722321212,76447.27369226815,513.353482174386,2026-04-18T19:00:00.000Z
2026-04-18T19:00:00.000Z,76447.27369226815,76968.68137123813,76216.22957768367,76736.76234449385,525.0716890325173,2026-04-18T20:00:00.000Z
2026-04-18T20:00:00.000Z,76736.76234449385,77431.80440853104,76504.77876811594,77198.42517521791,138.8473806152341,2026-04-18T21:00:00.000Z
2026-04-18T21:00:00.000Z,77198.42517521791,77362.30664091386,76951.30589697165,77115.01028451452,291.168375495434,2026-04-18T22:00:00.000Z
2026-04-18T22:00:00.000Z,77115.01028451452,77850.04238000374,76830.4572750012,77563.8332218743,152.95736242689068,2026-04-18T23:00:00.000Z
2026-04-18T23:00:00.000Z,77563.8332218743,78145.77849710302,77069.03864269968,77650.43149094893,107.88164297485801,2026-04-19T00:00:00.000Z
2026-04-19T00:00:00.000Z,77650.43149094893,78111.39285193876,77524.75262451301,77985.17220058125,448.51328057633395,2026-04-19T01:00:00.000Z
2026-04-19T01:00:00.000Z,77985.17220058125,78558.75451053618,77508.98942823325,78081.98061939017,668.6578470136308,2026-04-19T02:00:00.000Z
2026-04-19T02:00:00.000Z,78081.98061939017,78418.49777411157,77573.5658588418,77909.33896380597,268.6909031908451,2026-04-19T03:00:00.000Z
2026-04-19T03:00:00.000Z,77909.33896380597,78217.02669516116,77611.04835982145,77918.7002497272,477.0607553315632,2026-04-19T04:00:00.000Z
2026-04-19T04:00:00.000Z,77918.7002497272,78425.49234944137,77272.82517785732,77778.70674386708,664.1961392779816,2026-04-19T05:00:00.000Z
2026-04-19T05:00:00.000Z,77778.70674386708,78266.67988824485,77133.81458332701,77620.79702335817,685.7351063684258,2026-04-19T06:00:00.000Z
2026-04-19T06:00:00.000Z,77620.79702335817,77795.08838246844,77528.06922553752,77702.26326298546,207.38891749986863,2026-04-19T07:00:00.000Z
2026-04-19T07:00:00.000Z,77702.26326298546,77788.21428019949,77506.41140588287,77592.2407207291,320.55280423748906,2026-04-19T08:00:00.000Z
2026-04-19T08:00:00.000Z,77592.2407207291,78053.62976573141,76958.63458016719,77418.99343971806,396.31628668695515,2026-04-19T09:00:00.000Z
2026-04-19T09:00:00.000Z,77418.99343971806,77710.43111373912,77136.68272506293,77428.08723827093,323.6767076997444,2026-04-19T10:00:00.000Z
2026-04-19T10:00:00.000Z,77428.08723827093,78075.61200804365,76961.20709508848,77607.64913266472,377.3898484545713,2026-04-19T11:00:00.000Z
2026-04-19T11:00:00.000Z,77607.64913266472,77772.39254042508,77216.15595605537,77380.41700162542,144.26898976986715,2026-04-19T12:00:00.000Z
2026-04-19T12:00:00.000Z,77380.41700162542,77851.06147093067,76612.98776288441,77081.81607663869,181.71118566846064,2026-04-19T13:00:00.000Z
2026-04-19T13:00:00.000Z,77081.81607663869,77520.41613157353,76913.94448232716,77351.95621619973,289.84422031317104,2026-04-19T14:00:00.000Z
2026-04-19T14:00:00.000Z,77351.95621619973,78004.93552380483,76961.967885184,77613.62791253916,449.79505043001615,2026-04-19T15:00:00.000Z
2026-04-19T15:00:00.000Z,77613.62791253916,78133.00773104416,77000.34198868625,77519.08916679124,615.3043871351073,2026-04-19T16:00:00.000Z
2026-04-19T16:00:00.000Z,77519.08916679124,77688.1833571976,77389.80142118534,77558.82933222163,502.0020408565188,2026-04-19T17:00:00.000Z
2026-04-19T17:00:00.000Z,77558.82933222163,78127.6354009989,77179.21506571864,77747.09963922435,241.979216105295,2026-04-19T18:00:00.000Z
2026-04-19T18:00:00.000Z,77747.09963922435,78153.07012203992,77060.91108590455,77465.41067908327,477.73967523953866,2026-04-19T19:00:00.000Z
2026-04-19T19:00:00.000Z,77465.41067908327,77558.73156057596,77121.87362201944,77214.89271000843,302.43363855519965,2026-04-19T20:00:00.000Z
2026-04-19T20:00:00.000Z,77214.89271000843,77353.98761005072,77093.77649684116,77232.84324039464,479.25036045687756,2026-04-19T21:00:00.000Z
2026-04-19T21:00:00.000Z,77232.84324039464,77621.63047036876,76814.25574684856,77202.89220443342,580.6286794508941,2026-04-19T22:00:00.000Z
2026-04-19T22:00:00.000Z,77202.89220443342,77515.1257849895,76705.82323868382,77017.30624933759,496.88689671311846,2026-04-19T23:00:00.000Z
2026-04-19T23:00:00.000Z,77017.30624933759,77228.23772493956,76796.47475219601,77007.37903961005,424.2851720770287,2026-04-20T00:00:00.000Z
2026-04-20T00:00:00.000Z,77007.37903961005,77386.05464257946,76830.6728956541,77208.88610739072,443.6080625949465,2026-04-20T01:00:00.000Z
2026-04-20T01:00:00.000Z,77208.88610739072,77316.91299726657,76793.88735100307,76901.48413910891,153.07851249961112,2026-04-20T02:00:00.000Z
2026-04-20T02:00:00.000Z,76901.48413910891,77395.35358985902,76643.95855078961,77137.03918125245,282.2254159405014,2026-04-20T03:00:00.000Z
2026-04-20T03:00:00.000Z,77137.03918125245,77632.19858817823,76614.17764494561,77109.1580770081,178.31004992048724,2026-04-20T04:00:00.000Z
2026-04-20T04:00:00.000Z,77109.1580770081,77461.10839482513,76838.89659766968,77190.56160259008,520.1122655626909,2026-04-20T05:00:00.000Z
2026-04-20T05:00:00.000Z,77190.56160259008,77285.33250156006,76795.91076412937,76890.31303218979,683.4958043803907,2026-04-20T06:00:00.000Z
2026-04-20T06:00:00.000Z,76890.31303218979,77293.68049884072,76634.41733838685,77037.29563788034,273.03469235684474,2026-04-20T07:00:00.000Z
2026-04-20T07:00:00.000Z,77037.29563788034,77477.80949112559,76953.21858246285,77393.34385138501,684.3666838409224,2026-04-20T08:00:00.000Z
2026-04-20T08:00:00.000Z,77393.34385138501,77722.47361996304,76792.10636414973,77120.07400123085,293.240650181305,2026-04-20T09:00:00.000Z
2026-04-20T09:00:00.000Z,77120.07400123085,78002.72625729507,76598.05900519813,77478.2865704755,423.261966613709,2026-04-20T10:00:00.000Z
2026-04-20T10:00:00.000Z,77478.2865704755,77642.10443664304,77056.52220832206,77219.79352420909,423.85843876928953,2026-04-20T11:00:00.000Z
2026-04-20T11:00:00.000Z,77219.79352420909,77788.94118703422,76886.12192834934,77454.25646203924,610.6536319994618,2026-04-20T12:00:00.000Z
2026-04-20T12:00:00.000Z,77454.25646203924,77726.7423354921,77030.1722188092,77302.12288279632,341.64172878565347,2026-04-20T13:00:00.000Z
2026-04-20T13:00:00.000Z,77302.12288279632,77833.84419096983,76987.1028700628,77517.94466576906,153.88680820068663,2026-04-20T14:00:00.000Z
2026-04-20T14:00:00.000Z,77517.94466576906,77877.86373361244,77145.20156738856,77505.0608149724,560.5811345673078,2026-04-20T15:00:00.000Z
2026-04-20T15:00:00.000Z,77505.0608149724,77755.14498786564,77372.05996945145,77621.94356828085,528.0648845378612,2026-04-20T16:00:00.000Z
2026-04-20T16:00:00.000Z,77621.94356828085,77970.19774156548,77507.07195470502,77854.981258816,244.0969874822055,2026-04-20T17:00:00.000Z
2026-04-20T17:00:00.000Z,77854.981258816,78259.19332818783,77394.33041398608,77798.24793193564,157.08082963576578,2026-04-20T18:00:00.000Z
2026-04-20T18:00:00.000Z,77798.24793193564,78477.78625279797,77436.88322293335,78114.95049358477,675.3759222921803,2026-04-20T19:00:00.000Z
2026-04-20T19:00:00.000Z,78114.95049358477,78285.31005143099,77776.94815772733,77946.94130721608,609.8487287339981,2026-04-20T20:00:00.000Z
2026-04-20T20:00:00.000Z,77946.94130721608,78347.36003647296,77711.95499303647,78111.87649288694,399.17926541491374,2026-04-20T21:00:00.000Z
2026-04-20T21:00:00.000Z,78111.87649288694,78285.7892289272,77960.56218328913,78134.43122745764,165.5962109871191,2026-04-20T22:00:00.000Z
2026-04-20T22:00:00.000Z,78134.43122745764,78550.14000270379,77705.72670746164,78121.36596991909,246.7722135348116,2026-04-20T23:00:00.000Z
2026-04-20T23:00:00.000Z,78121.36596991909,78640.50360205924,77502.1002245399,78020.56802705361,306.63364874507937,2026-04-21T00:00:00.000Z
2026-04-21T00:00:00.000Z,78020.56802705361,78395.88193595746,77418.55230328205,77792.77040349468,520.4593839219117,2026-04-21T01:00:00.000Z
2026-04-21T01:00:00.000Z,77792.77040349468,78361.11847268717,77428.91137477015,77996.30744303591,514.424970193964,2026-04-21T02:00:00.000Z
2026-04-21T02:00:00.000Z,77996.30744303591,78448.0131366033,77725.38138432913,78176.4612998822,638.258427073368,2026-04-21T03:00:00.000Z
2026-04-21T03:00:00.000Z,78176.4612998822,78421.85563813438,77879.70840781892,78124.9410249653,483.4658754912512,2026-04-21T04:00:00.000Z
2026-04-21T04:00:00.000Z,78124.9410249653,78564.31114197327,77636.22057287255,78075.31157675505,358.88763762027384,2026-04-21T05:00:00.000Z
2026-04-21T05:00:00.000Z,78075.31157675505,78745.56395297304,77607.00913439896,78276.0574197632,383.33484208366593,2026-04-21T06:00:00.000Z
2026-04-21T06:00:00.000Z,78276.0574197632,78472.66305954357,78144.58556923612,78341.0819942525,490.50400061090664,2026-04-21T07:00:00.000Z
2026-04-21T07:00:00.000Z,78341.0819942525,78638.3188892655,78099.74288810967,78396.80811212792,198.07968945153044,2026-04-21T08:00:00.000Z
2026-04-21T08:00:00.000Z,78396.80811212792,78553.33810494829,78090.20943128604,78246.43919190858,548.3431840540577,2026-04-21T09:00:00.000Z
2026-04-21T09:00:00.000Z,78246.43919190858,78935.5526611009,77735.39388205567,78423.35189410967,634.3691063739216,2026-04-21T10:00:00.000Z
2026-04-21T10:00:00.000Z,78423.35189410967,78957.3215790619,77875.64080558548,78409.51628651751,366.5885715124144,2026-04-21T11:00:00.000Z
2026-04-21T11:00:00.000Z,78409.51628651751,78738.60936509115,78081.35398234938,78410.44318164847,325.58496055453315,2026-04-21T12:00:00.000Z
2026-04-21T12:00:00.000Z,78410.44318164847,78569.84920603487,77844.91391883422,78003.49262522969,411.51534286863887,2026-04-21T13:00:00.000Z
2026-04-21T13:00:00.000Z,78003.49262522969,78427.94015410617,77213.38842607733,77635.83538804913,146.41685972289036,2026-04-21T14:00:00.000Z
2026-04-21T14:00:00.000Z,77635.83538804913,77719.69880175723,77290.47587943573,77374.05651561244,517.7788026713667,2026-04-21T15:00:00.000Z
2026-04-21T15:00:00.000Z,77374.05651561244,77601.71386194894,77210.39786196072,77437.92012642311,552.5458437635311,2026-04-21T16:00:00.000Z
2026-04-21T16:00:00.000Z,77437.92012642311,77903.33638975811,76954.79775997347,77420.10696289163,318.7403551390117,2026-04-21T17:00:00.000Z
2026-04-21T17:00:00.000Z,77420.10696289163,77562.74635220304,77064.26253742304,77206.50839111391,534.3632318239488,2026-04-21T18:00:00.000Z
2026-04-21T18:00:00.000Z,77206.50839111391,77334.60530497848,76835.42474883542,76963.11784210453,327.6464200707369,2026-04-21T19:00:00.000Z
2026-04-21T19:00:00.000Z,76963.11784210453,77613.2001329177,76429.4248027848,77078.70556211985,245.9698385307425,2026-04-21T20:00:00.000Z
2026-04-21T20:00:00.000Z,77078.70556211985,77409.2349345484,76935.75440934404,77265.93654080578,647.7075110877433,2026-04-21T21:00:00.000Z
2026-04-21T21:00:00.000Z,77265.93654080578,77477.39838876316,76785.4153665619,76996.13883063472,149.17503644208193,2026-04-21T22:00:00.000Z
2026-04-21T22:00:00.000Z,76996.13883063472,77430.05916862978,76483.59597447548,76917.07071527746,172.52189846361145,2026-04-21T23:00:00.000Z
2026-04-21T23:00:00.000Z,76917.07071527746,77245.0923011301,76499.73807255406,76827.37715000841,536.0776970330987,2026-04-22T00:00:00.000Z
2026-04-22T00:00:00.000Z,76827.37715000841,77252.05671300906,76178.998525906,76602.43467182176,624.4295826761189,2026-04-22T01:00:00.000Z
2026-04-22T01:00:00.000Z,76602.43467182176,77099.89302309118,75802.67597706892,76298.1583493981,512.7639929823409,2026-04-22T02:00:00.000Z
2026-04-22T02:00:00.000Z,76298.1583493981,76600.23879544664,75735.58908834835,76036.6341049432,244.5670680816132,2026-04-22T03:00:00.000Z
2026-04-22T03:00:00.000Z,76036.6341049432,76533.5742947855,75523.12977949847,76019.96100166743,676.0256226062894,2026-04-22T04:00:00.000Z
2026-04-22T04:00:00.000Z,76019.96100166743,76533.92559243909,75343.04836754716,75855.90378118858,271.96594074925684,2026-04-22T05:00:00.000Z
2026-04-22T05:00:00.000Z,75855.90378118858,76032.3943548214,75254.79809868279,75430.29843519615,210.29529269332778,2026-04-22T06:00:00.000Z
2026-04-22T06:00:00.000Z,75430.29843519615,75707.18469056331,75070.39584184391,75346.97624173104,240.3846936954114,2026-04-22T07:00:00.000Z
2026-04-22T07:00:00.000Z,75346.97624173104,75503.2459216514,75009.20538309566,75165.09784710198,372.94196275665513,2026-04-22T08:00:00.000Z
2026-04-22T08:00:00.000Z,75165.09784710198,75610.25178405001,74640.29911895597,75084.97856153872,291.84977924071706,2026-04-22T09:00:00.000Z
2026-04-22T09:00:00.000Z,75084.97856153872,75581.75323430373,74155.99873949155,74649.89482609404,589.9834500113425,2026-04-22T10:00:00.000Z
2026-04-22T10:00:00.000Z,74649.89482609404,74909.55181545216,74106.43617317472,74365.10256097437,229.6967710972283,2026-04-22T11:00:00.000Z
2026-04-22T11:00:00.000Z,74365.10256097437,74818.86768179269,73476.87343936214,73927.97124801106,188.78177501670166,2026-04-22T12:00:00.000Z
2026-04-22T12:00:00.000Z,73927.97124801106,74466.77200153304,73555.00109565299,74092.9694254746,611.9205499589073,2026-04-22T13:00:00.000Z
2026-04-22T13:00:00.000Z,74092.9694254746,74375.34090535733,73857.45804182466,74139.68104448867,461.0211160783755,2026-04-22T14:00:00.000Z
2026-04-22T14:00:00.000Z,74139.68104448867,74637.92801838141,73725.61314835346,74223.39259574188,259.1173604871693,2026-04-22T15:00:00.000Z
2026-04-22T15:00:00.000Z,74223.39259574188,74463.75459163675,73627.44986367032,73866.6566203873,110.0725612650032,2026-04-22T16:00:00.000Z
2026-04-22T16:00:00.000Z,73866.6566203873,73978.49039369742,73404.80857033379,73516.11162014991,571.9544107429471,2026-04-22T17:00:00.000Z
2026-04-22T17:00:00.000Z,73516.11162014991,73803.75241605754,72933.71473954953,73220.19773612249,544.7150825731061,2026-04-22T18:00:00.000Z
2026-04-22T18:00:00.000Z,73220.19773612249,73501.28546391502,72633.10979885842,72913.01828408035,301.45161701433904,2026-04-22T19:00:00.000Z
2026-04-22T19:00:00.000Z,72913.01828408035,73251.68956916593,72783.54076806326,73121.84122943466,154.28524532089256,2026-04-22T20:00:00.000Z
2026-04-22T20:00:00.000Z,73121.84122943466,73479.44008815585,72726.54364464924,73083.95723350468,582.7691906517227,2026-04-22T21:00:00.000Z
2026-04-22T21:00:00.000Z,73083.95723350468,73258.53571205598,72576.71151379099,72750.49343445332,153.16893004494204,2026-04-22T22:00:00.000Z
2026-04-22T22:00:00.000Z,72750.49343445332,72934.92217959744,72352.53518354632,72536.4212372965,118.75708998123048,2026-04-22T23:00:00.000Z
2026-04-22T23:00:00.000Z,72536.4212372965,72799.7019605258,72103.94290146495,72366.60726196949,127.3112124890607,2026-04-23T00:00:00.000Z
2026-04-23T00:00:00.000Z,72366.60726196949,72691.05522297187,71625.03889363789,71947.60831758693,439.09284171606083,2026-04-23T01:00:00.000Z
2026-04-23T01:00:00.000Z,71947.60831758693,72377.7556295752,71438.89654723676,71868.57132720128,664.3435135317703,2026-04-23T02:00:00.000Z
2026-04-23T02:00:00.000Z,71868.57132720128,72160.66079192462,71270.89457348973,71561.73699693156,329.40361482529136,2026-04-23T03:00:00.000Z
2026-04-23T03:00:00.000Z,71561.73699693156,71984.18944995588,71333.25878068041,71755.09389487263,242.72293958008427,2026-04-23T04:00:00.000Z
2026-04-23T04:00:00.000Z,71755.09389487263,72332.0127781896,71327.50797585087,71903.54226091044,628.3983174378045,2026-04-23T05:00:00.000Z
2026-04-23T05:00:00.000Z,71903.54226091044,72327.35961030431,71248.34989225591,71670.79537364804,463.5305668057551,2026-04-23T06:00:00.000Z
2026-04-23T06:00:00.000Z,71670.79537364804,71869.72970187834,71099.29100723722,71297.188326368,665.0898122066119,2026-04-23T07:00:00.000Z
2026-04-23T07:00:00.000Z,71297.188326368,71375.91891004638,70853.83755190179,70932.16505523621,128.61505999631018,2026-04-23T08:00:00.000Z
2026-04-23T08:00:00.000Z,70932.16505523621,71285.12894070902,70501.585608832,70854.16134185331,491.91209943588456,2026-04-23T09:00:00.000Z
2026-04-23T09:00:00.000Z,70854.16134185331,70977.63481351122,70370.86756906766,70493.71290797174,259.22132682018974,2026-04-23T10:00:00.000Z
2026-04-23T10:00:00.000Z,70493.71290797174,70944.62134511393,69651.14543031543,70099.53251830285,287.93775755350373,2026-04-23T11:00:00.000Z
2026-04-23T11:00:00.000Z,70099.53251830285,70212.69251025478,69842.9334391581,69955.86150644576,513.6491381626805,2026-04-23T12:00:00.000Z
2026-04-23T12:00:00.000Z,69955.86150644576,70376.39317670719,69113.55958661043,69531.54049961022,536.0605996270015,2026-04-23T13:00:00.000Z
2026-04-23T13:00:00.000Z,69531.54049961022,69847.81370589956,69282.11240106735,69598.14667332558,317.1777409581364,2026-04-23T14:00:00.000Z
2026-04-23T14:00:00.000Z,69598.14667332558,69984.00372195388,69108.16091999161,69493.43745329679,519.6950962858717,2026-04-23T15:00:00.000Z
2026-04-23T15:00:00.000Z,69493.43745329679,69581.99335419743,69206.13076439004,69294.43307282438,326.01180869434575,2026-04-23T16:00:00.000Z
2026-04-23T16:00:00.000Z,69294.43307282438,69918.48767577438,68852.42072888857,69475.32148860607,576.7422267593174,2026-04-23T17:00:00.000Z
2026-04-23T17:00:00.000Z,69475.32148860607,69692.5379264882,69050.57836279421,69267.14392800398,553.1889919439279,2026-04-23T18:00:00.000Z
2026-04-23T18:00:00.000Z,69267.14392800398,69712.82261312335,68760.29735998176,69205.57993000059,160.61108971974397,2026-04-23T19:00:00.000Z
2026-04-23T19:00:00.000Z,69205.57993000059,69404.13428792817,69094.33471489344,69292.74895208766,458.35211107430615,2026-04-23T20:00:00.000Z
2026-04-23T20:00:00.000Z,69292.74895208766,69504.36227176018,68685.67449926898,68896.07641958594,294.42693814375764,2026-04-23T21:00:00.000Z
2026-04-23T21:00:00.000Z,68896.07641958594,69353.86709777114,68158.48409134196,68614.40314773317,472.13476839109086,2026-04-23T22:00:00.000Z
2026-04-23T22:00:00.000Z,68614.40314773317,68794.74286654955,68088.37469433459,68267.8034427063,195.64158408699632,2026-04-23T23:00:00.000Z
2026-04-23T23:00:00.000Z,68267.8034427063,68527.03589901976,67643.77261612788,67901.61454803814,500.6001999604516,2026-04-24T00:00:00.000Z
2026-04-24T00:00:00.000Z,67901.61454803814,67992.1127162184,67690.0739460026,67780.41057549833,209.64149334916914,2026-04-24T01:00:00.000Z
2026-04-24T01:00:00.000Z,67780.41057549833,68210.50330704862,67314.54283124932,67744.40710696709,286.8583276806671,2026-04-24T02:00:00.000Z
2026-04-24T02:00:00.000Z,67744.40710696709,67838.78863318206,67597.19125375908,67691.4990684806,351.69236383014004,2026-04-24T03:00:00.000Z
2026-04-24T03:00:00.000Z,67691.4990684806,68141.50461587438,67255.35096256858,67705.26779565758,242.51927917009186,2026-04-24T04:00:00.000Z
2026-04-24T04:00:00.000Z,67705.26779565758,67820.95728397173,67530.31980271885,67645.90786140064,249.25693541264948,2026-04-24T05:00:00.000Z
2026-04-24T05:00:00.000Z,67645.90786140064,68235.08352028865,67445.90253008502,68033.93094020532,643.091997663999,2026-04-24T06:00:00.000Z
2026-04-24T06:00:00.000Z,68033.93094020532,68526.02823799652,67918.24228252503,68409.7006008095,155.20376668088312,2026-04-24T07:00:00.000Z
2026-04-24T07:00:00.000Z,68409.7006008095,68603.70824826525,68246.25589299646,68440.19069341103,334.6099867646629,2026-04-24T08:00:00.000Z
2026-04-24T08:00:00.000Z,68440.19069341103,68848.0885869388,68351.74211215407,68759.22769867044,650.2092770068949,2026-04-24T09:00:00.000Z
2026-04-24T09:00:00.000Z,68759.22769867044,69188.7202670396,68316.73867214099,68746.14955012771,600.5153035281763,2026-04-24T10:00:00.000Z
2026-04-24T10:00:00.000Z,68746.14955012771,69084.67771151678,68387.82681193987,68726.25701609036,507.61242471989823,2026-04-24T11:00:00.000Z
2026-04-24T11:00:00.000Z,68726.25701609036,69562.24058258986,68266.99586042574,69100.47870171082,427.4498641153098,2026-04-24T12:00:00.000Z
2026-04-24T12:00:00.000Z,69100.47870171082,69311.96297542134,68961.5948164857,69172.93346459186,610.5475894690246,2026-04-24T13:00:00.000Z
2026-04-24T13:00:00.000Z,69172.93346459186,69423.07146328999,68915.90650043103,69166.01949735693,221.8869937220062,2026-04-24T14:00:00.000Z
2026-04-24T14:00:00.000Z,69166.01949735693,69443.71078822423,68862.19364651934,69139.77958804979,160.76391835732568,2026-04-24T15:00:00.000Z
2026-04-24T15:00:00.000Z,69139.77958804979,69463.49289505463,68691.45957167509,69014.58672413573,658.2805543943683,2026-04-24T16:00:00.000Z
2026-04-24T16:00:00.000Z,69014.58672413573,69274.45266377063,68797.59986601502,69057.33141325212,642.5022584118425,2026-04-24T17:00:00.000Z
2026-04-24T17:00:00.000Z,69057.33141325212,69410.57623712598,68761.80224845948,69114.8011320739,314.6411269971361,2026-04-24T18:00:00.000Z
2026-04-24T18:00:00.000Z,69114.8011320739,69692.15884876416,68635.03614846156,69211.72108883322,290.7051705712011,2026-04-24T19:00:00.000Z
2026-04-24T19:00:00.000Z,69211.72108883322,69799.1051816343,69043.75289221063,69630.1215793153,648.8369079999798,2026-04-24T20:00:00.000Z
2026-04-24T20:00:00.000Z,69630.1215793153,70210.42188053355,69388.0285274999,69967.15700919612,131.26143330301224,2026-04-24T21:00:00.000Z
2026-04-24T21:00:00.000Z,69967.15700919612,70389.91228160339,69787.78551303249,70209.91842945127,131.2174565304152,2026-04-24T22:00:00.000Z
2026-04-24T22:00:00.000Z,70209.91842945127,70522.19867420806,69994.67187376213,70306.6555460173,417.95255090945983,2026-04-24T23:00:00.000Z
2026-04-24T23:00:00.000Z,70306.6555460173,70560.71285322796,70103.93695841372,70357.84666379333,443.771237853808,2026-04-25T00:00:00.000Z
2026-04-25T00:00:00.000Z,70357.84666379333,70912.52734316906,69997.76038787076,70551.4502185163,698.7818717019549,2026-04-25T01:00:00.000Z
2026-04-25T01:00:00.000Z,70551.4502185163,71349.0969446555,70124.1230920739,70919.5403122069,328.2535973136563,2026-04-25T02:00:00.000Z
2026-04-25T02:00:00.000Z,70919.5403122069,71384.41513361003,70751.9426943002,71216.1166441728,443.51697337977447,2026-04-25T03:00:00.000Z
2026-04-25T03:00:00.000Z,71216.1166441728,71826.51724723732,70723.88639550339,71333.47583744861,631.4301043429552,2026-04-25T04:00:00.000Z
2026-04-25T04:00:00.000Z,71333.47583744861,71440.74159380964,71189.64163471712,71296.85231946822,106.49389373440943,2026-04-25T05:00:00.000Z
2026-04-25T05:00:00.000Z,71296.85231946822,72079.97594080806,70904.99994098126,71685.98486323607,242.19369503771594,2026-04-25T06:00:00.000Z
2026-04-25T06:00:00.000Z,71685.98486323607,72053.02346476873,71179.40390510761,71545.72436042383,133.08948559364745,2026-04-25T07:00:00.000Z
2026-04-25T07:00:00.000Z,71545.72436042383,72346.57382063988,71129.07963891968,71927.70464657247,314.06449368878475,2026-04-25T08:00:00.000Z
2026-04-25T08:00:00.000Z,71927.70464657247,72258.37782574647,71599.1400380604,71929.8036291156,410.81464565862655,2026-04-25T09:00:00.000Z
2026-04-25T09:00:00.000Z,71929.8036291156,72108.2762818565,71839.69910928018,72018.06120414355,567.4394586437566,2026-04-25T10:00:00.000Z
2026-04-25T10:00:00.000Z,72018.06120414355,72729.968319686,71605.52710462021,72315.72911782205,391.372054578444,2026-04-25T11:00:00.000Z
2026-04-25T11:00:00.000Z,72315.72911782205,72775.46891419489,72193.74147667208,72652.91248663707,131.87216447287807,2026-04-25T12:00:00.000Z
2026-04-25T12:00:00.000Z,72652.91248663707,73337.32675776901,72292.81182589463,72975.62658016851,508.583583873037,2026-04-25T13:00:00.000Z
2026-04-25T13:00:00.000Z,72975.62658016851,73480.5073773812,72345.07553624768,72849.08082854238,498.18520015021096,2026-04-25T14:00:00.000Z
2026-04-25T14:00:00.000Z,72849.08082854238,73388.83905634147,72659.27569484425,73198.12450442128,191.25944017025614,2026-04-25T15:00:00.000Z
2026-04-25T15:00:00.000Z,73198.12450442128,73646.07251695036,72769.40769243235,73217.2437248895,154.20529090529556,2026-04-25T16:00:00.000Z
2026-04-25T16:00:00.000Z,73217.2437248895,73670.09169007518,72817.77718397263,73270.33548540092,544.4640456905887,2026-04-25T17:00:00.000Z
2026-04-25T17:00:00.000Z,73270.33548540092,73474.02438965841,72986.91878305783,73190.38542902662,685.7090478696437,2026-04-25T18:00:00.000Z
2026-04-25T18:00:00.000Z,73190.38542902662,73914.46781872881,72723.04248087142,73445.49591228012,182.43781900146874,2026-04-25T19:00:00.000Z
2026-04-25T19:00:00.000Z,73445.49591228012,73702.15620324588,73136.62372668771,73393.10091978133,520.6940470359726,2026-04-25T20:00:00.000Z
2026-04-25T20:00:00.000Z,73393.10091978133,73559.44960828534,73254.16478906461,73420.46168252981,433.58638870231175,2026-04-25T21:00:00.000Z
2026-04-25T21:00:00.000Z,73420.46168252981,73656.41979474813,73191.61282446033,73427.54884625197,679.6125105487241,2026-04-25T22:00:00.000Z
2026-04-25T22:00:00.000Z,73427.54884625197,74084.9960038586,73177.3327496848,73833.39691519643,253.60042981505416,2026-04-25T23:00:00.000Z
2026-04-25T23:00:00.000Z,73833.39691519643,74153.06552201504,73716.36031796638,74035.70823212957,152.2289767173254,2026-04-26T00:00:00.000Z
2026-04-26T00:00:00.000Z,74035.70823212957,74408.28678141847,73478.18604486855,73849.82917324018,383.0833319030159,2026-04-26T01:00:00.000Z
2026-04-26T01:00:00.000Z,73849.82917324018,74197.18652345822,73726.46003857533,74073.443831438,277.5119524344392,2026-04-26T02:00:00.000Z
2026-04-26T02:00:00.000Z,74073.443831438,74488.22413096212,73729.45093132183,74143.90401771039,276.11527926107647,2026-04-26T03:00:00.000Z
2026-04-26T03:00:00.000Z,74143.90401771039,74634.71969576967,73523.7551111808,74013.70892753599,649.4011481056926,2026-04-26T04:00:00.000Z
2026-04-26T04:00:00.000Z,74013.70892753599,74280.23827018008,73856.76921517494,74123.06667411073,379.9859951622719,2026-04-26T05:00:00.000Z
2026-04-26T05:00:00.000Z,74123.06667411073,74685.64187233351,73826.59253185878,74388.10763106114,589.0381328244871,2026-04-26T06:00:00.000Z
2026-04-26T06:00:00.000Z,74388.10763106114,74914.37735361535,74060.73146759148,74586.12971067445,427.4377128702764,2026-04-26T07:00:00.000Z
2026-04-26T07:00:00.000Z,74586.12971067445,74865.84397969552,74038.25331050882,74316.95812733057,591.9070389549746,2026-04-26T08:00:00.000Z
2026-04-26T08:00:00.000Z,74316.95812733057,74773.01094837052,73634.06233588282,74088.71451911365,369.50343673559996,2026-04-26T09:00:00.000Z
2026-04-26T09:00:00.000Z,74088.71451911365,74606.03478142536,73414.40747061942,73930.62387393501,592.7721742972601,2026-04-26T10:00:00.000Z
2026-04-26T10:00:00.000Z,73930.62387393501,74326.0713698508,73463.808465477,73858.87216871434,695.8179899471896,2026-04-26T11:00:00.000Z
2026-04-26T11:00:00.000Z,73858.87216871434,74531.69612348195,73438.60641808863,74110.00141761774,582.5204255443628,2026-04-26T12:00:00.000Z
2026-04-26T12:00:00.000Z,74110.00141761774,74445.89004216681,73590.78225348066,73925.83618628695,433.55122158934887,2026-04-26T13:00:00.000Z
2026-04-26T13:00:00.000Z,73925.83618628695,74423.1393459689,73328.05752083463,73824.68019863262,361.19608388338054,2026-04-26T14:00:00.000Z
2026-04-26T14:00:00.000Z,73824.68019863262,73962.54160134977,73726.65371405872,73864.46229299325,280.68158336946817,2026-04-26T15:00:00.000Z
2026-04-26T15:00:00.000Z,73864.46229299325,74272.19765054464,73268.22768228101,73674.9167393288,344.2230710965689,2026-04-26T16:00:00.000Z
2026-04-26T16:00:00.000Z,73674.9167393288,73762.9936242186,73333.9408686189,73421.715055976,443.13166231994126,2026-04-26T17:00:00.000Z
2026-04-26T17:00:00.000Z,73421.715055976,73895.601218513,73088.66730384337,73561.91749503135,212.06408185514812,2026-04-26T18:00:00.000Z
2026-04-26T18:00:00.000Z,73561.91749503135,73801.72150859649,73074.3637455896,73313.3574799879,302.9340644380702,2026-04-26T19:00:00.000Z
2026-04-26T19:00:00.000Z,73313.3574799879,73696.1665157692,72959.45489695105,73342.12506414563,574.6213149626838,2026-04-26T20:00:00.000Z
2026-04-26T20:00:00.000Z,73342.12506414563,74104.05280895771,72883.88966528446,73643.9317474466,271.55495424361663,2026-04-26T21:00:00.000Z
2026-04-26T21:00:00.000Z,73643.9317474466,73771.63384793742,73557.65845689323,73685.31208064708,326.9162093414535,2026-04-26T22:00:00.000Z
2026-04-26T22:00:00.000Z,73685.31208064708,74006.47923939004,73247.65864501064,73568.31586028432,152.7927806846764,2026-04-26T23:00:00.000Z
2026-04-26T23:00:00.000Z,73568.31586028432,73916.05433714965,73443.76002825185,73791.121281386,331.8631258941549,2026-04-27T00:00:00.000Z
2026-04-27T00:00:00.000Z,73791.121281386,74439.51745300056,73406.76564057074,74053.79363133055,258.15871383909075,2026-04-27T01:00:00.000Z
2026-04-27T01:00:00.000Z,74053.79363133055,74182.06732353136,73800.14168463727,73928.19782366243,656.5867346509298,2026-04-27T02:00:00.000Z
2026-04-27T02:00:00.000Z,73928.19782366243,74492.0760659136,73661.59919608552,74224.40924567264,312.1628703606142,2026-04-27T03:00:00.000Z
2026-04-27T03:00:00.000Z,74224.40924567264,74472.07325126976,73682.93477847573,73929.61514690999,378.5401774936077,2026-04-27T04:00:00.000Z
2026-04-27T04:00:00.000Z,73929.61514690999,74442.69483285435,73348.39595908488,73860.9994444839,243.43550444740592,2026-04-27T05:00:00.000Z
2026-04-27T05:00:00.000Z,73860.9994444839,74516.51559100232,73466.41803394307,74120.5476180645,262.37505225575296,2026-04-27T06:00:00.000Z
2026-04-27T06:00:00.000Z,74120.5476180645,74578.11735591406,73608.67506414016,74065.9074910904,296.1763980780618,2026-04-27T07:00:00.000Z
2026-04-27T07:00:00.000Z,74065.9074910904,74506.61714660835,73459.78888485742,73899.50842661224,362.2440810605158,2026-04-27T08:00:00.000Z
2026-04-27T08:00:00.000Z,73899.50842661224,74619.06029634978,73458.81212832878,74176.71091386309,376.6638063251338,2026-04-27T09:00:00.000Z
2026-04-27T09:00:00.000Z,74176.71091386309,74610.77880398049,73968.28923230772,74401.72487831149,429.9362218612508,2026-04-27T10:00:00.000Z
2026-04-27T10:00:00.000Z,74401.72487831149,74791.8697145623,73736.12045931978,74124.813237207,388.50280953967143,2026-04-27T11:00:00.000Z
2026-04-27T11:00:00.000Z,74124.813237207,74318.95966078565,73908.5499929557,74102.63833641929,460.2529470623718,2026-04-27T12:00:00.000Z
2026-04-27T12:00:00.000Z,74102.63833641929,74565.35542220296,73512.57692017208,73974.49383674751,149.2226389465959,2026-04-27T13:00:00.000Z
2026-04-27T13:00:00.000Z,73974.49383674751,74560.46512860939,73609.89073768415,74194.77630840527,179.94647905228032,2026-04-27T14:00:00.000Z
2026-04-27T14:00:00.000Z,74194.77630840527,74400.27073234782,73960.21731484089,74165.63101618634,170.27559786582162,2026-04-27T15:00:00.000Z
2026-04-27T15:00:00.000Z,74165.63101618634,74283.4074333188,74087.18467335659,74204.9195343057,507.09407385769026,2026-04-27T16:00:00.000Z
2026-04-27T16:00:00.000Z,74204.9195343057,74486.43477554376,73860.70614115054,74141.98261517366,563.0484628784695,2026-04-27T17:00:00.000Z
2026-04-27T17:00:00.000Z,74141.98261517366,74739.31032383758,73733.71018273037,74330.00253534567,592.2864756976658,2026-04-27T18:00:00.000Z
2026-04-27T18:00:00.000Z,74330.00253534567,74896.29134576902,73956.84320259093,74522.16728722195,427.72996887924614,2026-04-27T19:00:00.000Z
2026-04-27T19:00:00.000Z,74522.16728722195,74718.85163414331,74107.56885282595,74303.67654301687,626.196474733854,2026-04-27T20:00:00.000Z
2026-04-27T20:00:00.000Z,74303.67654301687,74727.0934816325,73914.79517537482,74338.03230705322,239.23074115963223,2026-04-27T21:00:00.000Z
2026-04-27T21:00:00.000Z,74338.03230705322,74618.67447982071,73722.37398656497,74001.74660798266,606.5213196475624,2026-04-27T22:00:00.000Z
2026-04-27T22:00:00.000Z,74001.74660798266,74291.28123413937,73657.48549182017,73946.8051574785,402.1734192511874,2026-04-27T23:00:00.000Z
2026-04-27T23:00:00.000Z,73946.8051574785,74053.40728884238,73702.2405772355,73808.6435340238,106.59889523247206,2026-04-28T00:00:00.000Z
2026-04-28T00:00:00.000Z,73808.6435340238,74330.27276794818,73458.85148796573,73979.67019668064,130.6901308850805,2026-04-28T01:00:00.000Z
2026-04-28T01:00:00.000Z,73979.67019668064,74384.76272574907,73636.69622636378,74041.50209920564,221.05542035822543,2026-04-28T02:00:00.000Z
2026-04-28T02:00:00.000Z,74041.50209920564,74521.1270721595,73813.09191475723,74291.94430007212,181.32018553154552,2026-04-28T03:00:00.000Z
2026-04-28T03:00:00.000Z,74291.94430007212,74775.40679589217,74026.90814745003,74509.59417837998,689.1358766654207,2026-04-28T04:00:00.000Z
2026-04-28T04:00:00.000Z,74509.59417837998,74983.76855638373,74095.39681777597,74569.2396279053,378.0640135882721,2026-04-28T05:00:00.000Z
2026-04-28T05:00:00.000Z,74569.2396279053,74998.97211020242,73771.81113900447,74199.4123565585,447.682620001809,2026-04-28T06:00:00.000Z
2026-04-28T06:00:00.000Z,74199.4123565585,74465.03392522421,73655.35795759811,73919.97920199583,426.7666808919826,2026-04-28T07:00:00.000Z
2026-04-28T07:00:00.000Z,73919.97920199583,74400.36025511185,73235.28649377766,73714.33110918819,503.34326578459854,2026-04-28T08:00:00.000Z
2026-04-28T08:00:00.000Z,73714.33110918819,74108.68630870096,73140.85591212723,73534.24770567194,369.43723143517843,2026-04-28T09:00:00.000Z
2026-04-28T09:00:00.000Z,73534.24770567194,73636.84463811145,73297.6305567196,73400.04023934307,157.2101598871919,2026-04-28T10:00:00.000Z
2026-04-28T10:00:00.000Z,73400.04023934307,73590.48717504185,73185.24479439046,73375.62839004365,617.2936309675191,2026-04-28T11:00:00.000Z
2026-04-28T11:00:00.000Z,73375.62839004365,73605.78136612687,72927.15797976803,73156.62401784277,151.87988637568424,2026-04-28T12:00:00.000Z
2026-04-28T12:00:00.000Z,73156.62401784277,73538.54776636204,72547.90670448758,72928.64023376719,514.7357345627322,2026-04-28T13:00:00.000Z
2026-04-28T13:00:00.000Z,72928.64023376719,73358.77749023311,72400.86703895131,72830.42501649521,263.92595552090836,2026-04-28T14:00:00.000Z
2026-04-28T14:00:00.000Z,72830.42501649521,73435.09816913669,72391.01611748694,72994.69815850917,192.59665072550843,2026-04-28T15:00:00.000Z
2026-04-28T15:00:00.000Z,72994.69815850917,73614.76519935462,72505.448260254,73124.64433165107,559.3017272927341,2026-04-28T16:00:00.000Z
2026-04-28T16:00:00.000Z,73124.64433165107,73475.70823245165,72917.5954458141,73268.2527264061,220.5810331369662,2026-04-28T17:00:00.000Z
2026-04-28T17:00:00.000Z,73268.2527264061,73662.85194823252,72931.18815600066,73325.5239064737,322.1136040157236,2026-04-28T18:00:00.000Z
2026-04-28T18:00:00.000Z,73325.5239064737,73520.5297491233,73251.73721719996,73446.62120093929,470.40702149756584,2026-04-28T19:00:00.000Z
2026-04-28T19:00:00.000Z,73446.62120093929,73920.9183735641,73058.18166728792,73532.02715068933,372.73771030490184,2026-04-28T20:00:00.000Z
2026-04-28T20:00:00.000Z,73532.02715068933,73881.07796937636,73289.32219320066,73638.0231540572,436.1017584503171,2026-04-28T21:00:00.000Z
2026-04-28T21:00:00.000Z,73638.0231540572,73999.84163172469,73337.88107211387,73699.44918271097,184.83538333551743,2026-04-28T22:00:00.000Z
2026-04-28T22:00:00.000Z,73699.44918271097,74091.31706728255,73111.69554224316,73502.5163136046,662.3603449027801,2026-04-28T23:00:00.000Z
2026-04-28T23:00:00.000Z,73502.5163136046,73762.81715492842,73224.25514703314,73484.49215784961,608.8012545876211,2026-04-29T00:00:00.000Z
2026-04-29T00:00:00.000Z,73484.49215784961,73911.54776693755,72856.09699809914,73281.97568135307,599.0949319205688,2026-04-29T01:00:00.000Z
2026-04-29T01:00:00.000Z,73281.97568135307,73772.1593635053,72662.90548622097,73152.22123994643,614.8411439335165,2026-04-29T02:00:00.000Z
2026-04-29T02:00:00.000Z,73152.22123994643,73611.66468034996,72614.79060727912,73073.74114171584,687.1241019978766,2026-04-29T03:00:00.000Z
2026-04-29T03:00:00.000Z,73073.74114171584,73224.09152341177,72691.9887626206,72841.86204940539,266.91389026442255,2026-04-29T04:00:00.000Z
2026-04-29T04:00:00.000Z,72841.86204940539,73289.11213465792,72302.46201491136,72749.14280264938,122.27929142409903,2026-04-29T05:00:00.000Z
2026-04-29T05:00:00.000Z,72749.14280264938,73252.97858513403,71857.72587766392,72358.85868529438,555.7025584651635,2026-04-29T06:00:00.000Z
2026-04-29T06:00:00.000Z,72358.85868529438,72686.35999809645,72234.12350869752,72561.27588640325,459.7842944598684,2026-04-29T07:00:00.000Z
2026-04-29T07:00:00.000Z,72561.27588640325,73042.96712128987,71743.00838370832,72222.45035704803,169.55888926496678,2026-04-29T08:00:00.000Z
2026-04-29T08:00:00.000Z,72222.45035704803,72414.04562441428,71890.08449083414,72081.30532171078,643.5972543170662,2026-04-29T09:00:00.000Z
2026-04-29T09:00:00.000Z,72081.30532171078,72563.47852622796,71205.4066926129,71684.92841457637,500.18717246138823,2026-04-29T10:00:00.000Z
2026-04-29T10:00:00.000Z,71684.92841457637,72328.66090245788,71191.99661868572,71834.69922765828,508.1352291666601,2026-04-29T11:00:00.000Z
2026-04-29T11:00:00.000Z,71834.69922765828,71967.25175667676,71618.443832971,71750.84162427184,501.15273864993486,2026-04-29T12:00:00.000Z
2026-04-29T12:00:00.000Z,71750.84162427184,72389.57309786082,71293.66515262016,71931.24713232488,154.46674509647616,2026-04-29T13:00:00.000Z
2026-04-29T13:00:00.000Z,71931.24713232488,72152.28782844194,71727.43236513207,71948.42439006761,606.8694399236093,2026-04-29T14:00:00.000Z
2026-04-29T14:00:00.000Z,71948.42439006761,72346.23592782067,71280.67289464672,71676.98360347073,593.5138198982523,2026-04-29T15:00:00.000Z
2026-04-29T15:00:00.000Z,71676.98360347073,72007.19944594671,71005.23503199917,71333.8701508996,584.4079334681891,2026-04-29T16:00:00.000Z
2026-04-29T16:00:00.000Z,71333.8701508996,71564.99341542358,70717.14430326594,70947.01414606263,503.93612059016533,2026-04-29T17:00:00.000Z
2026-04-29T17:00:00.000Z,70947.01414606263,71206.63319858532,70844.99164875867,71104.38440132166,662.9685492082352,2026-04-29T18:00:00.000Z
2026-04-29T18:00:00.000Z,71104.38440132166,71264.64931383818,70950.25497858098,71110.50662026925,569.447022801939,2026-04-29T19:00:00.000Z
2026-04-29T19:00:00.000Z,71110.50662026925,71425.74611604828,70997.94837310752,71312.86755908073,519.1988904118533,2026-04-29T20:00:00.000Z
2026-04-29T20:00:00.000Z,71312.86755908073,71490.87300981239,70995.30931914835,71172.96555774398,628.3127144576575,2026-04-29T21:00:00.000Z
2026-04-29T21:00:00.000Z,71172.96555774398,71660.66679062517,70841.09120916334,71328.06920504705,381.54613165256853,2026-04-29T22:00:00.000Z
2026-04-29T22:00:00.000Z,71328.06920504705,71573.11398825257,71018.19218651422,71263.01347330581,178.90793302976897,2026-04-29T23:00:00.000Z
2026-04-29T23:00:00.000Z,71263.01347330581,71356.12523544213,70955.60904135296,71048.4404438482,591.0337097435415,2026-04-30T00:00:00.000Z
2026-04-30T00:00:00.000Z,71048.4404438482,71280.91138140197,70812.66919754418,71045.1293010181,260.8184752803382,2026-04-30T01:00:00.000Z
2026-04-30T01:00:00.000Z,71045.1293010181,71509.34599156676,70655.36586448517,71119.17632279865,353.38945670676856,2026-04-30T02:00:00.000Z
2026-04-30T02:00:00.000Z,71119.17632279865,71647.73839550327,70708.6628002089,71236.54738463908,522.6683761098741,2026-04-30T03:00:00.000Z
2026-04-30T03:00:00.000Z,71236.54738463908,71582.8014023568,70869.80613934738,71215.96008998224,249.47858506323703,2026-04-30T04:00:00.000Z
2026-04-30T04:00:00.000Z,71215.96008998224,71383.96250161855,70707.65183274467,70874.84954563068,664.7982893347732,2026-04-30T05:00:00.000Z
2026-04-30T05:00:00.000Z,70874.84954563068,71266.72827001208,70651.86726859822,71043.21628745348,519.3448880777437,2026-04-30T06:00:00.000Z
2026-04-30T06:00:00.000Z,71043.21628745348,71452.87832788125,70551.87910695231,70961.06744610748,351.5277499572969,2026-04-30T07:00:00.000Z
2026-04-30T07:00:00.000Z,70961.06744610748,71479.1927806616,70464.62582234289,70982.60051217495,529.7335306320961,2026-04-30T08:00:00.000Z
2026-04-30T08:00:00.000Z,70982.60051217495,71244.49115752976,70640.9635147996,70902.55884604296,550.7185120371722,2026-04-30T09:00:00.000Z
2026-04-30T09:00:00.000Z,70902.55884604296,71197.94579812858,70416.11909486545,70710.7067725644,559.5688825750578,2026-04-30T10:00:00.000Z
2026-04-30T10:00:00.000Z,70710.7067725644,71161.87023552225,70014.98484792784,70464.57790724699,358.94606116178727,2026-04-30T11:00:00.000Z
2026-04-30T11:00:00.000Z,70464.57790724699,70608.49834818745,70215.0272953895,70358.73155034249,147.2365908544681,2026-04-30T12:00:00.000Z
2026-04-30T12:00:00.000Z,70358.73155034249,70825.58073039996,69576.7352505213,70041.47937675177,298.2737936071464,2026-04-30T13:00:00.000Z
2026-04-30T13:00:00.000Z,70041.47937675177,70315.70598156346,69957.88257183593,70231.88192495592,170.62301182682768,2026-04-30T14:00:00.000Z
2026-04-30T14:00:00.000Z,70231.88192495592,70618.79855492034,69588.01824690786,69973.5114802752,596.2817690783561,2026-04-30T15:00:00.000Z
2026-04-30T15:00:00.000Z,69973.5114802752,70110.73758220319,69837.36461960703,69974.58862574234,123.5636786667461,2026-04-30T16:00:00.000Z
2026-04-30T16:00:00.000Z,69974.58862574234,70183.63427419483,69377.41932008117,69585.301993831,208.74409242940325,2026-04-30T17:00:00.000Z
2026-04-30T17:00:00.000Z,69585.301993831,69923.67771263728,69124.42766356905,69462.20479182505,218.88994505577253,2026-04-30T18:00:00.000Z
2026-04-30T18:00:00.000Z,69462.20479182505,69836.05875663251,69091.81448990367,69465.6500835316,323.71527646841264,2026-04-30T19:00:00.000Z
2026-04-30T19:00:00.000Z,69465.6500835316,70043.297579804,69100.59510664678,69677.13122996107,392.6849098376394,2026-04-30T20:00:00.000Z
2026-04-30T20:00:00.000Z,69677.13122996107,70339.06280286703,69199.89184017714,69860.56700690351,614.0439629154484,2026-04-30T21:00:00.000Z
2026-04-30T21:00:00.000Z,69860.56700690351,70085.16039418639,69590.95256183557,69815.4007449755,249.96172774115658,2026-04-30T22:00:00.000Z
2026-04-30T22:00:00.000Z,69815.4007449755,70532.54508309808,69337.75629874531,70053.2732241854,166.3938463043393,2026-04-30T23:00:00.000Z
2026-04-30T23:00:00.000Z,70053.2732241854,70488.11329869866,69936.36414010148,70370.6745163915,452.48692126594807,2026-05-01T00:00:00.000Z
2026-05-01T00:00:00.000Z,70370.6745163915,70903.8037938935,70121.6734622721,70653.80091943784,423.73587439010663,2026-05-01T01:00:00.000Z
2026-05-01T01:00:00.000Z,70653.80091943784,70867.19924893115,70492.30181638924,70705.58178617051,511.82528827890064,2026-05-01T02:00:00.000Z
2026-05-01T02:00:00.000Z,70705.58178617051,71488.3489952074,70315.93799427299,71096.55065498834,389.004243765494,2026-05-01T03:00:00.000Z
2026-05-01T03:00:00.000Z,71096.55065498834,71517.49168643159,70798.14804729278,71218.57691669211,543.3885826931282,2026-05-01T04:00:00.000Z
2026-05-01T04:00:00.000Z,71218.57691669211,71645.88729217945,70634.18817122548,71060.5503899622,574.370988586159,2026-05-01T05:00:00.000Z
2026-05-01T05:00:00.000Z,71060.5503899622,71616.14429497026,70904.74913275318,71459.46840439813,358.41299028061934,2026-05-01T06:00:00.000Z
2026-05-01T06:00:00.000Z,71459.46840439813,71978.65656319172,71120.49860709507,71638.83593148342,242.99528242228334,2026-05-01T07:00:00.000Z
2026-05-01T07:00:00.000Z,71638.83593148342,72156.02141595277,71274.86780002313,71791.27878363228,361.173662571783,2026-05-01T08:00:00.000Z
2026-05-01T08:00:00.000Z,71791.27878363228,72379.1088677102,71599.44789992795,72186.22266871169,537.7810858365992,2026-05-01T09:00:00.000Z
2026-05-01T09:00:00.000Z,72186.22266871169,73012.28651354177,71804.22493048731,72627.9512197401,190.77688534314598,2026-05-01T10:00:00.000Z
2026-05-01T10:00:00.000Z,72627.9512197401,73394.32712459096,72198.90187799519,72963.29673053426,528.7684729456755,2026-05-01T11:00:00.000Z
2026-05-01T11:00:00.000Z,72963.29673053426,73589.15015205923,72482.70249402072,73107.60538411008,425.3988330836403,2026-05-01T12:00:00.000Z
2026-05-01T12:00:00.000Z,73107.60538411008,74060.10288195095,72596.1367435088,73545.57019262227,157.28365157604387,2026-05-01T13:00:00.000Z
2026-05-01T13:00:00.000Z,73545.57019262227,74077.81945846727,73220.07791797958,73751.41616669396,111.5741599405064,2026-05-01T14:00:00.000Z
2026-05-01T14:00:00.000Z,73751.41616669396,74202.15559627753,73242.32271708598,73692.70331699878,372.3763955162728,2026-05-01T15:00:00.000Z
2026-05-01T15:00:00.000Z,73692.70331699878,74151.01792517681,73512.02233259314,73969.65789896305,567.95696153676,2026-05-01T16:00:00.000Z
2026-05-01T16:00:00.000Z,73969.65789896305,74066.83900760912,73842.17964502727,73939.32089701363,698.4817386597775,2026-05-01T17:00:00.000Z
2026-05-01T17:00:00.000Z,73939.32089701363,74386.32644645243,73606.68741844763,74053.18074251004,425.4549747917126,2026-05-01T18:00:00.000Z
2026-05-01T18:00:00.000Z,74053.18074251004,74316.62453843563,73947.59739500117,74210.81643752387,503.9855802450262,2026-05-01T19:00:00.000Z
2026-05-01T19:00:00.000Z,74210.81643752387,74419.06492521804,74008.87154861097,74217.10292929914,375.53910802842074,2026-05-01T20:00:00.000Z
2026-05-01T20:00:00.000Z,74217.10292929914,74408.78422198625,74031.8822340256,74223.54744339318,456.67183732458943,2026-05-01T21:00:00.000Z
2026-05-01T21:00:00.000Z,74223.54744339318,75092.06632530273,73808.22892392719,74674.22602980057,571.7891391701014,2026-05-01T22:00:00.000Z
2026-05-01T22:00:00.000Z,74674.22602980057,75372.29574960732,74179.45696675243,74876.18854341468,414.9722657701803,2026-05-01T23:00:00.000Z
2026-05-01T23:00:00.000Z,74876.18854341468,75657.88887176012,74500.66510248727,75280.33851425676,344.95842384405364,2026-05-02T00:00:00.000Z
2026-05-02T00:00:00.000Z,75280.33851425676,75751.5391236193,75077.08417492453,75547.56328654123,632.5185266009153,2026-05-02T01:00:00.000Z
2026-05-02T01:00:00.000Z,75547.56328654123,76219.72262488198,75170.80255728016,75841.49603343743,362.8275763536001,2026-05-02T02:00:00.000Z
2026-05-02T02:00:00.000Z,75841.49603343743,76277.24311118825,75363.9960367996,75799.50183702655,656.5821972473442,2026-05-02T03:00:00.000Z
2026-05-02T03:00:00.000Z,75799.50183702655,76333.15529088928,75605.14383676025,76137.92952596406,293.9034019568485,2026-05-02T04:00:00.000Z
2026-05-02T04:00:00.000Z,76137.92952596406,76505.12056957037,75947.80712127755,76314.55711189516,440.22859658125253,2026-05-02T05:00:00.000Z
2026-05-02T05:00:00.000Z,76314.55711189516,76543.05265682394,76134.29459702407,76362.67647925855,379.2570324983713,2026-05-02T06:00:00.000Z
2026-05-02T06:00:00.000Z,76362.67647925855,76843.89662608567,75988.51575540079,76469.21389177434,669.2456221064765,2026-05-02T07:00:00.000Z
2026-05-02T07:00:00.000Z,76469.21389177434,76885.45070635532,76204.10517760925,76619.81986108884,166.00452422443988,2026-05-02T08:00:00.000Z
2026-05-02T08:00:00.000Z,76619.81986108884,77275.39931484294,76378.14165102522,77032.41966108867,351.1176396399353,2026-05-02T09:00:00.000Z
2026-05-02T09:00:00.000Z,77032.41966108867,77252.41114914848,76759.64095727378,76979.48126227087,393.32868945474206,2026-05-02T10:00:00.000Z
2026-05-02T10:00:00.000Z,76979.48126227087,77431.1854400289,76754.2608943102,77205.30437698227,256.73159396123685,2026-05-02T11:00:00.000Z
2026-05-02T11:00:00.000Z,77205.30437698227,77469.54468490365,76950.24332519312,77214.45340771199,682.6072678820263,2026-05-02T12:00:00.000Z
2026-05-02T12:00:00.000Z,77214.45340771199,77845.58342419473,76933.2498676129,77563.1101282434,259.10067882346954,2026-05-02T13:00:00.000Z
2026-05-02T13:00:00.000Z,77563.1101282434,78266.51419362672,77123.53781522602,77825.45509669364,607.2523752726859,2026-05-02T14:00:00.000Z
2026-05-02T14:00:00.000Z,77825.45509669364,78706.48507172649,77427.77217738958,78306.34483770667,465.6470677655409,2026-05-02T15:00:00.000Z
2026-05-02T15:00:00.000Z,78306.34483770667,78532.47962235585,78139.4027182967,78365.4115779417,501.9909541131886,2026-05-02T16:00:00.000Z
2026-05-02T16:00:00.000Z,78365.4115779417,78586.47277837468,78240.91202821909,78461.82006397317,137.10520343720225,2026-05-02T17:00:00.000Z
2026-05-02T17:00:00.000Z,78461.82006397317,79051.34833112835,77928.18603679146,78517.33672439202,166.0560642676689,2026-05-02T18:00:00.000Z
2026-05-02T18:00:00.000Z,78517.33672439202,78626.02180130007,78437.27277199407,78545.92869373501,206.02563699056657,2026-05-02T19:00:00.000Z
2026-05-02T19:00:00.000Z,78545.92869373501,79127.85103319101,78302.99092585575,78883.86803952209,502.6143433538332,2026-05-02T20:00:00.000Z
2026-05-02T20:00:00.000Z,78883.86803952209,79650.38778140512,78418.5750642809,79183.32845228343,333.94455836803866,2026-05-02T21:00:00.000Z
2026-05-02T21:00:00.000Z,79183.32845228343,79561.19664069352,78592.41350831502,78969.2601483286,213.8506699883615,2026-05-02T22:00:00.000Z
2026-05-02T22:00:00.000Z,78969.2601483286,79485.54477842932,78219.78062430573,78734.53064161766,267.7136959357716,2026-05-02T23:00:00.000Z
2026-05-02T23:00:00.000Z,78734.53064161766,79157.86015266212,78639.91741318018,79062.85238855914,653.2796857661007,2026-05-03T00:00:00.000Z
2026-05-03T00:00:00.000Z,79062.85238855914,79144.62002974177,78844.97401474147,78926.60074302598,597.7804220736866,2026-05-03T01:00:00.000Z
2026-05-03T01:00:00.000Z,78926.60074302598,79192.05932509042,78790.38152433376,79055.61743681582,315.8385220988833,2026-05-03T02:00:00.000Z
2026-05-03T02:00:00.000Z,79055.61743681582,79563.6611916753,78918.31833453597,79425.71931842301,539.965097159131,2026-05-03T03:00:00.000Z
2026-05-03T03:00:00.000Z,79425.71931842301,79958.93175245548,78664.11448666155,79195.78328022527,122.71602545991354,2026-05-03T04:00:00.000Z
2026-05-03T04:00:00.000Z,79195.78328022527,79709.0348525426,78566.45041807364,79078.94478414417,470.79857847224855,2026-05-03T05:00:00.000Z
2026-05-03T05:00:00.000Z,79078.94478414417,79609.91199461246,78697.15602905766,79227.40647472616,526.2903347733851,2026-05-03T06:00:00.000Z
2026-05-03T06:00:00.000Z,79227.40647472616,79355.28372436104,78833.00632498383,78960.45269701724,139.22780642249984,2026-05-03T07:00:00.000Z
2026-05-03T07:00:00.000Z,78960.45269701724,79601.3175424712,78575.97889957986,79215.60137650168,255.0992498896547,2026-05-03T08:00:00.000Z
2026-05-03T08:00:00.000Z,79215.60137650168,79716.65040752871,78793.94193411309,79294.57061706018,255.6934237273845,2026-05-03T09:00:00.000Z
2026-05-03T09:00:00.000Z,79294.57061706018,79401.6622520922,79012.7144129449,79119.56969970962,676.8603911515606,2026-05-03T10:00:00.000Z
2026-05-03T10:00:00.000Z,79119.56969970962,79625.2705819721,78859.44473629077,79364.34087337027,312.88844701502865,2026-05-03T11:00:00.000Z
2026-05-03T11:00:00.000Z,79364.34087337027,79507.03282027913,79137.87157937561,79280.41262873408,189.79287924701015,2026-05-03T12:00:00.000Z
2026-05-03T12:00:00.000Z,79280.41262873408,79616.34445180235,78781.5358955214,79116.77434040584,165.04122701708286,2026-05-03T13:00:00.000Z
2026-05-03T13:00:00.000Z,79116.77434040584,79822.09205461861,78723.63042686813,79427.404569758,267.279051229022,2026-05-03T14:00:00.000Z
2026-05-03T14:00:00.000Z,79427.404569758,80069.71554488452,78991.8232963768,79633.0067455815,388.1432904340994,2026-05-03T15:00:00.000Z
2026-05-03T15:00:00.000Z,79633.0067455815,79961.93211192216,79229.90609743001,79558.52381085648,157.3515986359453,2026-05-03T16:00:00.000Z
2026-05-03T16:00:00.000Z,79558.52381085648,79906.87162021043,79236.12347125291,79584.36655631693,213.28331265285766,2026-05-03T17:00:00.000Z
2026-05-03T17:00:00.000Z,79584.36655631693,79941.82834687096,79067.78196242815,79424.5258109855,445.8412960850826,2026-05-03T18:00:00.000Z
2026-05-03T18:00:00.000Z,79424.5258109855,79923.8680458526,79006.6603295959,79505.57614533574,238.87389196961834,2026-05-03T19:00:00.000Z
2026-05-03T19:00:00.000Z,79505.57614533574,79914.00983793508,78820.98617042498,79227.99387560402,642.2953086636473,2026-05-03T20:00:00.000Z
2026-05-03T20:00:00.000Z,79227.99387560402,79507.26596102561,79032.8587902993,79311.9241591018,690.6248236962709,2026-05-03T21:00:00.000Z
2026-05-03T21:00:00.000Z,79311.9241591018,79501.62657702173,79056.67066787065,79246.21592138303,586.3662170648417,2026-05-03T22:00:00.000Z
2026-05-03T22:00:00.000Z,79246.21592138303,80022.22367037082,78794.05347839957,79568.22391667016,524.9993138131683,2026-05-03T23:00:00.000Z
2026-05-03T23:00:00.000Z,79568.22391667016,80294.14398455365,79174.99470109389,79899.27868361678,283.88734645391224,2026-05-04T00:00:00.000Z
2026-05-04T00:00:00.000Z,79899.27868361678,80652.5255519813,79517.74514187346,80269.22544736839,647.2170065842648,2026-05-04T01:00:00.000Z
2026-05-04T01:00:00.000Z,80269.22544736839,80664.08970683518,79861.85743017033,80256.6598764725,380.798769314214,2026-05-04T02:00:00.000Z
2026-05-04T02:00:00.000Z,80256.6598764725,80520.443807852,80111.45458130207,80375.02436036266,626.0195299638526,2026-05-04T03:00:00.000Z
2026-05-04T03:00:00.000Z,80375.02436036266,80850.59247454413,80049.1822196478,80524.14579221985,595.2711392637673,2026-05-04T04:00:00.000Z
2026-05-04T04:00:00.000Z,80524.14579221985,80915.53047045768,80055.11518041539,80446.12062014574,581.1452539084224,2026-05-04T05:00:00.000Z
2026-05-04T05:00:00.000Z,80446.12062014574,80998.34972188856,80041.51697829324,80593.00731363357,278.1051883372037,2026-05-04T06:00:00.000Z
2026-05-04T06:00:00.000Z,80593.00731363357,80853.92193807768,80004.08587050435,80263.9351451854,357.0422814493265,2026-05-04T07:00:00.000Z
2026-05-04T07:00:00.000Z,80263.9351451854,80710.14368554874,79606.0410432887,80051.06618856618,257.8361019295809,2026-05-04T08:00:00.000Z
2026-05-04T08:00:00.000Z,80051.06618856618,80606.41864174136,79334.53896182473,79888.76545736415,618.0697912900102,2026-05-04T09:00:00.000Z
2026-05-04T09:00:00.000Z,79888.76545736415,80580.15979448821,79573.98481140294,80263.90102559178,155.82986132047597,2026-05-04T10:00:00.000Z
2026-05-04T10:00:00.000Z,80263.90102559178,80945.58440870488,79880.12967964695,80560.39541361884,247.2502303995426,2026-05-04T11:00:00.000Z
2026-05-04T11:00:00.000Z,80560.39541361884,80979.23769230113,80240.23376914639,80658.68542546807,207.08461166689386,2026-05-04T12:00:00.000Z
2026-05-04T12:00:00.000Z,80658.68542546807,80877.54890988169,80461.33447140112,80680.14544868506,438.46199202279655,2026-05-04T13:00:00.000Z
2026-05-04T13:00:00.000Z,80680.14544868506,81359.15590725372,80217.30325027401,80895.08067816857,363.51620753459457,2026-05-04T14:00:00.000Z
2026-05-04T14:00:00.000Z,80895.08067816857,81411.89530164823,80334.35137396774,80850.883635681,492.69300950350845,2026-05-04T15:00:00.000Z
2026-05-04T15:00:00.000Z,80850.883635681,81416.05881416927,80575.93976180773,81140.13131619428,437.45769110389875,2026-05-04T16:00:00.000Z
2026-05-04T16:00:00.000Z,81140.13131619428,81764.65378999228,80635.81384328777,81259.5938112182,204.15279991186821,2026-05-04T17:00:00.000Z
2026-05-04T17:00:00.000Z,81259.5938112182,81575.81726579201,80873.92014214092,81189.87227385463,480.14732775285245,2026-05-04T18:00:00.000Z
2026-05-04T18:00:00.000Z,81189.87227385463,81647.51654235505,80711.40687277114,81168.93311316524,228.9210340608475,2026-05-04T19:00:00.000Z
2026-05-04T19:00:00.000Z,81168.93311316524,81735.22877367683,80388.30164131615,80953.0914275327,630.0696753571135,2026-05-04T20:00:00.000Z
2026-05-04T20:00:00.000Z,80953.0914275327,81466.21242204867,80112.0839298774,80623.1133591221,113.30642635622361,2026-05-04T21:00:00.000Z
2026-05-04T21:00:00.000Z,80623.1133591221,80889.39861570446,80463.2583430425,80729.33299325388,598.2953654128571,2026-05-04T22:00:00.000Z
2026-05-04T22:00:00.000Z,80729.33299325388,80988.10505259047,80105.49970971669,80363.09782862496,562.7342289605804,2026-05-04T23:00:00.000Z
2026-05-04T23:00:00.000Z,80363.09782862496,81151.00707389526,79843.58019081525,80629.76552825801,302.48433649655635,2026-05-05T00:00:00.000Z
2026-05-05T00:00:00.000Z,80629.76552825801,81091.85524808246,80411.69060526196,80873.12213177251,697.4937003094208,2026-05-05T01:00:00.000Z
2026-05-05T01:00:00.000Z,80873.12213177251,81566.34995994339,80330.59690960165,81022.8205086414,124.12177763139911,2026-05-05T02:00:00.000Z
2026-05-05T02:00:00.000Z,81022.8205086414,81618.71220904816,80502.04463148379,81097.45660680515,334.47954619046277,2026-05-05T03:00:00.000Z
2026-05-05T03:00:00.000Z,81097.45660680515,81499.34152418544,80386.77658962592,80787.12362716261,242.96132649432928,2026-05-05T04:00:00.000Z
2026-05-05T04:00:00.000Z,80787.12362716261,81109.34788853374,80462.10051157269,80784.31356484263,372.2002651878634,2026-05-05T05:00:00.000Z
2026-05-05T05:00:00.000Z,80784.31356484263,81238.66294201564,80471.83358632111,80925.63631615201,677.7058787540094,2026-05-05T06:00:00.000Z
2026-05-05T06:00:00.000Z,80925.63631615201,81127.79068016926,80662.20084824321,80864.20174709415,232.72256075065704,2026-05-05T07:00:00.000Z
2026-05-05T07:00:00.000Z,80864.20174709415,81405.24782769765,80463.14808125427,81003.50328270104,390.80055211242313,2026-05-05T08:00:00.000Z
2026-05-05T08:00:00.000Z,81003.50328270104,81380.4417269224,80786.98561449384,81163.496406371,213.66371331441388,2026-05-05T09:00:00.000Z
2026-05-05T09:00:00.000Z,81163.496406371,81578.12445216236,80984.32500196107,81398.43441345815,407.084771947509,2026-05-05T10:00:00.000Z
2026-05-05T10:00:00.000Z,81398.43441345815,81766.00418859863,81300.7718960442,81668.01822229264,517.8138915532334,2026-05-05T11:00:00.000Z
2026-05-05T11:00:00.000Z,81668.01822229264,82174.08618735951,81217.08125187803,81722.84647802616,529.2681416632925,2026-05-05T12:00:00.000Z
2026-05-05T12:00:00.000Z,81722.84647802616,81807.92471743852,81519.05975873055,81604.014286916,106.51589846541914,2026-05-05T13:00:00.000Z
2026-05-05T13:00:00.000Z,81604.014286916,81882.67403442081,81210.81390839265,81489.08118465035,220.57295689385987,2026-05-05T14:00:00.000Z
2026-05-05T14:00:00.000Z,81489.08118465035,81750.87246516721,81060.5633522706,81321.81728188532,605.6475822374446,2026-05-05T15:00:00.000Z
2026-05-05T15:00:00.000Z,81321.81728188532,81808.7480468829,80366.09282007164,80850.19967965843,329.8630216297987,2026-05-05T16:00:00.000Z
2026-05-05T16:00:00.000Z,80850.19967965843,81273.17123048405,80550.43157693985,80972.94801404334,527.593442437981,2026-05-05T17:00:00.000Z
2026-05-05T17:00:00.000Z,80972.94801404334,81477.76239981134,80415.42864391067,80919.9123865643,286.31116067353224,2026-05-05T18:00:00.000Z
2026-05-05T18:00:00.000Z,80919.9123865643,81236.15357637357,80755.85937922992,81071.79265453483,567.6218251081284,2026-05-05T19:00:00.000Z
2026-05-05T19:00:00.000Z,81071.79265453483,81522.61273454777,80759.46109646512,81209.74969277345,348.09797324617296,2026-05-05T20:00:00.000Z
2026-05-05T20:00:00.000Z,81209.74969277345,81428.29166939846,80962.01930957715,81180.48252589909,699.0546481679448,2026-05-05T21:00:00.000Z
2026-05-05T21:00:00.000Z,81180.48252589909,81672.31253538333,80573.51750516279,81064.64572013305,480.70497046257606,2026-05-05T22:00:00.000Z
2026-05-05T22:00:00.000Z,81064.64572013305,81410.75430767187,80358.25553706943,80702.81929291812,412.561801128351,2026-05-05T23:00:00.000Z
2026-05-05T23:00:00.000Z,80702.81929291812,80784.82904605404,80402.8539566171,80484.64199920864,317.9302925327468,2026-05-06T00:00:00.000Z
2026-05-06T00:00:00.000Z,80484.64199920864,80603.62284595871,80302.71120449627,80421.59885425145,587.1729763630651,2026-05-06T01:00:00.000Z
2026-05-06T01:00:00.000Z,80421.59885425145,80827.10703347951,79907.59894124551,80312.55730249254,159.15498214734484,2026-05-06T02:00:00.000Z
2026-05-06T02:00:00.000Z,80312.55730249254,80482.54829879159,79676.43746436368,79845.43975129294,599.7028101699906,2026-05-06T03:00:00.000Z
2026-05-06T03:00:00.000Z,79845.43975129294,80028.10041793522,79541.54166701835,79723.92434552388,100.64031118556872,2026-05-06T04:00:00.000Z
2026-05-06T04:00:00.000Z,79723.92434552388,80198.48792882943,79435.65777605242,79909.55017162439,292.005793560299,2026-05-06T05:00:00.000Z
2026-05-06T05:00:00.000Z,79909.55017162439,80105.63866263104,79516.06378613463,79711.66669472595,437.04209399271855,2026-05-06T06:00:00.000Z
2026-05-06T06:00:00.000Z,79711.66669472595,79810.56860524439,79207.54406569032,79305.94257573834,321.35759909700494,2026-05-06T07:00:00.000Z
2026-05-06T07:00:00.000Z,79305.94257573834,79799.99372420942,78753.39691991561,79247.08138160867,233.85974305395956,2026-05-06T08:00:00.000Z
2026-05-06T08:00:00.000Z,79247.08138160867,79366.14477060235,79097.20542015154,79216.22244567759,338.2687277338788,2026-05-06T09:00:00.000Z
2026-05-06T09:00:00.000Z,79216.22244567759,79450.338550979,78716.98330245799,78950.31353896025,350.9954907237531,2026-05-06T10:00:00.000Z
2026-05-06T10:00:00.000Z,78950.31353896025,79386.4691284554,78602.87740718864,79038.64428016494,645.5688081428264,2026-05-06T11:00:00.000Z
2026-05-06T11:00:00.000Z,79038.64428016494,79534.04119086084,78270.73449078214,78764.41257722837,659.4801508632862,2026-05-06T12:00:00.000Z
2026-05-06T12:00:00.000Z,78764.41257722837,79467.00173275385,78271.61174449735,78972.89649054737,540.3623297998506,2026-05-06T13:00:00.000Z
2026-05-06T13:00:00.000Z,78972.89649054737,79494.45950113621,78172.9461910605,78692.658417143,496.1776918713831,2026-05-06T14:00:00.000Z
2026-05-06T14:00:00.000Z,78692.658417143,78896.95574267133,78431.63523999238,78635.78491382288,136.07126774083417,2026-05-06T15:00:00.000Z
2026-05-06T15:00:00.000Z,78635.78491382288,78822.02417507098,78265.16725803298,78450.96880487875,132.86710029135787,2026-05-06T16:00:00.000Z
2026-05-06T16:00:00.000Z,78450.96880487875,78795.14049466896,78095.8878377999,78440.01145668545,587.0701983045183,2026-05-06T17:00:00.000Z
2026-05-06T17:00:00.000Z,78440.01145668545,78790.28388575518,78068.84060303491,78419.0192919791,334.9509631446334,2026-05-06T18:00:00.000Z
2026-05-06T18:00:00.000Z,78419.0192919791,78510.82455776524,78109.18590789645,78200.7356286642,198.05975477120825,2026-05-06T19:00:00.000Z
2026-05-06T19:00:00.000Z,78200.7356286642,78413.11747720021,78086.65952675934,78298.89817969642,137.86320799862185,2026-05-06T20:00:00.000Z
2026-05-06T20:00:00.000Z,78298.89817969642,78617.84834674164,77933.48990167538,78252.25004779043,322.9779126229593,2026-05-06T21:00:00.000Z
2026-05-06T21:00:00.000Z,78252.25004779043,78851.71018733914,77869.07172688,78467.477958466,295.0325496471639,2026-05-06T22:00:00.000Z
2026-05-06T22:00:00.000Z,78467.477958466,78565.3170732917,78024.08191221805,78121.4896229338,422.3465546603997,2026-05-06T23:00:00.000Z
2026-05-06T23:00:00.000Z,78121.4896229338,78427.7168911397,77665.85768963498,77971.49700399912,150.99606777122062,2026-05-07T00:00:00.000Z
2026-05-07T00:00:00.000Z,77971.49700399912,78471.83730671988,77336.75757101287,77836.2298693771,591.6840722280015,2026-05-07T01:00:00.000Z
2026-05-07T01:00:00.000Z,77836.2298693771,78478.09449024517,77344.35261146435,77985.27535622283,393.70384863284596,2026-05-07T02:00:00.000Z
2026-05-07T02:00:00.000Z,77985.27535622283,78199.59563736824,77391.48742668284,77604.76197535639,124.46844252965806,2026-05-07T03:00:00.000Z
2026-05-07T03:00:00.000Z,77604.76197535639,78145.05203284875,76873.33544079635,77412.28546265862,556.9459584806795,2026-05-07T04:00:00.000Z
2026-05-07T04:00:00.000Z,77412.28546265862,77588.52790453548,77333.80985889075,77509.95329139484,385.72941491647134,2026-05-07T05:00:00.000Z
2026-05-07T05:00:00.000Z,77509.95329139484,77662.40313466857,77412.94606102537,77565.32660208334,472.459453145256,2026-05-07T06:00:00.000Z
2026-05-07T06:00:00.000Z,77565.32660208334,77774.45049850676,77031.25118860327,77239.4966147164,135.68974641882338,2026-05-07T07:00:00.000Z
2026-05-07T07:00:00.000Z,77239.4966147164,77357.5310456051,77157.31070867841,77275.3070358503,331.8552298619669,2026-05-07T08:00:00.000Z
2026-05-07T08:00:00.000Z,77275.3070358503,77497.25047888402,77035.08287484573,77256.97366235216,160.9523815386707,2026-05-07T09:00:00.000Z
2026-05-07T09:00:00.000Z,77256.97366235216,77660.74570490734,76907.55659008211,77311.08390337724,653.2478437541275,2026-05-07T10:00:00.000Z
2026-05-07T10:00:00.000Z,77311.08390337724,77471.94168498545,77215.86736049247,77376.64439761626,554.7276612626051,2026-05-07T11:00:00.000Z
2026-05-07T11:00:00.000Z,77376.64439761626,77829.65393052695,77189.12824900378,77641.49593526062,242.88557001523932,2026-05-07T12:00:00.000Z
2026-05-07T12:00:00.000Z,77641.49593526062,78275.29385979506,77122.41465864216,77755.450725138,315.87470845127234,2026-05-07T13:00:00.000Z
2026-05-07T13:00:00.000Z,77755.450725138,78006.27079990777,77302.86814728753,77553.03527931462,527.3107443132022,2026-05-07T14:00:00.000Z
2026-05-07T14:00:00.000Z,77553.03527931462,78290.14647193505,77087.52541137651,77823.01605215833,553.5019068296542,2026-05-07T15:00:00.000Z
2026-05-07T15:00:00.000Z,77823.01605215833,78285.07617085105,77392.12451107634,77854.01300541378,322.777579269734,2026-05-07T16:00:00.000Z
2026-05-07T16:00:00.000Z,77854.01300541378,78118.86859020403,77639.26411292088,77903.98186592778,364.7971866954105,2026-05-07T17:00:00.000Z
2026-05-07T17:00:00.000Z,77903.98186592778,78407.51731609793,77478.4036579006,77981.5155527312,221.5024624585651,2026-05-07T18:00:00.000Z
2026-05-07T18:00:00.000Z,77981.5155527312,78297.70354669337,77796.62423885838,78112.50166954074,278.0704436721608,2026-05-07T19:00:00.000Z
2026-05-07T19:00:00.000Z,78112.50166954074,78593.54509376195,77456.92200863661,77936.88391885767,323.7741501181266,2026-05-07T20:00:00.000Z
2026-05-07T20:00:00.000Z,77936.88391885767,78462.47560550507,77402.16718093873,77927.69691214076,324.691092327559,2026-05-07T21:00:00.000Z
2026-05-07T21:00:00.000Z,77927.69691214076,78520.61355747451,77808.22658162452,78400.41850126082,267.76326064381897,2026-05-07T22:00:00.000Z
2026-05-07T22:00:00.000Z,78400.41850126082,78831.0209421029,77990.05920704688,78420.5562439887,430.41093178578234,2026-05-07T23:00:00.000Z
2026-05-07T23:00:00.000Z,78420.5562439887,78721.30043454198,78162.93619215228,78463.53917909134,682.1976722135198,2026-05-08T00:00:00.000Z
2026-05-08T00:00:00.000Z,78463.53917909134,78581.37839027222,78364.88353582646,78482.69865695693,617.6979275968382,2026-05-08T01:00:00.000Z
2026-05-08T01:00:00.000Z,78482.69865695693,78764.36696027638,78400.52661499588,78681.98626252536,506.95818700220354,2026-05-08T02:00:00.000Z
2026-05-08T02:00:00.000Z,78681.98626252536,78962.08262246664,78598.5550305803,78878.44307557284,147.07318369628544,2026-05-08T03:00:00.000Z
2026-05-08T03:00:00.000Z,78878.44307557284,79237.48902866042,78731.8624993471,79090.51435831196,261.1199812782556,2026-05-08T04:00:00.000Z
2026-05-08T04:00:00.000Z,79090.51435831196,79351.86942276829,78786.04209262527,79047.25420364902,282.9200390646793,2026-05-08T05:00:00.000Z
2026-05-08T05:00:00.000Z,79047.25420364902,80013.70907820374,78508.24282163601,79471.80276317746,441.4647389862057,2026-05-08T06:00:00.000Z
2026-05-08T06:00:00.000Z,79471.80276317746,80187.30004361864,79257.34933554604,79971.49819561005,542.8925500451087,2026-05-08T07:00:00.000Z
2026-05-08T07:00:00.000Z,79971.49819561005,80334.75835807328,79506.90788305402,79869.7056661493,561.8517509018312,2026-05-08T08:00:00.000Z
2026-05-08T08:00:00.000Z,79869.7056661493,80059.06135713813,79635.39594044244,79824.64480079724,616.03420922348,2026-05-08T09:00:00.000Z
2026-05-08T09:00:00.000Z,79824.64480079724,80669.13460972438,79471.08498358275,80313.40995084298,566.9771947278534,2026-05-08T10:00:00.000Z
2026-05-08T10:00:00.000Z,80313.40995084298,81052.13110079666,79945.51678489715,80682.54702164307,214.48669187467857,2026-05-08T11:00:00.000Z
2026-05-08T11:00:00.000Z,80682.54702164307,81729.13874508326,80122.21794298795,81165.45593114922,427.9756866060084,2026-05-08T12:00:00.000Z
2026-05-08T12:00:00.000Z,81165.45593114922,81360.23532442198,80858.24363251781,81052.75256228421,113.46467445300178,2026-05-08T13:00:00.000Z
2026-05-08T13:00:00.000Z,81052.75256228421,81189.58226708356,80819.83185402528,80956.49906789364,484.08457896862393,2026-05-08T14:00:00.000Z
2026-05-08T14:00:00.000Z,80956.49906789364,81667.79325205575,80647.8749164571,81357.63986283263,401.6118728097584,2026-05-08T15:00:00.000Z
2026-05-08T15:00:00.000Z,81357.63986283263,81919.89795027819,81053.93763492769,81615.23414142724,332.4211027624184,2026-05-08T16:00:00.000Z
2026-05-08T16:00:00.000Z,81615.23414142724,82234.77204292829,81145.40076764025,81764.08179973184,264.17868806243814,2026-05-08T17:00:00.000Z
2026-05-08T17:00:00.000Z,81764.08179973184,82459.8315856979,81526.20511630623,82220.62667381194,269.5594608641972,2026-05-08T18:00:00.000Z
2026-05-08T18:00:00.000Z,82220.62667381194,82827.83309654488,81868.78828114347,82474.90658961018,449.13024872035265,2026-05-08T19:00:00.000Z
2026-05-08T19:00:00.000Z,82474.90658961018,83152.21888894262,82111.4285031998,82787.36376144663,672.588390192291,2026-05-08T20:00:00.000Z
2026-05-08T20:00:00.000Z,82787.36376144663,82948.03461582404,82519.02694871955,82679.48844240603,244.47339360810508,2026-05-08T21:00:00.000Z
2026-05-08T21:00:00.000Z,82679.48844240603,83601.00292319537,82238.53848007198,83157.5035890055,184.7494520641628,2026-05-08T22:00:00.000Z
2026-05-08T22:00:00.000Z,83157.5035890055,84227.27447856379,82596.65782662203,83663.01932620599,678.6237622511684,2026-05-08T23:00:00.000Z
2026-05-08T23:00:00.000Z,83663.01932620599,84013.7477448866,83249.29584691387,83599.75906873393,556.3930141070825,2026-05-09T00:00:00.000Z
2026-05-09T00:00:00.000Z,83599.75906873393,83790.28026385164,83431.08932756624,83621.56652425717,357.5474668562168,2026-05-09T01:00:00.000Z
2026-05-09T01:00:00.000Z,83621.56652425717,83755.34955891242,83513.2522805637,83647.00236840469,195.2052118700022,2026-05-09T02:00:00.000Z
2026-05-09T02:00:00.000Z,83647.00236840469,84595.96681112348,83120.79862883507,84067.12020842405,290.83952549418416,2026-05-09T03:00:00.000Z
2026-05-09T03:00:00.000Z,84067.12020842405,84718.74633632625,83745.13346316773,84395.50185158485,474.4232299618531,2026-05-09T04:00:00.000Z
2026-05-09T04:00:00.000Z,84395.50185158485,84914.41495349015,83815.24620157361,84333.77980006335,130.4967455707941,2026-05-09T05:00:00.000Z
2026-05-09T05:00:00.000Z,84333.77980006335,84585.76888881015,84055.06049358641,84306.96947315439,526.7114650582482,2026-05-09T06:00:00.000Z
2026-05-09T06:00:00.000Z,84306.96947315439,85308.37685498394,83764.46805937456,84762.94133762215,626.7034575001818,2026-05-09T07:00:00.000Z
2026-05-09T07:00:00.000Z,84762.94133762215,85353.09456792877,84587.88485723363,85177.18257672145,662.0224594893039,2026-05-09T08:00:00.000Z
2026-05-09T08:00:00.000Z,85177.18257672145,85592.70542410415,84674.5821783398,85089.67814979712,617.9584430148632,2026-05-09T09:00:00.000Z
2026-05-09T09:00:00.000Z,85089.67814979712,85929.83742005113,84696.32917645213,85534.43245527153,669.0340360482381,2026-05-09T10:00:00.000Z
2026-05-09T10:00:00.000Z,85534.43245527153,86035.62912438135,85258.83961014169,85759.3117158977,233.1583182947516,2026-05-09T11:00:00.000Z
2026-05-09T11:00:00.000Z,85759.3117158977,86684.1347984248,85230.40727049983,86152.80356595786,401.5359291348308,2026-05-09T12:00:00.000Z
2026-05-09T12:00:00.000Z,86152.80356595786,86675.39996443095,85666.20591087022,86188.60012761224,122.75602362246998,2026-05-09T13:00:00.000Z
2026-05-09T13:00:00.000Z,86188.60012761224,86653.16279455999,85690.38326871915,86154.76355413627,292.19064972931085,2026-05-09T14:00:00.000Z
2026-05-09T14:00:00.000Z,86154.76355413627,86353.18129551008,86036.07773281656,86234.38578750823,513.1836606251,2026-05-09T15:00:00.000Z
2026-05-09T15:00:00.000Z,86234.38578750823,87060.2556934899,85787.85843619474,86611.77420002398,375.7257045599286,2026-05-09T16:00:00.000Z
2026-05-09T16:00:00.000Z,86611.77420002398,86961.98097229296,86307.53625426126,86657.58211876423,332.1445756741541,2026-05-09T17:00:00.000Z
2026-05-09T17:00:00.000Z,86657.58211876423,86977.34090497086,86555.71090429308,86875.21385127184,564.2202272378934,2026-05-09T18:00:00.000Z
2026-05-09T18:00:00.000Z,86875.21385127184,87113.34988256307,86718.95964585118,86956.94866848078,115.64427214471823,2026-05-09T19:00:00.000Z
2026-05-09T19:00:00.000Z,86956.94866848078,87278.25724069662,86436.54046095094,86757.11062551515,237.6588901214576,2026-05-09T20:00:00.000Z
2026-05-09T20:00:00.000Z,86757.11062551515,87073.01267336041,86112.88116802185,86427.58333327895,404.68212343039085,2026-05-09T21:00:00.000Z
2026-05-09T21:00:00.000Z,86427.58333327895,86722.24596655085,86270.4161527431,86564.82920658543,526.1188038746448,2026-05-09T22:00:00.000Z
2026-05-09T22:00:00.000Z,86564.82920658543,87021.95423121085,85968.41296777551,86424.79852895433,113.86510842194087,2026-05-09T23:00:00.000Z
2026-05-09T23:00:00.000Z,86424.79852895433,86644.23087209044,86133.2561528024,86352.50494270734,693.0152717945236,2026-05-10T00:00:00.000Z
2026-05-10T00:00:00.000Z,86352.50494270734,86577.85109616285,86025.1667907942,86250.24608876697,567.4987304338714,2026-05-10T01:00:00.000Z
2026-05-10T01:00:00.000Z,86250.24608876697,86583.59612737385,85871.15198890839,86204.32454456041,165.92871382177282,2026-05-10T02:00:00.000Z
2026-05-10T02:00:00.000Z,86204.32454456041,86738.95367864899,85899.97585059986,86433.79482833562,395.6957727184965,2026-05-10T03:00:00.000Z
2026-05-10T03:00:00.000Z,86433.79482833562,87071.11858826005,86151.23868207134,86787.40646888796,687.4597782210725,2026-05-10T04:00:00.000Z
2026-05-10T04:00:00.000Z,86787.40646888796,87531.08110703646,86240.22728560543,86982.67081672218,514.9871441605441,2026-05-10T05:00:00.000Z
2026-05-10T05:00:00.000Z,86982.67081672218,87314.90927893181,86653.39914195861,86985.62641578961,466.1684095701987,2026-05-10T06:00:00.000Z
2026-05-10T06:00:00.000Z,86985.62641578961,87883.00156236975,86490.4382430489,87385.53679637129,219.3768140484471,2026-05-10T07:00:00.000Z
2026-05-10T07:00:00.000Z,87385.53679637129,88255.56439454989,86884.67628865843,87752.60002068672,130.22010253286925,2026-05-10T08:00:00.000Z
2026-05-10T08:00:00.000Z,87752.60002068672,88386.09620534493,87149.05714267322,87782.34872237353,481.0277776704299,2026-05-10T09:00:00.000Z
2026-05-10T09:00:00.000Z,87782.34872237353,88197.88519442089,87166.7871990022,87581.37230631497,551.9508730862061,2026-05-10T10:00:00.000Z
2026-05-10T10:00:00.000Z,87581.37230631497,88185.83108523172,87309.17512568262,87912.60445672591,505.74604757397714,2026-05-10T11:00:00.000Z
2026-05-10T11:00:00.000Z,87912.60445672591,88308.61602025926,87631.96540327542,88027.60984081664,615.3755313322765,2026-05-10T12:00:00.000Z
2026-05-10T12:00:00.000Z,88027.60984081664,88279.84693434872,87814.94207351063,88067.08380106596,238.73232022800124,2026-05-10T13:00:00.000Z
2026-05-10T13:00:00.000Z,88067.08380106596,88596.14891216459,87259.35617146174,87786.73709301028,645.425608076819,2026-05-10T14:00:00.000Z
2026-05-10T14:00:00.000Z,87786.73709301028,88096.16415689798,87321.99426380346,87630.87194064185,261.9197986842691,2026-05-10T15:00:00.000Z
2026-05-10T15:00:00.000Z,87630.87194064185,87894.45731149391,87498.22615423669,87761.61362299228,655.1745527215184,2026-05-10T16:00:00.000Z
2026-05-10T16:00:00.000Z,87761.61362299228,88041.11200367045,87392.98262439303,87672.19623346611,601.3140980626057,2026-05-10T17:00:00.000Z
2026-05-10T17:00:00.000Z,87672.19623346611,88309.99984601238,87165.93756681061,87802.9859408013,117.21620476675042,2026-05-10T18:00:00.000Z
2026-05-10T18:00:00.000Z,87802.9859408013,88354.67213365746,87076.21420540303,87626.79333994983,221.55053490845046,2026-05-10T19:00:00.000Z
2026-05-10T19:00:00.000Z,87626.79333994983,88183.77253961553,87351.34049962202,87907.43750072423,242.38618348836255,2026-05-10T20:00:00.000Z
2026-05-10T20:00:00.000Z,87907.43750072423,88377.77297202131,87434.37301436007,87904.69380593242,131.5828932596291,2026-05-10T21:00:00.000Z
2026-05-10T21:00:00.000Z,87904.69380593242,88193.57396317014,87783.68934742319,88072.3387344606,553.2883538181374,2026-05-10T22:00:00.000Z
2026-05-10T22:00:00.000Z,88072.3387344606,88524.6592887745,87528.97918307842,87980.82976705366,113.05042151969411,2026-05-10T23:00:00.000Z
2026-05-10T23:00:00.000Z,87980.82976705366,88197.38859227643,87832.73114934588,88049.17492877963,131.61242633667422,2026-05-11T00:00:00.000Z
2026-05-11T00:00:00.000Z,88049.17492877963,88168.97633755994,87960.29262584448,88080.06285443522,402.9115427764652,2026-05-11T01:00:00.000Z
2026-05-11T01:00:00.000Z,88080.06285443522,88582.7852385296,87246.44242147298,87747.2653432735,498.7738844001544,2026-05-11T02:00:00.000Z
2026-05-11T02:00:00.000Z,87747.2653432735,87914.53868581277,87456.6023108329,87623.63998532297,532.4041147867238,2026-05-11T03:00:00.000Z
2026-05-11T03:00:00.000Z,87623.63998532297,87880.38106560722,87187.05239381365,87443.26496744198,324.1775621772639,2026-05-11T04:00:00.000Z
2026-05-11T04:00:00.000Z,87443.26496744198,87614.85979196304,87270.30109671166,87441.89322939419,531.8993512689599,2026-05-11T05:00:00.000Z
2026-05-11T05:00:00.000Z,87441.89322939419,87872.66513826411,86723.23954898352,87152.5862218793,365.2303609369464,2026-05-11T06:00:00.000Z
2026-05-11T06:00:00.000Z,87152.5862218793,87630.20314425274,86640.31872183294,87117.74470439526,636.1524303146416,2026-05-11T07:00:00.000Z
2026-05-11T07:00:00.000Z,87117.74470439526,87601.32097209085,86582.93467081343,87066.22496088917,489.18068026619994,2026-05-11T08:00:00.000Z
2026-05-11T08:00:00.000Z,87066.22496088917,87478.7175769862,86662.0772860815,87074.53134525329,344.1390087102256,2026-05-11T09:00:00.000Z
2026-05-11T09:00:00.000Z,87074.53134525329,87346.94124611234,86921.25044262319,87193.45100428288,605.7951772146837,2026-05-11T10:00:00.000Z
2026-05-11T10:00:00.000Z,87193.45100428288,87478.32671929497,86578.35647311858,86862.14977110739,530.4542505324139,2026-05-11T11:00:00.000Z
2026-05-11T11:00:00.000Z,86862.14977110739,87417.99522263037,86425.88287538347,86981.13074258219,549.5817840330217,2026-05-11T12:00:00.000Z
2026-05-11T12:00:00.000Z,86981.13074258219,87581.8155200455,86338.61890477387,86939.01281920499,380.6530404280187,2026-05-11T13:00:00.000Z
2026-05-11T13:00:00.000Z,86939.01281920499,87093.33968991827,86761.66997975147,86915.95592178716,238.196465437392,2026-05-11T14:00:00.000Z
2026-05-11T14:00:00.000Z,86915.95592178716,87337.80007688099,86124.70108814875,86544.74357452328,230.32608885798888,2026-05-11T15:00:00.000Z
2026-05-11T15:00:00.000Z,86544.74357452328,87027.24388568365,86110.84585018948,86593.10370467883,499.22012379356664,2026-05-11T16:00:00.000Z
2026-05-11T16:00:00.000Z,86593.10370467883,86925.54556639466,86442.08657350056,86774.21258392796,116.69997312906197,2026-05-11T17:00:00.000Z
2026-05-11T17:00:00.000Z,86774.21258392796,87080.59383012289,86628.49691023695,86934.60881092498,516.9704432678271,2026-05-11T18:00:00.000Z
2026-05-11T18:00:00.000Z,86934.60881092498,87532.47536515632,85909.02245596818,86503.92712680258,107.38204885617925,2026-05-11T19:00:00.000Z
2026-05-11T19:00:00.000Z,86503.92712680258,86819.15303899226,86340.62553255486,86655.56518333187,615.3688308388781,2026-05-11T20:00:00.000Z
2026-05-11T20:00:00.000Z,86655.56518333187,87104.48517815793,86013.68088739461,86461.59602310724,282.6301914558886,2026-05-11T21:00:00.000Z
2026-05-11T21:00:00.000Z,86461.59602310724,86699.52352192017,86369.58374892136,86607.35613009194,597.9016959191774,2026-05-11T22:00:00.000Z
2026-05-11T22:00:00.000Z,86607.35613009194,87154.96743356231,85648.25166807444,86193.24457771417,330.0769345043585,2026-05-11T23:00:00.000Z
2026-05-11T23:00:00.000Z,86193.24457771417,86959.99909517397,85621.54601736473,86387.01530134388,269.11359250969883,2026-05-12T00:00:00.000Z
2026-05-12T00:00:00.000Z,86387.01530134388,86605.97331757499,85831.13191488039,86049.23378426302,531.1551153804899,2026-05-12T01:00:00.000Z
2026-05-12T01:00:00.000Z,86049.23378426302,86285.63476379852,85646.54837685282,85882.49126870671,346.4751753241174,2026-05-12T02:00:00.000Z
2026-05-12T02:00:00.000Z,85882.49126870671,86416.6792589614,85035.14524944265,85567.37320942465,132.36686663346686,2026-05-12T03:00:00.000Z
2026-05-12T03:00:00.000Z,85567.37320942465,85966.77662459473,85215.14509497424,85614.35511460983,405.5762459084281,2026-05-12T04:00:00.000Z
2026-05-12T04:00:00.000Z,85614.35511460983,86189.29650711422,85056.60459535511,85631.43471962007,430.37680458760667,2026-05-12T05:00:00.000Z
2026-05-12T05:00:00.000Z,85631.43471962007,86007.96345890356,85045.80410910457,85421.40934887737,581.5867714963792,2026-05-12T06:00:00.000Z
2026-05-12T06:00:00.000Z,85421.40934887737,85843.00313583204,84519.48628689203,84938.69767058257,624.4339890426182,2026-05-12T07:00:00.000Z
2026-05-12T07:00:00.000Z,84938.69767058257,85226.5352773235,84340.82890035959,84627.6123107457,303.6857957037565,2026-05-12T08:00:00.000Z
2026-05-12T08:00:00.000Z,84627.6123107457,85100.83447884867,84079.31803360335,84552.11805158269,367.7636162693443,2026-05-12T09:00:00.000Z
2026-05-12T09:00:00.000Z,84552.11805158269,84787.86920789431,84185.48139079074,84420.86658720441,186.1954921326579,2026-05-12T10:00:00.000Z
2026-05-12T10:00:00.000Z,84420.86658720441,84592.11438430654,84099.32901927807,84270.27133378513,101.32827097611887,2026-05-12T11:00:00.000Z
2026-05-12T11:00:00.000Z,84270.27133378513,84586.04775750593,83599.59530497811,83914.03685165397,296.3630650175563,2026-05-12T12:00:00.000Z
2026-05-12T12:00:00.000Z,83914.03685165397,84069.47704472109,83592.12510607853,83747.25635927208,485.24153529910444,2026-05-12T13:00:00.000Z
2026-05-12T13:00:00.000Z,83747.25635927208,84005.83171737623,83173.46131599828,83431.0603975342,475.7238672001864,2026-05-12T14:00:00.000Z
2026-05-12T14:00:00.000Z,83431.0603975342,83800.33927793772,83042.30917644271,83411.50148605475,240.22479073154963,2026-05-12T15:00:00.000Z
2026-05-12T15:00:00.000Z,83411.50148605475,83749.8323168005,83263.13963855326,83601.1331763907,216.95873249180556,2026-05-12T16:00:00.000Z
2026-05-12T16:00:00.000Z,83601.1331763907,83754.41348465435,83096.54919465247,83249.18421446935,515.8157626240588,2026-05-12T17:00:00.000Z
2026-05-12T17:00:00.000Z,83249.18421446935,83581.09171981523,82928.37857791939,83260.24346578868,276.47962159313244,2026-05-12T18:00:00.000Z
2026-05-12T18:00:00.000Z,83260.24346578868,83554.10705009422,82825.04287178624,83118.40584608173,361.10872824727966,2026-05-12T19:00:00.000Z
2026-05-12T19:00:00.000Z,83118.40584608173,83557.04133123056,82244.03729682547,82680.36111633788,251.38547055022113,2026-05-12T20:00:00.000Z
2026-05-12T20:00:00.000Z,82680.36111633788,83167.06392761604,82106.09090618162,82592.2751944972,139.4556902532725,2026-05-12T21:00:00.000Z
2026-05-12T21:00:00.000Z,82592.2751944972,82946.39785416349,81899.76556837861,82252.43111247431,169.73802422626784,2026-05-12T22:00:00.000Z
2026-05-12T22:00:00.000Z,82252.43111247431,82629.21554821312,81728.77882408405,82104.88738704218,401.62926833221184,2026-05-12T23:00:00.000Z
2026-05-12T23:00:00.000Z,82104.88738704218,82250.89398997751,81562.07285970346,81707.37256453933,178.200213740673,2026-05-13T00:00:00.000Z
2026-05-13T00:00:00.000Z,81707.37256453933,81991.91835185008,81306.0594719902,81590.19719627839,634.9186720023484,2026-05-13T01:00:00.000Z
2026-05-13T01:00:00.000Z,81590.19719627839,81938.22704135526,81452.6257606447,81800.30134344313,673.6737368505792,2026-05-13T02:00:00.000Z
2026-05-13T02:00:00.000Z,81800.30134344313,82259.71459284115,81252.87843128107,81711.79460219745,678.7750424718369,2026-05-13T03:00:00.000Z
2026-05-13T03:00:00.000Z,81711.79460219745,81823.91762891403,81435.17618388248,81547.0731836944,417.50409450265767,2026-05-13T04:00:00.000Z
2026-05-13T04:00:00.000Z,81547.0731836944,82020.68931271134,81177.53629040004,81650.68290392568,422.53640895827505,2026-05-13T05:00:00.000Z
2026-05-13T05:00:00.000Z,81650.68290392568,81998.96363207001,81379.55807286792,81727.58344923057,241.3028825732427,2026-05-13T06:00:00.000Z
2026-05-13T06:00:00.000Z,81727.58344923057,81923.15305757624,81130.49941364067,81325.10591540302,622.5827116158711,2026-05-13T07:00:00.000Z
2026-05-13T07:00:00.000Z,81325.10591540302,81720.98706788117,80736.39914490904,81131.3370531128,452.0310879461612,2026-05-13T08:00:00.000Z
2026-05-13T08:00:00.000Z,81131.3370531128,81776.2120343602,80706.75016786836,81350.47831106867,254.10789621719528,2026-05-13T09:00:00.000Z
2026-05-13T09:00:00.000Z,81350.47831106867,81663.14356455342,81141.55532107713,81453.9548278358,546.7083268085069,2026-05-13T10:00:00.000Z
2026-05-13T10:00:00.000Z,81453.9548278358,81572.55693934119,80873.28078026357,80991.20910471996,405.53137562495255,2026-05-13T11:00:00.000Z
2026-05-13T11:00:00.000Z,80991.20910471996,81239.8286303133,80572.19702184034,80820.29188112094,461.6196711368951,2026-05-13T12:00:00.000Z
2026-05-13T12:00:00.000Z,80820.29188112094,81262.93859050967,80299.49117341159,80741.70748190828,468.51873210096676,2026-05-13T13:00:00.000Z
2026-05-13T13:00:00.000Z,80741.70748190828,80938.00151885151,80651.77343642549,80847.94913624073,645.5011035993234,2026-05-13T14:00:00.000Z
2026-05-13T14:00:00.000Z,80847.94913624073,80984.5770723816,80506.23024920005,80642.51100785793,477.0227973242396,2026-05-13T15:00:00.000Z
2026-05-13T15:00:00.000Z,80642.51100785793,81007.69346451527,79815.64725787377,80178.72952121461,500.8416689004943,2026-05-13T16:00:00.000Z
2026-05-13T16:00:00.000Z,80178.72952121461,80605.47494507275,79440.67832051248,79865.7579762121,602.8289211461456,2026-05-13T17:00:00.000Z
2026-05-13T17:00:00.000Z,79865.7579762121,80189.3411395981,79112.63110790265,79434.46685727617,104.3042707277016,2026-05-13T18:00:00.000Z
2026-05-13T18:00:00.000Z,79434.46685727617,79788.40374509025,79003.71461264776,79357.30770169951,110.51678257552757,2026-05-13T19:00:00.000Z
2026-05-13T19:00:00.000Z,79357.30770169951,79894.3194058361,78759.9011210857,79296.50134801165,313.90494025028545,2026-05-13T20:00:00.000Z
2026-05-13T20:00:00.000Z,79296.50134801165,79534.66736304126,79170.0000415669,79407.98820218346,412.18625498571726,2026-05-13T21:00:00.000Z
2026-05-13T21:00:00.000Z,79407.98820218346,80022.74000561798,78922.43378875723,79536.40039277678,142.17069989171375,2026-05-13T22:00:00.000Z
2026-05-13T22:00:00.000Z,79536.40039277678,79896.23589044396,78887.64724642625,79246.16969362154,557.7504471213326,2026-05-13T23:00:00.000Z
2026-05-13T23:00:00.000Z,79246.16969362154,79745.78490613891,78516.6728830894,79014.82958933685,137.21299582962553,2026-05-14T00:00:00.000Z
2026-05-14T00:00:00.000Z,79014.82958933685,79459.69053104834,78372.40291692624,78816.14524705468,499.49054382717725,2026-05-14T01:00:00.000Z
2026-05-14T01:00:00.000Z,78816.14524705468,79310.78506088744,78389.96482127516,78884.23644738879,403.9789105318389,2026-05-14T02:00:00.000Z
2026-05-14T02:00:00.000Z,78884.23644738879,79464.940963861,78771.25063349529,79351.28619507553,664.9487763480045,2026-05-14T03:00:00.000Z
2026-05-14T03:00:00.000Z,79351.28619507553,79645.79680828271,78954.95767129102,79249.08898171157,282.35014145371974,2026-05-14T04:00:00.000Z
2026-05-14T04:00:00.000Z,79249.08898171157,80109.02315264288,78843.07631462927,79700.6967871708,641.4387007902557,2026-05-14T05:00:00.000Z
2026-05-14T05:00:00.000Z,79700.6967871708,80015.53977720498,79601.89664454588,79916.47215088706,262.3334992501575,2026-05-14T06:00:00.000Z
2026-05-14T06:00:00.000Z,79916.47215088706,80013.75411598221,79770.26233221716,79867.48466506433,508.61351760505397,2026-05-14T07:00:00.000Z
2026-05-14T07:00:00.000Z,79867.48466506433,80678.56938673595,79523.85201440733,80332.93412347868,670.6276057151275,2026-05-14T08:00:00.000Z
2026-05-14T08:00:00.000Z,80332.93412347868,80582.49196415552,80033.14283381535,80282.54413574917,569.4668197396522,2026-05-14T09:00:00.000Z
2026-05-14T09:00:00.000Z,80282.54413574917,80705.94023094917,80039.13036500975,80461.98240985132,621.6245611764605,2026-05-14T10:00:00.000Z
2026-05-14T10:00:00.000Z,80461.98240985132,80743.11019319198,80379.23819411176,80660.1621764911,371.57659235949467,2026-05-14T11:00:00.000Z
2026-05-14T11:00:00.000Z,80660.1621764911,80870.71040521812,80459.06045282584,80669.58518812276,517.2253070479376,2026-05-14T12:00:00.000Z
2026-05-14T12:00:00.000Z,80669.58518812276,81151.5598625277,80098.33392228912,80579.77199190175,638.7834812229422,2026-05-14T13:00:00.000Z
2026-05-14T13:00:00.000Z,80579.77199190175,80995.19087826359,80109.02142657674,80524.15357920263,637.6013386704034,2026-05-14T14:00:00.000Z
2026-05-14T14:00:00.000Z,80524.15357920263,80768.66962142078,80142.11486053615,80386.21203563441,538.4277815178166,2026-05-14T15:00:00.000Z
2026-05-14T15:00:00.000Z,80386.21203563441,80910.94335921788,79712.74636931483,80236.50043117175,585.1131661260097,2026-05-14T16:00:00.000Z
2026-05-14T16:00:00.000Z,80236.50043117175,80856.43484947008,80000.10530046988,80618.91304351455,527.6306368539252,2026-05-14T17:00:00.000Z
2026-05-14T17:00:00.000Z,80618.91304351455,81295.82313478572,80195.38874978133,80870.97465776691,408.0582956355337,2026-05-14T18:00:00.000Z
2026-05-14T18:00:00.000Z,80870.97465776691,81086.22325624853,80602.23850343042,80817.34435790617,401.25426952785546,2026-05-14T19:00:00.000Z
2026-05-14T19:00:00.000Z,80817.34435790617,81463.80744997313,80415.52530452164,81060.77805863495,140.9363291416952,2026-05-14T20:00:00.000Z
2026-05-14T20:00:00.000Z,81060.77805863495,81729.58466270745,80681.86244314854,81349.32026731523,570.1237527980114,2026-05-14T21:00:00.000Z
2026-05-14T21:00:00.000Z,81349.32026731523,82016.69361761973,81160.23782941325,81826.50205311309,496.7271708868105,2026-05-14T22:00:00.000Z
2026-05-14T22:00:00.000Z,81826.50205311309,82731.9795431463,81432.65690840328,82335.68361925652,300.56650480281866,2026-05-14T23:00:00.000Z
2026-05-14T23:00:00.000Z,82335.68361925652,82570.53454143446,82028.50855889973,82263.15259656763,559.6485251838567,2026-05-15T00:00:00.000Z
2026-05-15T00:00:00.000Z,82263.15259656763,82512.69143321986,82177.76944847389,82427.13808016328,243.9274643286725,2026-05-15T01:00:00.000Z
2026-05-15T01:00:00.000Z,82427.13808016328,83036.55691628734,82077.4983336789,82685.81989231249,599.6253077404691,2026-05-15T02:00:00.000Z
2026-05-15T02:00:00.000Z,82685.81989231249,83136.20120838734,82263.55114296032,82713.78962025035,177.71971639139565,2026-05-15T03:00:00.000Z
2026-05-15T03:00:00.000Z,82713.78962025035,82829.48046014157,82418.98113167733,82534.42109083981,576.0374405775394,2026-05-15T04:00:00.000Z
2026-05-15T04:00:00.000Z,82534.42109083981,83140.2092713894,82154.3805096292,82759.13397021402,203.87739627802625,2026-05-15T05:00:00.000Z
2026-05-15T05:00:00.000Z,82759.13397021402,83514.89572143108,82362.62905591422,83116.67778918993,353.5891946654716,2026-05-15T06:00:00.000Z
2026-05-15T06:00:00.000Z,83116.67778918993,83738.54167599187,82612.29372567368,83233.44899972499,335.9387804921431,2026-05-15T07:00:00.000Z
2026-05-15T07:00:00.000Z,83233.44899972499,83623.20999633578,82648.92446886876,83037.76914667433,689.1070381687522,2026-05-15T08:00:00.000Z
2026-05-15T08:00:00.000Z,83037.76914667433,83960.92610668165,82544.21692829147,83464.83553059307,189.33941074150587,2026-05-15T09:00:00.000Z
2026-05-15T09:00:00.000Z,83464.83553059307,83812.55899100538,83302.31268160195,83649.67621995542,261.48148410091244,2026-05-15T10:00:00.000Z
2026-05-15T10:00:00.000Z,83649.67621995542,83808.06180706475,83540.68505205901,83699.00636456122,464.49393833265356,2026-05-15T11:00:00.000Z
2026-05-15T11:00:00.000Z,83699.00636456122,84276.11684193865,82959.49518998142,83535.47812878566,143.53782294482824,2026-05-15T12:00:00.000Z
2026-05-15T12:00:00.000Z,83535.47812878566,83968.6092034958,83303.86911013718,83736.44299314792,279.6865969801725,2026-05-15T13:00:00.000Z
2026-05-15T13:00:00.000Z,83736.44299314792,83856.11520573063,83632.6626654384,83752.31520649645,406.99846628447926,2026-05-15T14:00:00.000Z
2026-05-15T14:00:00.000Z,83752.31520649645,84021.67960857648,83663.26440507914,83932.43728987589,227.398264094907,2026-05-15T15:00:00.000Z
2026-05-15T15:00:00.000Z,83932.43728987589,84753.98698886059,83368.09521384406,84187.92705937922,233.6740933981138,2026-05-15T16:00:00.000Z
2026-05-15T16:00:00.000Z,84187.92705937922,84725.81307847734,83752.27015731441,84289.62988316965,310.6581407648782,2026-05-15T17:00:00.000Z
2026-05-15T17:00:00.000Z,84289.62988316965,85130.29254225665,83896.47268898491,84735.0577122378,390.17388219487566,2026-05-15T18:00:00.000Z
2026-05-15T18:00:00.000Z,84735.0577122378,84842.07315477532,84593.06179221094,84700.03300057763,426.2084299354853,2026-05-15T19:00:00.000Z
2026-05-15T19:00:00.000Z,84700.03300057763,85446.90424327242,84215.61210725408,84960.99086596988,348.03064756469365,2026-05-15T20:00:00.000Z
2026-05-15T20:00:00.000Z,84960.99086596988,85845.01454300593,84425.33893472776,85307.17999976504,277.0874325079319,2026-05-15T21:00:00.000Z
2026-05-15T21:00:00.000Z,85307.17999976504,86063.5881689917,84716.47148616417,85471.74016059098,386.3783060975272,2026-05-15T22:00:00.000Z
2026-05-15T22:00:00.000Z,85471.74016059098,86496.18383248876,84939.16813432833,85960.56594640449,594.7688190707792,2026-05-15T23:00:00.000Z
2026-05-15T23:00:00.000Z,85960.56594640449,86187.89235441905,85732.65071070116,85959.97555740665,483.32361000744794,2026-05-16T00:00:00.000Z
2026-05-16T00:00:00.000Z,85959.97555740665,86385.58126668962,85715.47723606862,86140.5692776689,261.2089308729437,2026-05-16T01:00:00.000Z
2026-05-16T01:00:00.000Z,86140.5692776689,86638.97751204963,85977.45474040874,86475.22926746859,149.23402548266296,2026-05-16T02:00:00.000Z
2026-05-16T02:00:00.000Z,86475.22926746859,86741.12984540148,86075.2907921928,86340.77794903879,143.5269208827647,2026-05-16T03:00:00.000Z
2026-05-16T03:00:00.000Z,86340.77794903879,86785.05500630423,85729.54219859898,86172.95570593959,447.8833668622577,2026-05-16T04:00:00.000Z
2026-05-16T04:00:00.000Z,86172.95570593959,86743.82505792516,85847.76087821428,86417.70660253729,534.5281530332418,2026-05-16T05:00:00.000Z
2026-05-16T05:00:00.000Z,86417.70660253729,87169.50880348362,85963.51669376613,86713.76289668247,139.94481733066254,2026-05-16T06:00:00.000Z
2026-05-16T06:00:00.000Z,86713.76289668247,87514.50987077925,86261.34388299345,87060.2829289599,457.5712384458497,2026-05-16T07:00:00.000Z
2026-05-16T07:00:00.000Z,87060.2829289599,87508.84343036592,86369.29560466693,86816.60058206093,266.85847834072007,2026-05-16T08:00:00.000Z
2026-05-16T08:00:00.000Z,86816.60058206093,87489.61326841457,86541.34333852748,87213.0989031533,160.23830681119034,2026-05-16T09:00:00.000Z
2026-05-16T09:00:00.000Z,87213.0989031533,87750.18279899494,86596.16587560198,87132.75499001262,244.57442376044318,2026-05-16T10:00:00.000Z
2026-05-16T10:00:00.000Z,87132.75499001262,87931.18509920118,86565.72751498026,87362.66147848095,568.8160797901526,2026-05-16T11:00:00.000Z
2026-05-16T11:00:00.000Z,87362.66147848095,87514.60894138367,87086.77070260624,87238.50221873955,595.0650165300187,2026-05-16T12:00:00.000Z
2026-05-16T12:00:00.000Z,87238.50221873955,87781.74688843505,86788.78235812175,87331.54737430045,112.18116898656876,2026-05-16T13:00:00.000Z
2026-05-16T13:00:00.000Z,87331.54737430045,87892.73299107658,86565.27176942225,87125.13097071346,645.2811535193032,2026-05-16T14:00:00.000Z
2026-05-16T14:00:00.000Z,87125.13097071346,87399.8995714302,86659.95291907997,86934.11912117722,663.621453085738,2026-05-16T15:00:00.000Z
2026-05-16T15:00:00.000Z,86934.11912117722,87501.53419290208,86758.3942708375,87325.01919414291,693.9388077677874,2026-05-16T16:00:00.000Z
2026-05-16T16:00:00.000Z,87325.01919414291,87774.71586573323,86670.80997997429,87119.44802401625,681.9331804206283,2026-05-16T17:00:00.000Z
2026-05-16T17:00:00.000Z,87119.44802401625,87763.4908142771,86822.65042697548,87465.51424257092,590.6547907230699,2026-05-16T18:00:00.000Z
2026-05-16T18:00:00.000Z,87465.51424257092,87712.64111801962,86889.84684577686,87136.04282586106,284.589159574634,2026-05-16T19:00:00.000Z
2026-05-16T19:00:00.000Z,87136.04282586106,87719.39230044598,86688.55962134335,87271.21492572674,158.78851584102424,2026-05-16T20:00:00.000Z
2026-05-16T20:00:00.000Z,87271.21492572674,87978.25725617666,86790.75741984924,87496.55915423224,220.99963404284773,2026-05-16T21:00:00.000Z
2026-05-16T21:00:00.000Z,87496.55915423224,87894.81049613994,87038.46922638651,87436.44696025582,512.6001561119222,2026-05-16T22:00:00.000Z
2026-05-16T22:00:00.000Z,87436.44696025582,87840.3096250188,87143.40013048929,87546.8926320639,134.82193417606032,2026-05-16T23:00:00.000Z
2026-05-16T23:00:00.000Z,87546.8926320639,88095.85039231303,86953.03077529666,87501.7051902884,332.78550628236746,2026-05-17T00:00:00.000Z
2026-05-17T00:00:00.000Z,87501.7051902884,87816.92381545294,87369.83764625744,87684.78037194637,262.4256046313912,2026-05-17T01:00:00.000Z
2026-05-17T01:00:00.000Z,87684.78037194637,88311.39980632711,87323.31935376569,87948.8502188948,112.19601976321825,2026-05-17T02:00:00.000Z
2026-05-17T02:00:00.000Z,87948.8502188948,88439.47582144232,87579.97163714482,88070.08873625849,459.0955330799779,2026-05-17T03:00:00.000Z
2026-05-17T03:00:00.000Z,88070.08873625849,88749.60803384449,87698.8253287881,88377.05061481318,266.19999127751214,2026-05-17T04:00:00.000Z
2026-05-17T04:00:00.000Z,88377.05061481318,88973.72698268441,87829.18972259785,88425.56534133597,479.0544678359546,2026-05-17T05:00:00.000Z
2026-05-17T05:00:00.000Z,88425.56534133597,89409.7307702803,87818.50281727331,88800.09699737598,404.98789721400846,2026-05-17T06:00:00.000Z
2026-05-17T06:00:00.000Z,88800.09699737598,88895.56903855925,88498.5224727885,88593.77268760373,378.42730371208273,2026-05-17T07:00:00.000Z
2026-05-17T07:00:00.000Z,88593.77268760373,89164.73225303015,87813.16419102497,88382.76386964049,393.60416824631585,2026-05-17T08:00:00.000Z
2026-05-17T08:00:00.000Z,88382.76386964049,88765.29858539334,87892.83200707487,88274.89987021354,537.9887293269805,2026-05-17T09:00:00.000Z
2026-05-17T09:00:00.000Z,88274.89987021354,88947.9576973805,87854.85927164495,88526.71886238953,515.6021948045129,2026-05-17T10:00:00.000Z
2026-05-17T10:00:00.000Z,88526.71886238953,89033.49967053795,88205.9411349929,88712.05039191229,638.5032180410359,2026-05-17T11:00:00.000Z
2026-05-17T11:00:00.000Z,88712.05039191229,88803.81672012512,88536.46981328735,88628.14935182112,365.0218426552703,2026-05-17T12:00:00.000Z
2026-05-17T12:00:00.000Z,88628.14935182112,89425.15522908833,88012.63900059758,88808.393109668,431.16884526385405,2026-05-17T13:00:00.000Z
2026-05-17T13:00:00.000Z,88808.393109668,89012.03533901747,88695.6511680365,88899.17814610261,642.718499220311,2026-05-17T14:00:00.000Z
2026-05-17T14:00:00.000Z,88899.17814610261,88991.77876548795,88784.1341398291,88876.71135698922,478.28799447896336,2026-05-17T15:00:00.000Z
2026-05-17T15:00:00.000Z,88876.71135698922,89173.69803135304,88579.26833160443,88876.2534759322,156.31341666742853,2026-05-17T16:00:00.000Z
2026-05-17T16:00:00.000Z,88876.2534759322,89316.34435189265,88400.25675615665,88840.16895143046,366.2823166075546,2026-05-17T17:00:00.000Z
2026-05-17T17:00:00.000Z,88840.16895143046,89007.20252203192,88301.79194420957,88468.12601524025,381.85756880876494,2026-05-17T18:00:00.000Z
2026-05-17T18:00:00.000Z,88468.12601524025,88850.12299003333,87945.51363290814,88326.90081066648,103.14496886131585,2026-05-17T19:00:00.000Z
2026-05-17T19:00:00.000Z,88326.90081066648,88646.8185854329,87617.30628778102,87935.80753270132,452.3968918027342,2026-05-17T20:00:00.000Z
2026-05-17T20:00:00.000Z,87935.80753270132,88163.38838906055,87420.87579711144,87647.71104998913,308.6797176900691,2026-05-17T21:00:00.000Z
2026-05-17T21:00:00.000Z,87647.71104998913,88099.75584900839,87099.82363309093,87551.37155928611,643.4100115408236,2026-05-17T22:00:00.000Z
2026-05-17T22:00:00.000Z,87551.37155928611,88101.43288773051,87184.45511987577,87733.75211507265,195.64829184471085,2026-05-17T23:00:00.000Z
2026-05-17T23:00:00.000Z,87733.75211507265,88045.4344856125,87170.01268428053,87480.79640597483,244.1453549750826,2026-05-18T00:00:00.000Z
2026-05-18T00:00:00.000Z,87480.79640597483,88081.04458568776,87009.4675028528,87609.02481374348,672.9287122250203,2026-05-18T01:00:00.000Z
2026-05-18T01:00:00.000Z,87609.02481374348,87814.45126865253,87481.98126466348,87687.29421958639,615.7251229117276,2026-05-18T02:00:00.000Z
2026-05-18T02:00:00.000Z,87687.29421958639,87871.47774456466,87291.79351725988,87475.53224499263,440.6487283020507,2026-05-18T03:00:00.000Z
2026-05-18T03:00:00.000Z,87475.53224499263,88042.94676770299,86556.64810892413,87121.76792121919,546.6797685468009,2026-05-18T04:00:00.000Z
2026-05-18T04:00:00.000Z,87121.76792121919,87246.80505401248,86727.722985684,86852.37348366872,140.0896697491825,2026-05-18T05:00:00.000Z
2026-05-18T05:00:00.000Z,86852.37348366872,87283.57035509728,86726.6736999134,87157.42907020939,645.0568674807702,2026-05-18T06:00:00.000Z
2026-05-18T06:00:00.000Z,87157.42907020939,87670.20466185873,86930.13072902137,87442.16375950014,106.82302201484471,2026-05-18T07:00:00.000Z
2026-05-18T07:00:00.000Z,87442.16375950014,87916.60372691238,86604.78118019285,87077.2411661424,270.4683712546101,2026-05-18T08:00:00.000Z
2026-05-18T08:00:00.000Z,87077.2411661424,87353.07611053213,86422.80237694093,86697.4342052174,160.4841326645036,2026-05-18T09:00:00.000Z
2026-05-18T09:00:00.000Z,86697.4342052174,87161.22619166723,85979.82260681159,86442.24947056684,583.3984371663064,2026-05-18T10:00:00.000Z
2026-05-18T10:00:00.000Z,86442.24947056684,86953.98054955776,86092.36300965307,86603.44164196747,655.9929829817232,2026-05-18T11:00:00.000Z
2026-05-18T11:00:00.000Z,86603.44164196747,87131.73566133302,85844.00028478116,86370.87561641239,322.7810049535618,2026-05-18T12:00:00.000Z
2026-05-18T12:00:00.000Z,86370.87561641239,86497.60553635642,86149.78190884409,86276.37316760533,650.9104466768496,2026-05-18T13:00:00.000Z
2026-05-18T13:00:00.000Z,86276.37316760533,86621.74407527532,86188.59186526532,86533.70095654675,616.6526036880224,2026-05-18T14:00:00.000Z
2026-05-18T14:00:00.000Z,86533.70095654675,87029.77482113405,85814.61909149172,86309.40714143764,190.0096212932885,2026-05-18T15:00:00.000Z
2026-05-18T15:00:00.000Z,86309.40714143764,86902.5403751142,85508.7130379233,86100.41000699923,662.2569052326758,2026-05-18T16:00:00.000Z
2026-05-18T16:00:00.000Z,86100.41000699923,86751.57544917219,85577.29017801186,86227.68235223558,620.5554608817005,2026-05-18T17:00:00.000Z
2026-05-18T17:00:00.000Z,86227.68235223558,86369.40965044827,86114.8378183965,86256.52736768409,500.2399415710196,2026-05-18T18:00:00.000Z
2026-05-18T18:00:00.000Z,86256.52736768409,86476.49807558423,85881.01168303737,86100.58470720895,307.73062808799125,2026-05-18T19:00:00.000Z
2026-05-18T19:00:00.000Z,86100.58470720895,86840.1816332872,85589.07688050132,86327.32677343323,131.31478691069168,2026-05-18T20:00:00.000Z
2026-05-18T20:00:00.000Z,86327.32677343323,86784.84396764691,85485.49062543051,85940.96015550842,366.6132746574531,2026-05-18T21:00:00.000Z
2026-05-18T21:00:00.000Z,85940.96015550842,86323.88681588542,85253.95495652255,85635.52067188334,685.685278189222,2026-05-18T22:00:00.000Z
2026-05-18T22:00:00.000Z,85635.52067188334,85885.69178728753,84881.96064922746,85130.65688205446,108.76637353038711,2026-05-18T23:00:00.000Z
2026-05-18T23:00:00.000Z,85130.65688205446,85339.92771128517,84831.97686962943,85041.02736880223,549.0279296641368,2026-05-19T00:00:00.000Z
2026-05-19T00:00:00.000Z,85041.02736880223,85500.1056492778,84083.22516081396,84539.59655967305,348.55045883383156,2026-05-19T01:00:00.000Z
2026-05-19T01:00:00.000Z,84539.59655967305,85087.54065144794,83716.06066887881,84262.20685700998,470.90030180797925,2026-05-19T02:00:00.000Z
2026-05-19T02:00:00.000Z,84262.20685700998,84436.95326986717,83979.94667131016,84154.46965434753,104.43958202583696,2026-05-19T03:00:00.000Z
2026-05-19T03:00:00.000Z,84154.46965434753,84270.77468214206,83798.22811714749,83914.20108363964,198.31382869664293,2026-05-19T04:00:00.000Z
2026-05-19T04:00:00.000Z,83914.20108363964,84226.86431350106,83795.69110913904,84108.08052780181,611.5171331500248,2026-05-19T05:00:00.000Z
2026-05-19T05:00:00.000Z,84108.08052780181,84658.41603982236,83384.69694861707,83933.89271594216,346.6385707476356,2026-05-19T06:00:00.000Z
2026-05-19T06:00:00.000Z,83933.89271594216,84149.42542110161,83778.6632929331,83994.08467758572,328.26655964752035,2026-05-19T07:00:00.000Z
2026-05-19T07:00:00.000Z,83994.08467758572,84476.88826897433,83098.17544623709,83578.5907508697,175.50772320269965,2026-05-19T08:00:00.000Z
2026-05-19T08:00:00.000Z,83578.5907508697,83756.70146312114,82965.81232331145,83142.9947558176,266.9244075971303,2026-05-19T09:00:00.000Z
2026-05-19T09:00:00.000Z,83142.9947558176,83507.54638660529,82893.41870113881,83257.62623471986,272.96532400556157,2026-05-19T10:00:00.000Z
2026-05-19T10:00:00.000Z,83257.62623471986,83812.81862596294,82234.26298145509,82786.31247969832,124.09312744815514,2026-05-19T11:00:00.000Z
2026-05-19T11:00:00.000Z,82786.31247969832,83337.65165560842,82392.98944612821,82943.58142727033,312.5472390151337,2026-05-19T12:00:00.000Z
2026-05-19T12:00:00.000Z,82943.58142727033,83173.73309710102,82806.6727562673,83036.67077058832,403.8551416731696,2026-05-19T13:00:00.000Z
2026-05-19T13:00:00.000Z,83036.67077058832,83455.22447327804,82477.8261234723,82895.66909471077,317.394042954498,2026-05-19T14:00:00.000Z
2026-05-19T14:00:00.000Z,82895.66909471077,82990.74090707299,82719.92250824862,82814.90168967294,369.881300195065,2026-05-19T15:00:00.000Z
2026-05-19T15:00:00.000Z,82814.90168967294,83068.21642069981,82671.59486270096,82924.71955968595,162.857138301645,2026-05-19T16:00:00.000Z
2026-05-19T16:00:00.000Z,82924.71955968595,83541.20521887233,82349.89816605469,82966.09700317094,153.73536229773208,2026-05-19T17:00:00.000Z
2026-05-19T17:00:00.000Z,82966.09700317094,83086.52816957996,82502.85849771039,82622.7913316203,655.0964171789104,2026-05-19T18:00:00.000Z
2026-05-19T18:00:00.000Z,82622.7913316203,83086.81794671851,81788.42936520946,82250.36435368557,557.3974469012569,2026-05-19T19:00:00.000Z
2026-05-19T19:00:00.000Z,82250.36435368557,82419.30398574205,81924.25411296953,82092.87025716153,304.33812011235307,2026-05-19T20:00:00.000Z
2026-05-19T20:00:00.000Z,82092.87025716153,82762.9597557994,81551.93666049947,82221.18068472703,416.9924617358448,2026-05-19T21:00:00.000Z
2026-05-19T21:00:00.000Z,82221.18068472703,82763.8040859626,81538.56321195803,82080.25657645232,276.11831546580345,2026-05-19T22:00:00.000Z
2026-05-19T22:00:00.000Z,82080.25657645232,82338.53307610979,81593.8452376032,81851.40161453006,147.22292416134053,2026-05-19T23:00:00.000Z
2026-05-19T23:00:00.000Z,81851.40161453006,82395.83379689354,81392.22934193825,81936.18589906087,637.6726915769618,2026-05-20T00:00:00.000Z
2026-05-20T00:00:00.000Z,81936.18589906087,82373.48134947423,81082.18873981229,81517.24830995231,537.4634687031914,2026-05-20T01:00:00.000Z
2026-05-20T01:00:00.000Z,81517.24830995231,81639.79948279951,80958.59916363108,81080.49372959841,126.06687034762784,2026-05-20T02:00:00.000Z
2026-05-20T02:00:00.000Z,81080.49372959841,81236.24683787885,80560.45880757537,80715.51079498295,572.4598562682327,2026-05-20T03:00:00.000Z
2026-05-20T03:00:00.000Z,80715.51079498295,80910.74000039672,80310.56347348914,80505.28419706011,163.21717065908814,2026-05-20T04:00:00.000Z
2026-05-20T04:00:00.000Z,80505.28419706011,80867.53473630382,80245.25098799334,80607.17242681075,484.82283408978157,2026-05-20T05:00:00.000Z
2026-05-20T05:00:00.000Z,80607.17242681075,80752.5851304844,80354.06043601636,80499.27850257819,127.85091429383071,2026-05-20T06:00:00.000Z
2026-05-20T06:00:00.000Z,80499.27850257819,81022.54594098125,79597.40374541248,80118.19402998887,212.00114298239404,2026-05-20T07:00:00.000Z
2026-05-20T07:00:00.000Z,80118.19402998887,80320.28124452497,79672.5867530186,79874.05816814877,336.4651193080773,2026-05-20T08:00:00.000Z
2026-05-20T08:00:00.000Z,79874.05816814877,80393.89521068911,79429.66778399865,79949.08739106671,407.20537300557146,2026-05-20T09:00:00.000Z
2026-05-20T09:00:00.000Z,79949.08739106671,80056.12857234024,79595.75976317005,79702.47075761307,233.48279657470192,2026-05-20T10:00:00.000Z
2026-05-20T10:00:00.000Z,79702.47075761307,80100.70835598258,78875.60090353157,79271.68606345865,106.18423018892493,2026-05-20T11:00:00.000Z
2026-05-20T11:00:00.000Z,79271.68606345865,79638.30959367298,78588.1356011852,78953.28656592754,667.5078356487247,2026-05-20T12:00:00.000Z
2026-05-20T12:00:00.000Z,78953.28656592754,79293.68459643294,78728.80295332977,79068.87234503635,243.4751899649739,2026-05-20T13:00:00.000Z
2026-05-20T13:00:00.000Z,79068.87234503635,79529.97603566953,78823.22250881014,79283.65890419154,370.3538017675065,2026-05-20T14:00:00.000Z
2026-05-20T14:00:00.000Z,79283.65890419154,79420.32256617151,78708.56790204391,78844.474528515,273.87202324991677,2026-05-20T15:00:00.000Z
2026-05-20T15:00:00.000Z,78844.474528515,79287.30769023557,78237.67306995988,78679.58009546643,519.1351004965302,2026-05-20T16:00:00.000Z
2026-05-20T16:00:00.000Z,78679.58009546643,78976.51475957013,78379.07993904043,78676.00109609471,317.5569256849386,2026-05-20T17:00:00.000Z
2026-05-20T17:00:00.000Z,78676.00109609471,79190.95718860195,78043.0133189749,78557.19177173721,244.32125647753537,2026-05-20T18:00:00.000Z
2026-05-20T18:00:00.000Z,78557.19177173721,79266.57467033228,78117.67633239806,78825.55776442437,658.7244683684429,2026-05-20T19:00:00.000Z
2026-05-20T19:00:00.000Z,78825.55776442437,79519.96076247722,78490.7315894175,79183.6136785726,284.9401391972509,2026-05-20T20:00:00.000Z
2026-05-20T20:00:00.000Z,79183.6136785726,79447.7928460418,79049.12972875465,79313.08899779382,269.0493228701173,2026-05-20T21:00:00.000Z
2026-05-20T21:00:00.000Z,79313.08899779382,79724.89002883827,78939.51024825984,79351.13208957866,595.7964012845403,2026-05-20T22:00:00.000Z
2026-05-20T22:00:00.000Z,79351.13208957866,79832.12249159513,78716.63219215532,79196.6864148734,237.49654495040724,2026-05-20T23:00:00.000Z
2026-05-20T23:00:00.000Z,79196.6864148734,79718.75700450977,78823.26930151126,79344.6422704391,401.026109094278,2026-05-21T00:00:00.000Z
2026-05-21T00:00:00.000Z,79344.6422704391,79679.40314351123,78969.37813958831,79303.96740240492,196.7361709553451,2026-05-21T01:00:00.000Z
2026-05-21T01:00:00.000Z,79303.96740240492,79840.89632059183,79083.5676568322,79619.61932252893,562.431229307517,2026-05-21T02:00:00.000Z
2026-05-21T02:00:00.000Z,79619.61932252893,79855.97779525754,79504.95355416292,79741.13702077672,693.3222813500661,2026-05-21T03:00:00.000Z
2026-05-21T03:00:00.000Z,79741.13702077672,80736.73129309501,79213.56330005653,80206.08146287338,445.2112714504876,2026-05-21T04:00:00.000Z
2026-05-21T04:00:00.000Z,80206.08146287338,80801.17216459851,80077.28407975535,80671.62719388136,119.55645113231449,2026-05-21T05:00:00.000Z
2026-05-21T05:00:00.000Z,80671.62719388136,81287.56275315436,80427.06561596869,81041.87873227625,557.4710394523437,2026-05-21T06:00:00.000Z
2026-05-21T06:00:00.000Z,81041.87873227625,81758.95554783907,80491.12653713269,81207.08065756041,262.7314365295374,2026-05-21T07:00:00.000Z
2026-05-21T07:00:00.000Z,81207.08065756041,81714.71197337339,80757.34872053727,81264.66115052863,664.0487295408028,2026-05-21T08:00:00.000Z
2026-05-21T08:00:00.000Z,81264.66115052863,82085.29726843358,80919.14660714695,81737.77119386138,464.94104665002834,2026-05-21T09:00:00.000Z
2026-05-21T09:00:00.000Z,81737.77119386138,82064.53065261537,81637.40753250144,81963.88934671745,287.3648972191684,2026-05-21T10:00:00.000Z
2026-05-21T10:00:00.000Z,81963.88934671745,82610.80902212784,81393.54853013605,82039.93901845896,450.3211662873258,2026-05-21T11:00:00.000Z
2026-05-21T11:00:00.000Z,82039.93901845896,82185.13558280456,81732.55732571358,81877.46634139946,349.57445499001744,2026-05-21T12:00:00.000Z
2026-05-21T12:00:00.000Z,81877.46634139946,82571.35909342587,81699.51019711814,82392.28402139271,108.48701280005602,2026-05-21T13:00:00.000Z
2026-05-21T13:00:00.000Z,82392.28402139271,83008.54251733693,82100.6466338062,82715.76014714215,639.562847623398,2026-05-21T14:00:00.000Z
2026-05-21T14:00:00.000Z,82715.76014714215,82908.95802938177,82340.52876489249,82533.30047899416,384.1946264189643,2026-05-21T15:00:00.000Z
2026-05-21T15:00:00.000Z,82533.30047899416,83345.44798450208,82069.33216977051,82879.53329661602,604.9401462566759,2026-05-21T16:00:00.000Z
2026-05-21T16:00:00.000Z,82879.53329661602,83247.47779222835,82448.53873712907,82816.20207315778,484.026007346821,2026-05-21T17:00:00.000Z
2026-05-21T17:00:00.000Z,82816.20207315778,83104.21123149346,82460.26569940236,82748.0378034727,355.21766601839,2026-05-21T18:00:00.000Z
2026-05-21T18:00:00.000Z,82748.0378034727,82961.31552308757,82365.71172902969,82578.55261151574,495.63005743344786,2026-05-21T19:00:00.000Z
2026-05-21T19:00:00.000Z,82578.55261151574,82814.22971634593,82311.2313965656,82546.8179314198,275.3783096444692,2026-05-21T20:00:00.000Z
2026-05-21T20:00:00.000Z,82546.8179314198,83118.48743837174,82228.17025914813,82798.86680567478,647.2145582303473,2026-05-21T21:00:00.000Z
2026-05-21T21:00:00.000Z,82798.86680567478,83441.19488290866,82225.44959465778,82867.30371730134,159.13573226851213,2026-05-21T22:00:00.000Z
2026-05-21T22:00:00.000Z,82867.30371730134,83339.276216343,82538.03438308324,83009.44210193808,182.40965413041863,2026-05-21T23:00:00.000Z
2026-05-21T23:00:00.000Z,83009.44210193808,83498.95537526542,82618.88775765004,83107.9376156142,190.6285315242729,2026-05-22T00:00:00.000Z
2026-05-22T00:00:00.000Z,83107.9376156142,83465.53546179742,83017.49678858266,83374.8042216327,193.7441950169132,2026-05-22T01:00:00.000Z
2026-05-22T01:00:00.000Z,83374.8042216327,84293.90253486382,82933.16194963625,83849.74447056587,587.5204512325677,2026-05-22T02:00:00.000Z
2026-05-22T02:00:00.000Z,83849.74447056587,83979.30230466681,83690.33382422932,83819.84546080191,681.5188204783568,2026-05-22T03:00:00.000Z
2026-05-22T03:00:00.000Z,83819.84546080191,83922.98231849984,83725.28817296616,83828.41536294519,600.0795976724846,2026-05-22T04:00:00.000Z
2026-05-22T04:00:00.000Z,83828.41536294519,84308.21141901053,83171.02377879145,83649.79750677674,369.0678113461788,2026-05-22T05:00:00.000Z
2026-05-22T05:00:00.000Z,83649.79750677674,83740.0530266747,83362.62228411267,83452.66510430297,222.8272362252824,2026-05-22T06:00:00.000Z
2026-05-22T06:00:00.000Z,83452.66510430297,83873.05133494482,83255.11723142641,83674.97720825484,527.3427595511744,2026-05-22T07:00:00.000Z
2026-05-22T07:00:00.000Z,83674.97720825484,84150.52401140613,83413.43842714884,83888.31840017771,281.73452419309626,2026-05-22T08:00:00.000Z
2026-05-22T08:00:00.000Z,83888.31840017771,84747.77046078851,83323.46364069164,84180.94532314556,248.5478454029876,2026-05-22T09:00:00.000Z
2026-05-22T09:00:00.000Z,84180.94532314556,84449.16469520531,83741.26336888442,84008.93467644493,687.1505466229984,2026-05-22T10:00:00.000Z
2026-05-22T10:00:00.000Z,84008.93467644493,84141.51553069388,83699.4404679832,83831.74168056248,439.7981528843744,2026-05-22T11:00:00.000Z
2026-05-22T11:00:00.000Z,83831.74168056248,84298.80983395818,83374.22681567352,83841.24311463749,283.0953518781324,2026-05-22T12:00:00.000Z
2026-05-22T12:00:00.000Z,83841.24311463749,84739.78693392873,83327.70035994146,84223.90033465726,391.01217616862255,2026-05-22T13:00:00.000Z
2026-05-22T13:00:00.000Z,84223.90033465726,84745.57289693394,84034.17461591218,84555.10110369333,603.9042103588135,2026-05-22T14:00:00.000Z
2026-05-22T14:00:00.000Z,84555.10110369333,84718.50740784757,84313.32731639077,84476.58187882662,223.73608682478596,2026-05-22T15:00:00.000Z
2026-05-22T15:00:00.000Z,84476.58187882662,85013.95180503606,83753.5902632872,84289.77185914211,418.9732736530589,2026-05-22T16:00:00.000Z
2026-05-22T16:00:00.000Z,84289.77185914211,85140.65492946681,83953.04015424749,84801.8773989908,278.18504664031093,2026-05-22T17:00:00.000Z
2026-05-22T17:00:00.000Z,84801.8773989908,84901.77268906249,84671.59507146827,84771.45452386716,438.4089253556025,2026-05-22T18:00:00.000Z
2026-05-22T18:00:00.000Z,84771.45452386716,85146.32230565442,84471.6634742412,84846.26668564178,132.11992598703128,2026-05-22T19:00:00.000Z
2026-05-22T19:00:00.000Z,84846.26668564178,85543.75646977626,84344.78432770635,85041.122420468,147.61089759301902,2026-05-22T20:00:00.000Z
2026-05-22T20:00:00.000Z,85041.122420468,85566.77538104785,84656.1399433098,85181.15895632484,554.9078319477419,2026-05-22T21:00:00.000Z
2026-05-22T21:00:00.000Z,85181.15895632484,85544.10595229093,85009.52866335567,85372.09095318534,618.2752102232888,2026-05-22T22:00:00.000Z
2026-05-22T22:00:00.000Z,85372.09095318534,85718.90300260043,85236.90351265822,85583.38098249405,402.90998066911004,2026-05-22T23:00:00.000Z
2026-05-22T23:00:00.000Z,85583.38098249405,85852.19158213597,84958.7572482854,85226.4467458502,145.1600489416905,2026-05-23T00:00:00.000Z
2026-05-23T00:00:00.000Z,85226.4467458502,85541.4915986153,84553.33516729934,84867.05149319538,411.9176585748408,2026-05-23T01:00:00.000Z
2026-05-23T01:00:00.000Z,84867.05149319538,85353.7005084249,84270.89004230837,84756.90746397585,356.45454267806116,2026-05-23T02:00:00.000Z
2026-05-23T02:00:00.000Z,84756.90746397585,85026.32310077289,84672.00946792503,84941.2404648756,497.73761210857776,2026-05-23T03:00:00.000Z
2026-05-23T03:00:00.000Z,84941.2404648756,85210.53471420865,84531.56660689137,84800.41438696248,422.82944057268526,2026-05-23T04:00:00.000Z
2026-05-23T04:00:00.000Z,84800.41438696248,85457.1209224002,84537.27871540032,85192.76777833067,611.8169663994652,2026-05-23T05:00:00.000Z
2026-05-23T05:00:00.000Z,85192.76777833067,85583.5592830891,85085.32813954262,85475.76274924708,390.73076410718767,2026-05-23T06:00:00.000Z
2026-05-23T06:00:00.000Z,85475.76274924708,86179.4621890087,85062.79678193334,85765.09833129102,301.8737947577023,2026-05-23T07:00:00.000Z
2026-05-23T07:00:00.000Z,85765.09833129102,86151.87702207347,85644.37808075137,86030.78280244212,500.3726419063158,2026-05-23T08:00:00.000Z
2026-05-23T08:00:00.000Z,86030.78280244212,86388.04660138543,85386.5563990234,85742.62354640596,316.4861266578017,2026-05-23T09:00:00.000Z
2026-05-23T09:00:00.000Z,85742.62354640596,85942.15356290611,85281.3020231552,85480.22140866802,324.7692382078475,2026-05-23T10:00:00.000Z
2026-05-23T10:00:00.000Z,85480.22140866802,85848.04453154463,84870.07130441869,85236.84718307658,286.1180645349054,2026-05-23T11:00:00.000Z
2026-05-23T11:00:00.000Z,85236.84718307658,85341.59940798189,85131.64031758929,85236.39198307443,304.1829529237854,2026-05-23T12:00:00.000Z
2026-05-23T12:00:00.000Z,85236.39198307443,85571.48090780796,84922.12407528119,85257.13651460315,567.1359549589157,2026-05-23T13:00:00.000Z
2026-05-23T13:00:00.000Z,85257.13651460315,85678.19806115257,84667.4126901201,85087.6371258105,115.00925552798866,2026-05-23T14:00:00.000Z
2026-05-23T14:00:00.000Z,85087.6371258105,85506.75604275499,84635.36553617944,85054.32034357573,478.16645408895164,2026-05-23T15:00:00.000Z
2026-05-23T15:00:00.000Z,85054.32034357573,85209.30946616636,84590.3440967261,84744.76914369219,233.58857982493404,2026-05-23T16:00:00.000Z
2026-05-23T16:00:00.000Z,84744.76914369219,85125.78554335186,84031.08217226148,84410.59611453387,104.8955670580713,2026-05-23T17:00:00.000Z
2026-05-23T17:00:00.000Z,84410.59611453387,84599.4436243011,83960.80795824835,84149.07036984192,544.1557780113797,2026-05-23T18:00:00.000Z
2026-05-23T18:00:00.000Z,84149.07036984192,84441.89507807512,83906.25553929595,84198.93635762851,513.5370003122543,2026-05-23T19:00:00.000Z
2026-05-23T19:00:00.000Z,84198.93635762851,84687.1765781163,84001.98063841424,84489.54108472071,244.88046045642366,2026-05-23T20:00:00.000Z
2026-05-23T20:00:00.000Z,84489.54108472071,84863.54496408568,84013.69153922817,84387.24258103788,435.8894909433506,2026-05-23T21:00:00.000Z
2026-05-23T21:00:00.000Z,84387.24258103788,85066.33907910745,83973.14914680782,84650.95160832156,299.1606771942045,2026-05-23T22:00:00.000Z
2026-05-23T22:00:00.000Z,84650.95160832156,85407.71626757388,84158.75581455743,84913.9910532195,687.9053618702596,2026-05-23T23:00:00.000Z
2026-05-23T23:00:00.000Z,84913.9910532195,85069.160085957,84554.05971813314,84708.85388996956,455.86828745709187,2026-05-24T00:00:00.000Z
2026-05-24T00:00:00.000Z,84708.85388996956,85226.12478086865,84181.02682528622,84698.2328593288,120.63510344393323,2026-05-24T01:00:00.000Z
2026-05-24T01:00:00.000Z,84698.2328593288,84938.32338068428,84113.64561203007,84352.75682699487,209.66081251840146,2026-05-24T02:00:00.000Z
2026-05-24T02:00:00.000Z,84352.75682699487,84771.6317719012,84165.76551958622,84584.1275670035,338.2234263411832,2026-05-24T03:00:00.000Z
2026-05-24T03:00:00.000Z,84584.1275670035,85069.09818026898,83764.84764800989,84247.89041568343,442.8310691112797,2026-05-24T04:00:00.000Z
2026-05-24T04:00:00.000Z,84247.89041568343,84679.36172748847,83659.55096520473,84090.21474905407,620.0860662013692,2026-05-24T05:00:00.000Z
2026-05-24T05:00:00.000Z,84090.21474905407,84554.10874473452,83626.13006017485,84090.02299803727,587.9347418844395,2026-05-24T06:00:00.000Z
2026-05-24T06:00:00.000Z,84090.02299803727,84898.21813409631,83577.44569995486,84383.84979186012,438.02207090799794,2026-05-24T07:00:00.000Z
2026-05-24T07:00:00.000Z,84383.84979186012,84740.74404577912,84090.84174875257,84447.51493667916,334.474020281096,2026-05-24T08:00:00.000Z
2026-05-24T08:00:00.000Z,84447.51493667916,84585.1083484851,83954.28580589512,84091.29882181113,625.7239024740289,2026-05-24T09:00:00.000Z
2026-05-24T09:00:00.000Z,84091.29882181113,84391.1709515197,83734.8391038669,84034.50871833891,627.3279470053167,2026-05-24T10:00:00.000Z
2026-05-24T10:00:00.000Z,84034.50871833891,84568.1157546259,83393.42840535734,83926.34864071762,603.1170968446495,2026-05-24T11:00:00.000Z
2026-05-24T11:00:00.000Z,83926.34864071762,84184.29582726749,83337.37139674056,83594.29802749527,222.51850474743105,2026-05-24T12:00:00.000Z
2026-05-24T12:00:00.000Z,83594.29802749527,84397.62131422503,83062.94068436371,83864.54617049417,172.26980574069069,2026-05-24T13:00:00.000Z
2026-05-24T13:00:00.000Z,83864.54617049417,84092.4759469416,83492.83298013169,83720.37091239887,660.8275828700641,2026-05-24T14:00:00.000Z
2026-05-24T14:00:00.000Z,83720.37091239887,83997.80310872228,83538.455342197,83815.68044092828,384.52307604463914,2026-05-24T15:00:00.000Z
2026-05-24T15:00:00.000Z,83815.68044092828,84312.20024405875,83604.50232743702,84100.30500367789,414.0182554321449,2026-05-24T16:00:00.000Z
2026-05-24T16:00:00.000Z,84100.30500367789,84263.24154118804,83625.05640590137,83787.38669321983,600.3024998588033,2026-05-24T17:00:00.000Z
2026-05-24T17:00:00.000Z,83787.38669321983,84057.96795439311,83305.0857865355,83574.98110949072,617.9697432173275,2026-05-24T18:00:00.000Z
2026-05-24T18:00:00.000Z,83574.98110949072,83984.31519536494,82871.93629298513,83279.82476017257,343.38774291956224,2026-05-24T19:00:00.000Z
2026-05-24T19:00:00.000Z,83279.82476017257,83514.39879418367,83125.96416988313,83360.38935971883,115.73294206323705,2026-05-24T20:00:00.000Z
2026-05-24T20:00:00.000Z,83360.38935971883,83804.41403253033,83004.59433140008,83448.24402691072,487.416366202485,2026-05-24T21:00:00.000Z
2026-05-24T21:00:00.000Z,83448.24402691072,83790.14995068338,82799.66133503738,83140.30556678884,599.8569966758866,2026-05-24T22:00:00.000Z
2026-05-24T22:00:00.000Z,83140.30556678884,83402.75854799822,83056.82167423712,83319.0951270176,445.6882752225214,2026-05-24T23:00:00.000Z
2026-05-24T23:00:00.000Z,83319.0951270176,83752.23966116026,82674.25094587682,83106.28918221724,125.06844653983994,2026-05-25T00:00:00.000Z
2026-05-25T00:00:00.000Z,83106.28918221724,83254.5378996962,82674.86767537681,82822.6103538677,507.8678721598666,2026-05-25T01:00:00.000Z
2026-05-25T01:00:00.000Z,82822.6103538677,83193.20714177245,82059.64666826399,82428.47988599406,634.5621357367197,2026-05-25T02:00:00.000Z
2026-05-25T02:00:00.000Z,82428.47988599406,83128.52339274628,82017.81978554204,82716.42872623382,276.2242409289927,2026-05-25T03:00:00.000Z
2026-05-25T03:00:00.000Z,82716.42872623382,82911.84894917854,82332.43762496104,82527.41128812965,507.7996593936345,2026-05-25T04:00:00.000Z
2026-05-25T04:00:00.000Z,82527.41128812965,82881.72794879379,81847.77044701329,82200.6843641423,184.4561385384091,2026-05-25T05:00:00.000Z
2026-05-25T05:00:00.000Z,82200.6843641423,82541.98985747535,81984.3193367318,82325.29683060924,664.6476215518302,2026-05-25T06:00:00.000Z
2026-05-25T06:00:00.000Z,82325.29683060924,82584.02617386464,82164.67113165483,82423.20943665846,230.35355858986898,2026-05-25T07:00:00.000Z
2026-05-25T07:00:00.000Z,82423.20943665846,82605.12514758509,82116.70120995326,82298.34132531156,261.66066655966483,2026-05-25T08:00:00.000Z
2026-05-25T08:00:00.000Z,82298.34132531156,82742.70899713054,81703.6922529434,82147.24407926216,494.26881624118835,2026-05-25T09:00:00.000Z
2026-05-25T09:00:00.000Z,82147.24407926216,82591.38541453001,81363.91718548963,81806.21469449143,555.3878696893286,2026-05-25T10:00:00.000Z
2026-05-25T10:00:00.000Z,81806.21469449143,81955.16142162577,81352.34970688901,81500.74024866386,694.7034351503027,2026-05-25T11:00:00.000Z
2026-05-25T11:00:00.000Z,81500.74024866386,81717.76824692241,81317.17034243843,81534.1231500171,159.98941541648907,2026-05-25T12:00:00.000Z
2026-05-25T12:00:00.000Z,81534.1231500171,81988.38007461553,80879.97335293186,81333.11036051843,204.7933360118388,2026-05-25T13:00:00.000Z
2026-05-25T13:00:00.000Z,81333.11036051843,81807.6767205584,80682.78510587027,81156.3199205134,229.52374151420022,2026-05-25T14:00:00.000Z
2026-05-25T14:00:00.000Z,81156.3199205134,81672.17817495344,80277.01844345912,80790.55174610038,123.25012452120433,2026-05-25T15:00:00.000Z
2026-05-25T15:00:00.000Z,80790.55174610038,81124.54651058906,80165.24095276448,80498.02639346285,151.59129353779895,2026-05-25T16:00:00.000Z
2026-05-25T16:00:00.000Z,80498.02639346285,80810.61781593817,79811.28790419512,80122.42076797002,325.27387823223785,2026-05-25T17:00:00.000Z
2026-05-25T17:00:00.000Z,80122.42076797002,80240.07818709698,79730.90254757518,79848.15721874403,258.53381965241107,2026-05-25T18:00:00.000Z
2026-05-25T18:00:00.000Z,79848.15721874403,80478.06474607826,79304.20289761781,79933.52884279135,331.9536596685432,2026-05-25T19:00:00.000Z
2026-05-25T19:00:00.000Z,79933.52884279135,80150.41488688008,79523.75267217099,79740.11391773561,293.7788077601133,2026-05-25T20:00:00.000Z
2026-05-25T20:00:00.000Z,79740.11391773561,79957.77343796632,79086.782119862,79303.2491691152,657.8008047108542,2026-05-25T21:00:00.000Z
2026-05-25T21:00:00.000Z,79303.2491691152,79565.5675376185,79221.48837673955,79483.62078405822,583.526343332383,2026-05-25T22:00:00.000Z
2026-05-25T22:00:00.000Z,79483.62078405822,79905.57896355563,78849.17678697762,79270.0009133094,405.71435480644664,2026-05-25T23:00:00.000Z
2026-05-25T23:00:00.000Z,79270.0009133094,79584.5643799478,78877.89539480383,79192.14992899331,443.8285340293444,2026-05-26T00:00:00.000Z
2026-05-26T00:00:00.000Z,79192.14992899331,79400.6185258444,78652.06126081388,78859.65458356035,542.198586297314,2026-05-26T01:00:00.000Z
2026-05-26T01:00:00.000Z,78859.65458356035,79419.1640763152,78329.88981778298,78889.20082428551,435.83329000316246,2026-05-26T02:00:00.000Z
2026-05-26T02:00:00.000Z,78889.20082428551,79296.37365380742,78180.57632300428,78586.1851902626,439.4617653169957,2026-05-26T03:00:00.000Z
2026-05-26T03:00:00.000Z,78586.1851902626,78881.09236449383,78441.66683073582,78736.29795072378,172.331912849253,2026-05-26T04:00:00.000Z
2026-05-26T04:00:00.000Z,78736.29795072378,79202.99872848758,77889.88745671236,78354.32412649175,365.0700232317066,2026-05-26T05:00:00.000Z
2026-05-26T05:00:00.000Z,78354.32412649175,78444.28437499124,77825.61225263172,77915.06818213736,647.0403987667712,2026-05-26T06:00:00.000Z
2026-05-26T06:00:00.000Z,77915.06818213736,78035.60510824648,77679.45962006818,77799.8182511088,292.85030774439235,2026-05-26T07:00:00.000Z
2026-05-26T07:00:00.000Z,77799.8182511088,78266.48011918618,76903.36462036493,77367.43293819517,639.5106912308888,2026-05-26T08:00:00.000Z
2026-05-26T08:00:00.000Z,77367.43293819517,77633.27318645471,77043.23444486286,77308.8734784676,610.0821717223535,2026-05-26T09:00:00.000Z
2026-05-26T09:00:00.000Z,77308.8734784676,77593.16338443609,76729.82919525368,77013.0311927869,481.2754684971997,2026-05-26T10:00:00.000Z
2026-05-26T10:00:00.000Z,77013.0311927869,77322.11385841845,76348.25473647953,76655.90411494554,690.0902776001442,2026-05-26T11:00:00.000Z
2026-05-26T11:00:00.000Z,76655.90411494554,76807.36073190244,76321.77702622347,76472.8720086274,324.4641947673932,2026-05-26T12:00:00.000Z
2026-05-26T12:00:00.000Z,76472.8720086274,76785.26668003132,76118.28255633957,76430.50415339878,525.196895387581,2026-05-26T13:00:00.000Z
2026-05-26T13:00:00.000Z,76430.50415339878,76735.18205627987,75986.13515882626,76290.25397695303,240.0317300763129,2026-05-26T14:00:00.000Z
2026-05-26T14:00:00.000Z,76290.25397695303,76687.88432963878,75786.39606600073,76183.46985206062,530.6454115689944,2026-05-26T15:00:00.000Z
2026-05-26T15:00:00.000Z,76183.46985206062,76612.88496017427,75358.25349669954,75785.4249884688,619.543742537286,2026-05-26T16:00:00.000Z
2026-05-26T16:00:00.000Z,75785.4249884688,75891.23035276747,75413.33461126473,75518.76769062145,454.820353703024,2026-05-26T17:00:00.000Z
2026-05-26T17:00:00.000Z,75518.76769062145,76019.10201989376,74635.71393979245,75133.49572755591,338.0977634517931,2026-05-26T18:00:00.000Z
2026-05-26T18:00:00.000Z,75133.49572755591,75522.22768990915,74635.46637933458,75023.62990872814,546.188839639625,2026-05-26T19:00:00.000Z
2026-05-26T19:00:00.000Z,75023.62990872814,75382.4110132713,74540.81545823859,74899.00055513463,513.0227540680313,2026-05-26T20:00:00.000Z
2026-05-26T20:00:00.000Z,74899.00055513463,75047.32522699711,74601.4294435361,74749.45797186624,139.15207955946778,2026-05-26T21:00:00.000Z
2026-05-26T21:00:00.000Z,74749.45797186624,74866.04981251611,74657.94335516561,74774.50453169583,255.27218475717686,2026-05-26T22:00:00.000Z
2026-05-26T22:00:00.000Z,74774.50453169583,74888.20480506895,74496.294352619,74609.74409532295,231.10253975312344,2026-05-26T23:00:00.000Z
2026-05-26T23:00:00.000Z,74609.74409532295,74953.9158169029,74080.56884437884,74423.88319717854,400.8911484390922,2026-05-27T00:00:00.000Z
2026-05-27T00:00:00.000Z,74423.88319717854,74555.78354438685,74148.21687204334,74279.86197256584,279.7467376942499,2026-05-27T01:00:00.000Z
2026-05-27T01:00:00.000Z,74279.86197256584,74715.97457200325,73398.43928937498,73831.92193922518,141.08634145980997,2026-05-27T02:00:00.000Z
2026-05-27T02:00:00.000Z,73831.92193922518,74151.0437673572,73658.89030167558,73977.67055503881,469.0635605571156,2026-05-27T03:00:00.000Z
2026-05-27T03:00:00.000Z,73977.67055503881,74469.76840170076,73094.85867516122,73584.34009621307,179.64357886446805,2026-05-27T04:00:00.000Z
2026-05-27T04:00:00.000Z,73584.34009621307,73964.32886539875,73384.93260227823,73764.43333364089,558.4103635784287,2026-05-27T05:00:00.000Z
2026-05-27T05:00:00.000Z,73764.43333364089,74089.73486536248,73546.09269597636,73871.07856083984,224.49384467885542,2026-05-27T06:00:00.000Z
2026-05-27T06:00:00.000Z,73871.07856083984,74073.94849683196,73405.000276078,73607.14538026186,456.1954230797455,2026-05-27T07:00:00.000Z
2026-05-27T07:00:00.000Z,73607.14538026186,73995.13709237754,73186.00282112703,73573.81886535735,162.61504267464161,2026-05-27T08:00:00.000Z
2026-05-27T08:00:00.000Z,73573.81886535735,73955.05677139421,73374.6802775673,73755.42663490766,466.90532442503854,2026-05-27T09:00:00.000Z
2026-05-27T09:00:00.000Z,73755.42663490766,74253.00201137309,73477.81965327507,73974.57019845693,162.37751378788496,2026-05-27T10:00:00.000Z
2026-05-27T10:00:00.000Z,73974.57019845693,74299.49146987099,73648.40525235959,73973.32103703522,401.470053243204,2026-05-27T11:00:00.000Z
2026-05-27T11:00:00.000Z,73973.32103703522,74712.69543534935,73488.11721209972,74225.83532546034,202.3989299789066,2026-05-27T12:00:00.000Z
2026-05-27T12:00:00.000Z,74225.83532546034,74523.90121883916,73971.14777255712,74269.06533288243,305.39469924075286,2026-05-27T13:00:00.000Z
2026-05-27T13:00:00.000Z,74269.06533288243,74450.73768613489,74186.39512601876,74367.95740076584,616.8206102758742,2026-05-27T14:00:00.000Z
2026-05-27T14:00:00.000Z,74367.95740076584,74870.69187480061,73670.47249900174,74171.88148114774,692.0518184043708,2026-05-27T15:00:00.000Z
2026-05-27T15:00:00.000Z,74171.88148114774,74303.25793661438,74079.40588248633,74210.73389775684,253.6350778088137,2026-05-27T16:00:00.000Z
2026-05-27T16:00:00.000Z,74210.73389775684,74512.77722583678,74092.6059769014,74394.3570154973,521.8322203596273,2026-05-27T17:00:00.000Z
2026-05-27T17:00:00.000Z,74394.3570154973,74529.98431124844,74207.65088524739,74343.18488982294,460.30125979348145,2026-05-27T18:00:00.000Z
2026-05-27T18:00:00.000Z,74343.18488982294,74700.84077479148,74212.95246140927,74570.21064864764,605.8846313999429,2026-05-27T19:00:00.000Z
2026-05-27T19:00:00.000Z,74570.21064864764,75209.10903305926,74182.46637563757,74820.06558415196,170.69536748840258,2026-05-27T20:00:00.000Z
2026-05-27T20:00:00.000Z,74820.06558415196,74995.46852574308,74641.35003548302,74816.74519298074,515.8182710482824,2026-05-27T21:00:00.000Z
2026-05-27T21:00:00.000Z,74816.74519298074,75394.31389094904,74552.55749331077,75129.02349580273,171.22922179812065,2026-05-27T22:00:00.000Z
2026-05-27T22:00:00.000Z,75129.02349580273,75477.24678583964,74746.6303037464,75094.69447866728,250.45364040436857,2026-05-27T23:00:00.000Z
2026-05-27T23:00:00.000Z,75094.69447866728,75529.04195836434,74767.14608264739,75201.02974865738,685.2644312126862,2026-05-28T00:00:00.000Z
2026-05-28T00:00:00.000Z,75201.02974865738,75680.54678900698,74675.90398467529,75155.12833608729,331.5687459109206,2026-05-28T01:00:00.000Z
2026-05-28T01:00:00.000Z,75155.12833608729,75875.1548372827,74657.74792832961,75376.31063398698,156.87368207465562,2026-05-28T02:00:00.000Z
2026-05-28T02:00:00.000Z,75376.31063398698,75531.27316229834,75104.06570211017,75258.78661845576,470.2187505412003,2026-05-28T03:00:00.000Z
2026-05-28T03:00:00.000Z,75258.78661845576,75540.10822209973,75075.46040337288,75356.54387577946,291.6474230548588,2026-05-28T04:00:00.000Z
2026-05-28T04:00:00.000Z,75356.54387577946,75586.49213057585,75169.93878817376,75399.77997759597,310.2284718352503,2026-05-28T05:00:00.000Z
2026-05-28T05:00:00.000Z,75399.77997759597,76250.1281019599,74925.85330134677,75773.85020058093,470.1472696709201,2026-05-28T06:00:00.000Z
2026-05-28T06:00:00.000Z,75773.85020058093,76224.99547352809,75420.01412526559,75870.70711197807,252.26919667435308,2026-05-28T07:00:00.000Z
2026-05-28T07:00:00.000Z,75870.70711197807,75990.74953947868,75760.225815646,75880.25434067695,599.2903646544044,2026-05-28T08:00:00.000Z
2026-05-28T08:00:00.000Z,75880.25434067695,76465.74123410188,75744.38797699717,76329.07124737679,354.665726355587,2026-05-28T09:00:00.000Z
2026-05-28T09:00:00.000Z,76329.07124737679,76821.98122565188,76051.18740028128,76543.31739339072,561.4912773768842,2026-05-28T10:00:00.000Z
2026-05-28T10:00:00.000Z,76543.31739339072,76687.49702497115,76289.08645300358,76433.05839693695,224.46448985695116,2026-05-28T11:00:00.000Z
2026-05-28T11:00:00.000Z,76433.05839693695,76743.75717104394,76231.27492769259,76541.6869222156,652.2895703801371,2026-05-28T12:00:00.000Z
2026-05-28T12:00:00.000Z,76541.6869222156,77032.04222718436,76225.39198523,76715.03097665799,194.4681061871667,2026-05-28T13:00:00.000Z
2026-05-28T13:00:00.000Z,76715.03097665799,76958.81473854971,76408.71245927813,76652.29686574548,300.77779023012977,2026-05-28T14:00:00.000Z
2026-05-28T14:00:00.000Z,76652.29686574548,77103.72191694645,76077.89196596475,76528.58846665022,473.6987220000935,2026-05-28T15:00:00.000Z
2026-05-28T15:00:00.000Z,76528.58846665022,77150.43361480146,76338.82955660901,76959.60596154051,433.45848141864803,2026-05-28T16:00:00.000Z
2026-05-28T16:00:00.000Z,76959.60596154051,77619.53098876044,76597.97702528098,77256.50693124856,316.43836545592103,2026-05-28T17:00:00.000Z
2026-05-28T17:00:00.000Z,77256.50693124856,77973.35376040102,76889.29572401628,77604.48854686892,207.0508535518548,2026-05-28T18:00:00.000Z
2026-05-28T18:00:00.000Z,77604.48854686892,78030.95992769307,77439.4061737883,77865.32270112431,430.62946308899177,2026-05-28T19:00:00.000Z
2026-05-28T19:00:00.000Z,77865.32270112431,78159.15730964366,77699.62586410897,77993.18837540895,517.3033526247848,2026-05-28T20:00:00.000Z
2026-05-28T20:00:00.000Z,77993.18837540895,78147.21507912848,77883.04568887495,78037.01050658419,499.75188430387146,2026-05-28T21:00:00.000Z
2026-05-28T21:00:00.000Z,78037.01050658419,78766.3677495521,77602.37924815014,78330.1040908946,147.56462473774545,2026-05-28T22:00:00.000Z
2026-05-28T22:00:00.000Z,78330.1040908946,78780.24715227121,77925.6182402742,78375.52674533009,502.92024705695,2026-05-28T23:00:00.000Z
2026-05-28T23:00:00.000Z,78375.52674533009,78976.26244625896,77893.86722759396,78493.87561146158,400.1379506197469,2026-05-29T00:00:00.000Z
2026-05-29T00:00:00.000Z,78493.87561146158,78881.4276816141,78151.90706411924,78539.26140529146,383.20271534994373,2026-05-29T01:00:00.000Z
2026-05-29T01:00:00.000Z,78539.26140529146,79523.97723871352,78039.78981654462,79021.43923297546,636.3843818830254,2026-05-29T02:00:00.000Z
2026-05-29T02:00:00.000Z,79021.43923297546,79441.92706745848,78403.48659860746,78822.91806488356,318.5509570960659,2026-05-29T03:00:00.000Z
2026-05-29T03:00:00.000Z,78822.91806488356,79403.38880253342,78724.46862239449,79304.33806879363,386.1511037154827,2026-05-29T04:00:00.000Z
2026-05-29T04:00:00.000Z,79304.33806879363,79952.84316419995,78849.40413721032,79496.80513414144,632.9585449457907,2026-05-29T05:00:00.000Z
2026-05-29T05:00:00.000Z,79496.80513414144,79966.02700964855,78855.01555952545,79323.21282392732,362.2610379300364,2026-05-29T06:00:00.000Z
2026-05-29T06:00:00.000Z,79323.21282392732,79921.8096006168,78774.06973139361,79372.32650122161,642.2294095820884,2026-05-29T07:00:00.000Z
2026-05-29T07:00:00.000Z,79372.32650122161,80002.33719831317,79065.29575790897,79694.0619071187,341.1226847400529,2026-05-29T08:00:00.000Z
2026-05-29T08:00:00.000Z,79694.0619071187,80101.6929987034,79249.52652997401,79656.96788752663,495.4027874373844,2026-05-29T09:00:00.000Z
2026-05-29T09:00:00.000Z,79656.96788752663,80351.46127517575,79388.78739057512,80081.850329796,399.67525280065615,2026-05-29T10:00:00.000Z
2026-05-29T10:00:00.000Z,80081.850329796,80279.77300004105,79958.52164640042,80156.32961609495,533.2781313142173,2026-05-29T11:00:00.000Z
2026-05-29T11:00:00.000Z,80156.32961609495,80684.71216127544,79892.4243644944,80419.93900687879,306.31808350156905,2026-05-29T12:00:00.000Z
2026-05-29T12:00:00.000Z,80419.93900687879,80508.64903920215,80212.46207781578,80301.04095547635,555.0410891208057,2026-05-29T13:00:00.000Z
2026-05-29T13:00:00.000Z,80301.04095547635,80666.11422130697,79922.68126192987,80287.69384769746,579.8749896138324,2026-05-29T14:00:00.000Z
2026-05-29T14:00:00.000Z,80287.69384769746,80512.53128959979,79789.8487595318,80013.91952455597,227.7594430967045,2026-05-29T15:00:00.000Z
2026-05-29T15:00:00.000Z,80013.91952455597,80374.8591946326,79853.21721549005,80213.75552905837,567.3069382399818,2026-05-29T16:00:00.000Z
2026-05-29T16:00:00.000Z,80213.75552905837,80405.2791031505,79712.00170702608,79902.78278238475,148.51305216947247,2026-05-29T17:00:00.000Z
2026-05-29T17:00:00.000Z,79902.78278238475,80704.10976799032,79430.30026818864,80229.69415581864,544.2473103498329,2026-05-29T18:00:00.000Z
2026-05-29T18:00:00.000Z,80229.69415581864,80316.86317719448,79875.94866489284,79962.82773770601,269.2100092625292,2026-05-29T19:00:00.000Z
2026-05-29T19:00:00.000Z,79962.82773770601,80555.0291809195,79643.19612952758,80234.31238009223,582.1736924732912,2026-05-29T20:00:00.000Z
2026-05-29T20:00:00.000Z,80234.31238009223,80517.17908948891,79959.39562329349,80242.2351858002,590.4656399462677,2026-05-29T21:00:00.000Z
2026-05-29T21:00:00.000Z,80242.2351858002,80824.23203137034,79865.28417793149,80446.32229098608,562.8031170288116,2026-05-29T22:00:00.000Z
2026-05-29T22:00:00.000Z,80446.32229098608,81244.05831158388,79947.00027169586,80742.89549303894,331.4285809320531,2026-05-29T23:00:00.000Z
2026-05-29T23:00:00.000Z,80742.89549303894,81167.2712465168,80480.88613355899,80904.73671495041,443.6823326832067,2026-05-30T00:00:00.000Z
2026-05-30T00:00:00.000Z,80904.73671495041,81391.4512358504,80155.84392968024,80640.97166735861,317.215622690141,2026-05-30T01:00:00.000Z
2026-05-30T01:00:00.000Z,80640.97166735861,80875.4379264525,80474.78059522403,80709.10643698194,514.8977911169166,2026-05-30T02:00:00.000Z
2026-05-30T02:00:00.000Z,80709.10643698194,81523.93760837095,80260.92798603584,81073.73437494833,543.403273375427,2026-05-30T03:00:00.000Z
2026-05-30T03:00:00.000Z,81073.73437494833,81198.70046896378,80939.23585485306,81064.18723301702,411.07559749441015,2026-05-30T04:00:00.000Z
2026-05-30T04:00:00.000Z,81064.18723301702,81390.13511933458,80934.43809417142,81260.07245192188,282.8232688749317,2026-05-30T05:00:00.000Z
2026-05-30T05:00:00.000Z,81260.07245192188,81502.58525034407,80803.97151545642,81045.84497276184,486.0066158631847,2026-05-30T06:00:00.000Z
2026-05-30T06:00:00.000Z,81045.84497276184,81387.86642930532,80858.14242548023,81199.80730455974,308.8796624023838,2026-05-30T07:00:00.000Z
2026-05-30T07:00:00.000Z,81199.80730455974,81320.10425833416,80780.65935294316,80900.5129041302,545.4434705178455,2026-05-30T08:00:00.000Z
2026-05-30T08:00:00.000Z,80900.5129041302,81445.22900918781,80455.59843927744,80999.76868460108,653.1554746223406,2026-05-30T09:00:00.000Z
2026-05-30T09:00:00.000Z,80999.76868460108,81507.77343358682,80732.74577871455,81239.95871999199,176.29066783762102,2026-05-30T10:00:00.000Z
2026-05-30T10:00:00.000Z,81239.95871999199,81478.64845372029,80674.5884223887,80912.31551321298,635.9345064200156,2026-05-30T11:00:00.000Z
2026-05-30T11:00:00.000Z,80912.31551321298,81437.18237888388,80344.75343552211,80869.34153501136,465.65727105627644,2026-05-30T12:00:00.000Z
2026-05-30T12:00:00.000Z,80869.34153501136,81487.25052761214,80391.98423013947,81009.0684397336,472.44769836424274,2026-05-30T13:00:00.000Z
2026-05-30T13:00:00.000Z,81009.0684397336,81494.4165484534,80818.76487726987,81303.42150246151,239.42051275606292,2026-05-30T14:00:00.000Z
2026-05-30T14:00:00.000Z,81303.42150246151,81593.24913190461,80957.58168094698,81247.2089257377,301.3229126116833,2026-05-30T15:00:00.000Z
2026-05-30T15:00:00.000Z,81247.2089257377,81384.83396887958,81045.76634800454,81183.28310689035,545.9205667702112,2026-05-30T16:00:00.000Z
2026-05-30T16:00:00.000Z,81183.28310689035,82065.71068719777,80669.6880149984,81549.7968952532,121.884457963465,2026-05-30T17:00:00.000Z
2026-05-30T17:00:00.000Z,81549.7968952532,81886.1570304107,80879.62884139719,81214.60645069285,411.98190530388706,2026-05-30T18:00:00.000Z
2026-05-30T18:00:00.000Z,81214.60645069285,81607.8556270721,80571.0569362135,80963.08823646292,316.031404778376,2026-05-30T19:00:00.000Z
2026-05-30T19:00:00.000Z,80963.08823646292,81413.72193184633,80455.89844558234,80906.21559264469,633.9242751402428,2026-05-30T20:00:00.000Z
2026-05-30T20:00:00.000Z,80906.21559264469,81446.17120703906,80099.83709688301,80638.00269976463,332.78703095055516,2026-05-30T21:00:00.000Z
2026-05-30T21:00:00.000Z,80638.00269976463,81348.4590237449,80128.58924031646,80837.78349156582,465.3715356091836,2026-05-30T22:00:00.000Z
2026-05-30T22:00:00.000Z,80837.78349156582,81459.40285685137,80353.79433643007,80974.59459107695,628.363895196637,2026-05-30T23:00:00.000Z
2026-05-30T23:00:00.000Z,80974.59459107695,81102.76115181431,80755.91445047353,80883.93751922844,411.38752331556174,2026-05-31T00:00:00.000Z
2026-05-31T00:00:00.000Z,80883.93751922844,81117.87645609031,80654.18135592165,80888.10844499359,539.2854161743473,2026-05-31T01:00:00.000Z
2026-05-31T01:00:00.000Z,80888.10844499359,81224.53613358064,80290.30027262279,80625.63629395752,323.139930620389,2026-05-31T02:00:00.000Z
2026-05-31T02:00:00.000Z,80625.63629395752,80950.7256649135,80332.29030504065,80657.2646004787,410.3891897529314,2026-05-31T03:00:00.000Z
2026-05-31T03:00:00.000Z,80657.2646004787,81110.85486373052,80152.89604084313,80606.19912846347,511.0048734634206,2026-05-31T04:00:00.000Z
2026-05-31T04:00:00.000Z,80606.19912846347,81398.32137261292,80064.69214174386,80855.1420045116,628.7752060819302,2026-05-31T05:00:00.000Z
2026-05-31T05:00:00.000Z,80855.1420045116,81146.98807356905,80771.84540793662,81063.47685139003,449.4340477275821,2026-05-31T06:00:00.000Z
2026-05-31T06:00:00.000Z,81063.47685139003,81501.97078373107,80365.03275679113,80802.11290193205,153.846525332819,2026-05-31T07:00:00.000Z
2026-05-31T07:00:00.000Z,80802.11290193205,81247.47221072017,80170.40324110546,80614.72974480545,162.09507326693046,2026-05-31T08:00:00.000Z
2026-05-31T08:00:00.000Z,80614.72974480545,81084.51161593574,79999.09240219167,80468.01931916545,469.52503769170727,2026-05-31T09:00:00.000Z
2026-05-31T09:00:00.000Z,80468.01931916545,80897.47665358504,79624.20827043345,80051.44233600309,485.7765608400929,2026-05-31T10:00:00.000Z
2026-05-31T10:00:00.000Z,80051.44233600309,80196.8708946931,79658.67837805829,79803.65678751764,508.8656215038456,2026-05-31T11:00:00.000Z
2026-05-31T11:00:00.000Z,79803.65678751764,79916.849132195,79274.57384369543,79387.17545731887,680.4054525589596,2026-05-31T12:00:00.000Z
2026-05-31T12:00:00.000Z,79387.17545731887,79571.79017059259,78871.91821200962,79055.76222449193,664.3937982453004,2026-05-31T13:00:00.000Z
2026-05-31T13:00:00.000Z,79055.76222449193,79224.37870563864,78902.87074708188,79071.4568752439,223.4840388053488,2026-05-31T14:00:00.000Z
2026-05-31T14:00:00.000Z,79071.4568752439,79764.08305709707,78668.93052225171,79360.08738268206,481.8340902132141,2026-05-31T15:00:00.000Z
2026-05-31T15:00:00.000Z,79360.08738268206,79684.36102146319,79193.69617222944,79517.63947765717,658.3604275055045,2026-05-31T16:00:00.000Z
2026-05-31T16:00:00.000Z,79517.63947765717,80079.8532424439,78967.88326908297,79530.01149819301,152.1181481201752,2026-05-31T17:00:00.000Z
2026-05-31T17:00:00.000Z,79530.01149819301,80057.8979018302,79237.60718935814,79764.63097842176,551.8270762878597,2026-05-31T18:00:00.000Z
2026-05-31T18:00:00.000Z,79764.63097842176,80226.75146951101,79188.79834586737,79650.2562008013,421.87198247847704,2026-05-31T19:00:00.000Z
2026-05-31T19:00:00.000Z,79650.2562008013,80045.90406744945,78956.86598226253,79351.02748579801,165.35551038820086,2026-05-31T20:00:00.000Z
2026-05-31T20:00:00.000Z,79351.02748579801,79895.57148463791,78898.3861110799,79442.4088440342,402.36640754266006,2026-05-31T21:00:00.000Z
2026-05-31T21:00:00.000Z,79442.4088440342,79870.57726416118,79156.53661698631,79584.19482255618,571.8451470471198,2026-05-31T22:00:00.000Z
2026-05-31T22:00:00.000Z,79584.19482255618,79665.0338738299,79203.4634301639,79283.99755075759,200.7045955866131,2026-05-31T23:00:00.000Z
2026-05-31T23:00:00.000Z,79283.99755075759,79678.82199564767,79114.50990076666,79508.85366436596,680.0532212388018,2026-06-01T00:00:00.000Z
2026-06-01T00:00:00.000Z,79508.85366436596,79829.02201043678,78952.84431801594,79272.05913363361,487.0269309668927,2026-06-01T01:00:00.000Z
2026-06-01T01:00:00.000Z,79272.05913363361,79584.84989701453,78732.54171836944,79044.43432243372,486.3944216567997,2026-06-01T02:00:00.000Z
2026-06-01T02:00:00.000Z,79044.43432243372,79178.58496950447,78883.90615089399,79018.01195511523,608.1988125612022,2026-06-01T03:00:00.000Z
2026-06-01T03:00:00.000Z,79018.01195511523,79507.71022597961,78462.50633440487,78951.79423423338,400.9481339254175,2026-06-01T04:00:00.000Z
2026-06-01T04:00:00.000Z,78951.79423423338,79241.28492743235,78225.31799077461,78513.200502619,583.2924837634398,2026-06-01T05:00:00.000Z
2026-06-01T05:00:00.000Z,78513.200502619,78926.72021237732,78206.28759973915,78619.39219965872,559.0969160474357,2026-06-01T06:00:00.000Z
2026-06-01T06:00:00.000Z,78619.39219965872,79071.95017812347,77740.27500459693,78190.36335794916,238.44637830669356,2026-06-01T07:00:00.000Z
2026-06-01T07:00:00.000Z,78190.36335794916,78569.84579437385,77416.92934120196,77794.49048199598,565.9419436314804,2026-06-01T08:00:00.000Z
2026-06-01T08:00:00.000Z,77794.49048199598,78235.44623261546,77446.868604712,77887.40915160479,547.3835913685074,2026-06-01T09:00:00.000Z
2026-06-01T09:00:00.000Z,77887.40915160479,78296.60943177117,77676.85348617299,78085.51821142269,293.11070833034375,2026-06-01T10:00:00.000Z
2026-06-01T10:00:00.000Z,78085.51821142269,78335.53261198537,77608.17719752523,77857.46140525583,469.31408698172964,2026-06-01T11:00:00.000Z
2026-06-01T11:00:00.000Z,77857.46140525583,78308.54553401635,77007.05719088786,77455.81428976725,100.83195781373976,2026-06-01T12:00:00.000Z
2026-06-01T12:00:00.000Z,77455.81428976725,77603.44014055621,77048.92465890225,77196.05542583417,507.1977370452125,2026-06-01T13:00:00.000Z
2026-06-01T13:00:00.000Z,77196.05542583417,77399.91703288649,76722.07951962046,76925.22591215058,241.84891020033925,2026-06-01T14:00:00.000Z
2026-06-01T14:00:00.000Z,76925.22591215058,77332.32918129412,76343.82234867578,76749.99827907677,191.55090353058227,2026-06-01T15:00:00.000Z
2026-06-01T15:00:00.000Z,76749.99827907677,77034.72251175855,76338.48779588375,76622.73993037008,397.11528629861556,2026-06-01T16:00:00.000Z
2026-06-01T16:00:00.000Z,76622.73993037008,76771.28135514457,76485.6559418232,76634.17690496847,301.8643824392298,2026-06-01T17:00:00.000Z
2026-06-01T17:00:00.000Z,76634.17690496847,77089.19437608613,76096.94061442385,76551.46699323264,601.1161781387013,2026-06-01T18:00:00.000Z
2026-06-01T18:00:00.000Z,76551.46699323264,76932.43150371463,75774.9960548033,76153.98245160868,138.2447142332069,2026-06-01T19:00:00.000Z
2026-06-01T19:00:00.000Z,76153.98245160868,76516.4441606745,75533.03457490068,75894.26011219983,242.37734393327372,2026-06-01T20:00:00.000Z
2026-06-01T20:00:00.000Z,75894.26011219983,76030.49800251007,75451.09024419326,75586.77616965695,226.8727293828841,2026-06-01T21:00:00.000Z
2026-06-01T21:00:00.000Z,75586.77616965695,75994.65124792153,75342.07169042095,75749.42022514294,294.84612494467115,2026-06-01T22:00:00.000Z
2026-06-01T22:00:00.000Z,75749.42022514294,76370.90391810596,75324.8969278495,75945.28294524606,365.2377062780958,2026-06-01T23:00:00.000Z
2026-06-01T23:00:00.000Z,75945.28294524606,76469.84993763886,75470.55355423519,75994.81095005204,554.5047347687672,2026-06-02T00:00:00.000Z
2026-06-02T00:00:00.000Z,75994.81095005204,76166.16897951183,75658.04722186942,75829.03144093805,151.38581956335614,2026-06-02T01:00:00.000Z
2026-06-02T01:00:00.000Z,75829.03144093805,76341.80865805465,75129.8546759157,75641.36282512083,165.64467543067627,2026-06-02T02:00:00.000Z
2026-06-02T02:00:00.000Z,75641.36282512083,75991.8814998298,75385.8429238892,75736.0417688984,279.648177129984,2026-06-02T03:00:00.000Z
2026-06-02T03:00:00.000Z,75736.0417688984,75938.39963515123,75239.95426085338,75441.52521323551,234.28544287303717,2026-06-02T04:00:00.000Z
2026-06-02T04:00:00.000Z,75441.52521323551,75601.94139229655,75200.71980598208,75360.96468399577,180.77107867261913,2026-06-02T05:00:00.000Z
2026-06-02T05:00:00.000Z,75360.96468399577,75556.93836454647,75066.79867543899,75262.51634435894,204.41413787399148,2026-06-02T06:00:00.000Z
2026-06-02T06:00:00.000Z,75262.51634435894,75577.2161739131,75040.43467092565,75354.8620105197,343.4643021055797,2026-06-02T07:00:00.000Z
2026-06-02T07:00:00.000Z,75354.8620105197,75812.60995179544,75008.31642361572,75465.555303219,684.5128985981052,2026-06-02T08:00:00.000Z
2026-06-02T08:00:00.000Z,75465.555303219,75673.24518889234,74921.78652521342,75128.5489305983,679.6568930054348,2026-06-02T09:00:00.000Z
2026-06-02T09:00:00.000Z,75128.5489305983,75343.62435954639,74562.28169324453,74776.34885591813,650.2220317489571,2026-06-02T10:00:00.000Z
2026-06-02T10:00:00.000Z,74776.34885591813,75167.85728376948,74356.97469578811,74748.33645841881,683.6534188052888,2026-06-02T11:00:00.000Z
2026-06-02T11:00:00.000Z,74748.33645841881,74828.11179957908,74284.64609144557,74364.01126061777,331.1014629113961,2026-06-02T12:00:00.000Z
2026-06-02T12:00:00.000Z,74364.01126061777,74795.44214830053,73839.06363821079,74269.9488123844,163.5835724247543,2026-06-02T13:00:00.000Z
2026-06-02T13:00:00.000Z,74269.9488123844,74532.1157938238,73611.90561273917,73872.67023255413,536.6283539853191,2026-06-02T14:00:00.000Z
2026-06-02T14:00:00.000Z,73872.67023255413,74258.01109063553,73494.10002031566,73879.40635823525,568.147844294155,2026-06-02T15:00:00.000Z
2026-06-02T15:00:00.000Z,73879.40635823525,74016.67772846989,73691.43890720965,73828.61590642457,418.70315341218526,2026-06-02T16:00:00.000Z
2026-06-02T16:00:00.000Z,73828.61590642457,73915.13729912663,73562.27213304499,73648.58254065205,449.6125383999257,2026-06-02T17:00:00.000Z
2026-06-02T17:00:00.000Z,73648.58254065205,74044.84216619264,72957.6366518011,73352.30216723427,256.35475029999145,2026-06-02T18:00:00.000Z
2026-06-02T18:00:00.000Z,73352.30216723427,73642.05249608678,73115.1373680259,73404.71822375822,488.1779110004091,2026-06-02T19:00:00.000Z
2026-06-02T19:00:00.000Z,73404.71822375822,73820.2919934339,72879.1781943409,73294.12585593655,321.8013649907901,2026-06-02T20:00:00.000Z
2026-06-02T20:00:00.000Z,73294.12585593655,73517.16963653857,72643.63798606425,72865.37702691206,193.8051658188017,2026-06-02T21:00:00.000Z
2026-06-02T21:00:00.000Z,72865.37702691206,73063.68182420818,72641.73972724949,72839.97539341656,263.65567127412913,2026-06-02T22:00:00.000Z
2026-06-02T22:00:00.000Z,72839.97539341656,72980.86376921282,72431.53948708638,72571.90936480279,639.8296653944205,2026-06-02T23:00:00.000Z
2026-06-02T23:00:00.000Z,72571.90936480279,73043.5365226847,72003.57371018417,72474.56827201982,659.8221274837023,2026-06-03T00:00:00.000Z
2026-06-03T00:00:00.000Z,72474.56827201982,72878.01140573005,71988.82724601417,72391.80968871254,128.44488249553595,2026-06-03T01:00:00.000Z
2026-06-03T01:00:00.000Z,72391.80968871254,72976.72981103501,72127.07120574551,72710.82468302896,557.8578290798971,2026-06-03T02:00:00.000Z
2026-06-03T02:00:00.000Z,72710.82468302896,73024.18250620671,72437.473162821,72750.68114826264,480.11649268684744,2026-06-03T03:00:00.000Z
2026-06-03T03:00:00.000Z,72750.68114826264,73463.94276838652,72299.10027302032,73010.7475984962,306.8169877896164,2026-06-03T04:00:00.000Z
2026-06-03T04:00:00.000Z,73010.7475984962,73173.78196023712,72840.18894476014,73003.20646701376,634.4612391360389,2026-06-03T05:00:00.000Z
2026-06-03T05:00:00.000Z,73003.20646701376,73226.45110480188,72681.82549589332,72904.76911112471,599.7640187385325,2026-06-03T06:00:00.000Z
2026-06-03T06:00:00.000Z,72904.76911112471,73294.3777518911,72464.99328535094,72854.33238842843,388.853044011096,2026-06-03T07:00:00.000Z
2026-06-03T07:00:00.000Z,72854.33238842843,73314.36546662694,72365.10571162356,72824.95327768703,450.87717759929467,2026-06-03T08:00:00.000Z
2026-06-03T08:00:00.000Z,72824.95327768703,73503.91887864846,72380.15449827306,73057.69854240539,545.5294439781129,2026-06-03T09:00:00.000Z
2026-06-03T09:00:00.000Z,73057.69854240539,73294.80655902677,72638.80086249945,72875.31696155752,694.7342481439628,2026-06-03T10:00:00.000Z
2026-06-03T10:00:00.000Z,72875.31696155752,73394.30830947804,72486.67752267241,73004.97739970776,266.40118964314513,2026-06-03T11:00:00.000Z
2026-06-03T11:00:00.000Z,73004.97739970776,73281.1870963522,72646.76972910472,72922.66801341221,621.7363402814308,2026-06-03T12:00:00.000Z
2026-06-03T12:00:00.000Z,72922.66801341221,73578.94345352688,72533.73795880638,73188.59508779261,544.4165124764743,2026-06-03T13:00:00.000Z
2026-06-03T13:00:00.000Z,73188.59508779261,73639.29488400213,73099.66825113106,73549.92901332253,312.35640990191905,2026-06-03T14:00:00.000Z
2026-06-03T14:00:00.000Z,73549.92901332253,73848.19989300043,73355.9111813419,73653.90777477453,129.36684378858973,2026-06-03T15:00:00.000Z
2026-06-03T15:00:00.000Z,73653.90777477453,74166.47056995705,73350.80280071855,73862.50715523292,317.334744342293,2026-06-03T16:00:00.000Z
2026-06-03T16:00:00.000Z,73862.50715523292,74657.55896016034,73475.14221056504,74268.06709468305,272.45808251782233,2026-06-03T17:00:00.000Z
2026-06-03T17:00:00.000Z,74268.06709468305,75002.8633408793,73895.77285690368,74628.76100080102,486.98439755802247,2026-06-03T18:00:00.000Z
2026-06-03T18:00:00.000Z,74628.76100080102,74747.65759557018,74361.1085869976,74479.76780970232,447.3861917608353,2026-06-03T19:00:00.000Z
2026-06-03T19:00:00.000Z,74479.76780970232,75097.43612922497,74243.81314396641,74860.27599943675,119.91144205439437,2026-06-03T20:00:00.000Z
2026-06-03T20:00:00.000Z,74860.27599943675,75355.5028679857,74671.4303814669,75165.88630486216,203.0982989366624,2026-06-03T21:00:00.000Z
2026-06-03T21:00:00.000Z,75165.88630486216,76036.57085259282,74742.24374209846,75610.4228368251,395.7510712071094,2026-06-03T22:00:00.000Z
2026-06-03T22:00:00.000Z,75610.4228368251,76022.02866904422,75322.16191045502,75733.29928241816,184.04427612388704,2026-06-03T23:00:00.000Z
2026-06-03T23:00:00.000Z,75733.29928241816,76130.98979514369,75281.55469792597,75678.95986363078,287.6574893424555,2026-06-04T00:00:00.000Z
2026-06-04T00:00:00.000Z,75678.95986363078,75980.59307006298,75581.54214698933,75882.9128150507,480.5321624411886,2026-06-04T01:00:00.000Z
2026-06-04T01:00:00.000Z,75882.9128150507,76394.66807870736,75398.71671024979,75910.29723850585,464.0424510296632,2026-06-04T02:00:00.000Z
2026-06-04T02:00:00.000Z,75910.29723850585,76232.02716954367,75681.67484537048,76003.1252023319,238.38189101702622,2026-06-04T03:00:00.000Z
2026-06-04T03:00:00.000Z,76003.1252023319,76329.03966045412,75682.29674866478,76008.18982771966,260.6556355770005,2026-06-04T04:00:00.000Z
2026-06-04T04:00:00.000Z,76008.18982771966,76131.98168882901,75838.04730264985,75961.7635509177,696.8812712453685,2026-06-04T05:00:00.000Z
2026-06-04T05:00:00.000Z,75961.7635509177,76360.48319035712,75795.8083792428,76194.02060209525,458.62986275862426,2026-06-04T06:00:00.000Z
2026-06-04T06:00:00.000Z,76194.02060209525,76920.2187110278,75827.08678857615,76551.56305092276,485.2617074666832,2026-06-04T07:00:00.000Z
2026-06-04T07:00:00.000Z,76551.56305092276,77102.24711160995,76362.6211621839,76912.41458175193,444.9181627225681,2026-06-04T08:00:00.000Z
2026-06-04T08:00:00.000Z,76912.41458175193,77675.47766860151,76451.18625787343,77212.45009194667,620.8010118085896,2026-06-04T09:00:00.000Z
2026-06-04T09:00:00.000Z,77212.45009194667,77656.3280600367,76911.25723429986,77354.58077436249,529.6817310292654,2026-06-04T10:00:00.000Z
2026-06-04T10:00:00.000Z,77354.58077436249,77712.92028482031,76858.75656159852,77216.45622003096,121.40392317502011,2026-06-04T11:00:00.000Z
2026-06-04T11:00:00.000Z,77216.45622003096,77728.64917301369,76885.6295134212,77397.04873461458,202.4327693984065,2026-06-04T12:00:00.000Z
2026-06-04T12:00:00.000Z,77397.04873461458,77825.03072941964,76977.88608738169,77405.82057613358,241.916483427359,2026-06-04T13:00:00.000Z
2026-06-04T13:00:00.000Z,77405.82057613358,77799.76260771138,77023.94080911699,77417.82362394509,293.3073980702587,2026-06-04T14:00:00.000Z
2026-06-04T14:00:00.000Z,77417.82362394509,78046.78184021328,77182.90817456193,77810.67433070754,490.1454026764936,2026-06-04T15:00:00.000Z
2026-06-04T15:00:00.000Z,77810.67433070754,78245.73153955753,77602.72702224048,78037.17890262506,633.626707239834,2026-06-04T16:00:00.000Z
2026-06-04T16:00:00.000Z,78037.17890262506,78606.00585325599,77802.5818115858,78370.40700453582,557.4662519886467,2026-06-04T17:00:00.000Z
2026-06-04T17:00:00.000Z,78370.40700453582,78544.92671000987,78261.00997330585,78435.43890093818,684.4139493929288,2026-06-04T18:00:00.000Z
2026-06-04T18:00:00.000Z,78435.43890093818,78962.77754830397,77985.3442421988,78512.24216101613,144.65409044393064,2026-06-04T19:00:00.000Z
2026-06-04T19:00:00.000Z,78512.24216101613,79062.75165551208,78341.85660035213,78891.5429445357,618.5926404402556,2026-06-04T20:00:00.000Z
2026-06-04T20:00:00.000Z,78891.5429445357,79561.99456240903,78467.16269397315,79136.29770574384,167.64366657829083,2026-06-04T21:00:00.000Z
2026-06-04T21:00:00.000Z,79136.29770574384,79867.37338401197,78772.2899823621,79501.68496808618,411.25127352366746,2026-06-04T22:00:00.000Z
2026-06-04T22:00:00.000Z,79501.68496808618,80315.16610092147,78952.99209936251,79764.65828221048,404.5220181832658,2026-06-04T23:00:00.000Z
2026-06-04T23:00:00.000Z,79764.65828221048,80253.05771597331,79183.03678750919,79670.8619055508,335.1836120873613,2026-06-05T00:00:00.000Z
2026-06-05T00:00:00.000Z,79670.8619055508,80319.7351728678,79443.72282568963,80091.39716044134,621.9605508828353,2026-06-05T01:00:00.000Z
2026-06-05T01:00:00.000Z,80091.39716044134,80811.34049764073,79868.0975058045,80586.66002022561,493.15274795198474,2026-06-05T02:00:00.000Z
2026-06-05T02:00:00.000Z,80586.66002022561,81379.48552115119,80205.66955429761,80996.5571797763,664.4386612644599,2026-06-05T03:00:00.000Z
2026-06-05T03:00:00.000Z,80996.5571797763,81513.63592899195,80764.98399884361,81281.24880057176,404.7981460135421,2026-06-05T04:00:00.000Z
2026-06-05T04:00:00.000Z,81281.24880057176,81993.4301284748,80883.04084733716,81593.69147584694,179.1388228904171,2026-06-05T05:00:00.000Z
2026-06-05T05:00:00.000Z,81593.69147584694,82003.19746573255,81429.24961382843,81838.2627010528,240.26938189764942,2026-06-05T06:00:00.000Z
2026-06-05T06:00:00.000Z,81838.2627010528,82066.27606410466,81391.21814742777,81618.61955256037,275.88574223960086,2026-06-05T07:00:00.000Z
2026-06-05T07:00:00.000Z,81618.61955256037,82332.42630044222,81182.22024402196,81894.55163529073,184.74751696211635,2026-06-05T08:00:00.000Z
2026-06-05T08:00:00.000Z,81894.55163529073,82759.91780308922,81357.31883784758,82220.5464615189,485.1468485710895,2026-06-05T09:00:00.000Z
2026-06-05T09:00:00.000Z,82220.5464615189,82686.64936534123,81849.16957426474,82314.84653991117,249.59830909483057,2026-06-05T10:00:00.000Z
2026-06-05T10:00:00.000Z,82314.84653991117,82586.2969749214,82058.40185693961,82329.80568803621,473.4033722306618,2026-06-05T11:00:00.000Z
2026-06-05T11:00:00.000Z,82329.80568803621,82992.67840957985,81796.06496570389,82458.10592214066,508.52944627801395,2026-06-05T12:00:00.000Z
2026-06-05T12:00:00.000Z,82458.10592214066,82840.08348687075,82160.25560271753,82541.9303816661,125.66893446523181,2026-06-05T13:00:00.000Z
2026-06-05T13:00:00.000Z,82541.9303816661,82669.56582466113,82082.56471744066,82209.6864081337,283.8406109175834,2026-06-05T14:00:00.000Z
2026-06-05T14:00:00.000Z,82209.6864081337,82892.30094273154,81679.22307343352,82360.86213683477,425.7812887084583,2026-06-05T15:00:00.000Z
2026-06-05T15:00:00.000Z,82360.86213683477,82630.23710578048,82239.41062424895,82508.56778253044,404.8139741201019,2026-06-05T16:00:00.000Z
2026-06-05T16:00:00.000Z,82508.56778253044,82787.6574143018,82133.07504945034,82411.83748583324,657.403425386829,2026-06-05T17:00:00.000Z
2026-06-05T17:00:00.000Z,82411.83748583324,83212.08823333304,81851.76873752406,82650.39823226785,394.3881854854469,2026-06-05T18:00:00.000Z
2026-06-05T18:00:00.000Z,82650.39823226785,83061.71604074593,82110.35390429664,82521.02788857803,168.29797218940126,2026-06-05T19:00:00.000Z
2026-06-05T19:00:00.000Z,82521.02788857803,82851.4389460159,81941.15960374787,82270.56782863056,458.88392997853646,2026-06-05T20:00:00.000Z
2026-06-05T20:00:00.000Z,82270.56782863056,82927.5337577693,81955.64791160535,82611.30953045067,278.19899300960776,2026-06-05T21:00:00.000Z
2026-06-05T21:00:00.000Z,82611.30953045067,83254.63847279959,82097.51822720624,82740.04650511387,315.5665377227434,2026-06-05T22:00:00.000Z
2026-06-05T22:00:00.000Z,82740.04650511387,82838.75523619336,82567.15855225443,82665.77868195051,472.1667777617307,2026-06-05T23:00:00.000Z
2026-06-05T23:00:00.000Z,82665.77868195051,82763.13627744677,82222.8138037391,82319.76388879023,603.2471417930196,2026-06-06T00:00:00.000Z
2026-06-06T00:00:00.000Z,82319.76388879023,82871.37190791179,82001.58027154715,82552.28952898858,667.4847183597669,2026-06-06T01:00:00.000Z
2026-06-06T01:00:00.000Z,82552.28952898858,83066.07022659882,81828.34332520857,82340.80782409808,372.86013973544357,2026-06-06T02:00:00.000Z
2026-06-06T02:00:00.000Z,82340.80782409808,82516.97122324634,82009.13315940577,82184.96313785543,560.5077300502489,2026-06-06T03:00:00.000Z
2026-06-06T03:00:00.000Z,82184.96313785543,82771.07414406879,81681.68803210167,82267.29486447544,283.1006704750939,2026-06-06T04:00:00.000Z
2026-06-06T04:00:00.000Z,82267.29486447544,83104.29156167233,81786.42680087553,82621.35395501104,212.76015896013013,2026-06-06T05:00:00.000Z
2026-06-06T05:00:00.000Z,82621.35395501104,83274.34202512765,82059.90687111802,82712.2770801007,668.1467752755372,2026-06-06T06:00:00.000Z
2026-06-06T06:00:00.000Z,82712.2770801007,83001.21232883362,82617.56787788414,82906.2809835982,275.56499027440555,2026-06-06T07:00:00.000Z
2026-06-06T07:00:00.000Z,82906.2809835982,83400.4906646916,82704.44954646978,83197.9491750852,185.00848500291283,2026-06-06T08:00:00.000Z
2026-06-06T08:00:00.000Z,83197.9491750852,83587.57395746617,82623.38105905347,83012.1356571063,695.595871189421,2026-06-06T09:00:00.000Z
2026-06-06T09:00:00.000Z,83012.1356571063,83225.95524427902,82914.51038195597,83128.19348092857,164.0125545971154,2026-06-06T10:00:00.000Z
2026-06-06T10:00:00.000Z,83128.19348092857,83626.08669341455,82348.60538820499,82844.80123340066,289.9257932742712,2026-06-06T11:00:00.000Z
2026-06-06T11:00:00.000Z,82844.80123340066,83214.84599933845,82222.94322005396,82591.85815938555,621.0790808876413,2026-06-06T12:00:00.000Z
2026-06-06T12:00:00.000Z,82591.85815938555,82775.56526846028,82271.60580551083,82455.00852318908,341.1041084868387,2026-06-06T13:00:00.000Z
2026-06-06T13:00:00.000Z,82455.00852318908,82789.3870708044,82306.80160523066,82640.84612319234,536.7687187328789,2026-06-06T14:00:00.000Z
2026-06-06T14:00:00.000Z,82640.84612319234,82977.77581493529,82409.88071631857,82746.51508346661,436.02241535485837,2026-06-06T15:00:00.000Z
2026-06-06T15:00:00.000Z,82746.51508346661,83086.01265835721,82459.43015804583,82798.74651856584,305.19721601400397,2026-06-06T16:00:00.000Z
2026-06-06T16:00:00.000Z,82798.74651856584,83448.20972382819,82477.76678435392,83125.96149966828,644.5202742444911,2026-06-06T17:00:00.000Z
2026-06-06T17:00:00.000Z,83125.96149966828,83752.18048625287,82832.72559207834,83457.77407357037,252.80356591232288,2026-06-06T18:00:00.000Z
2026-06-06T18:00:00.000Z,83457.77407357037,83982.86644816946,82787.09561332285,83311.26620242247,682.2910172782331,2026-06-06T19:00:00.000Z
2026-06-06T19:00:00.000Z,83311.26620242247,83740.2796873943,83147.86598893288,83576.35954052696,593.7691773724598,2026-06-06T20:00:00.000Z
2026-06-06T20:00:00.000Z,83576.35954052696,84100.22516134003,82835.05374647683,83357.54783193958,608.5719570091795,2026-06-06T21:00:00.000Z
2026-06-06T21:00:00.000Z,83357.54783193958,83870.50663350466,83115.32307327882,83627.497441033,466.69797346307803,2026-06-06T22:00:00.000Z
2026-06-06T22:00:00.000Z,83627.497441033,84022.05683987573,83408.57875374885,83802.67956371224,508.81560724639127,2026-06-06T23:00:00.000Z
2026-06-06T23:00:00.000Z,83802.67956371224,84278.65022386023,83340.07990230287,83815.97715832111,441.8961594542005,2026-06-07T00:00:00.000Z
2026-06-07T00:00:00.000Z,83815.97715832111,84213.2388968787,83038.46788344656,83433.91878379356,396.778066967045,2026-06-07T01:00:00.000Z
2026-06-07T01:00:00.000Z,83433.91878379356,83988.13251723899,82626.03234835151,83178.5497811747,528.8744386420001,2026-06-07T02:00:00.000Z
2026-06-07T02:00:00.000Z,83178.5497811747,83631.98449201035,82649.89870252403,83102.9211357586,670.275405966805,2026-06-07T03:00:00.000Z
2026-06-07T03:00:00.000Z,83102.9211357586,83434.5427883071,82604.37109607739,82935.32395318658,622.1407972844974,2026-06-07T04:00:00.000Z
2026-06-07T04:00:00.000Z,82935.32395318658,83454.49651356688,82005.56650474163,82522.15262540123,129.967777072437,2026-06-07T05:00:00.000Z
2026-06-07T05:00:00.000Z,82522.15262540123,82679.36816434172,82260.1070700834,82417.1225128652,354.23763042978834,2026-06-07T06:00:00.000Z
2026-06-07T06:00:00.000Z,82417.1225128652,82655.04649956075,82202.15852049337,82440.02277770304,676.2430396751702,2026-06-07T07:00:00.000Z
2026-06-07T07:00:00.000Z,82440.02277770304,82618.72022904917,82216.2187844665,82394.81825022775,494.6566728850159,2026-06-07T08:00:00.000Z
2026-06-07T08:00:00.000Z,82394.81825022775,83059.76101025916,82030.05109973057,82693.67082024687,566.8082035457753,2026-06-07T09:00:00.000Z
2026-06-07T09:00:00.000Z,82693.67082024687,83216.15885283992,81792.60377685288,82312.68460297982,460.55124558534067,2026-06-07T10:00:00.000Z
2026-06-07T10:00:00.000Z,82312.68460297982,82659.50390130754,82004.8522405273,82351.52627904527,469.2939419156378,2026-06-07T11:00:00.000Z
2026-06-07T11:00:00.000Z,82351.52627904527,82760.65798438885,81905.46544928405,82314.41277051573,307.8674140422919,2026-06-07T12:00:00.000Z
2026-06-07T12:00:00.000Z,82314.41277051573,82769.26377463437,81951.74987440598,82406.1964954962,270.04616026303086,2026-06-07T13:00:00.000Z
2026-06-07T13:00:00.000Z,82406.1964954962,82869.14919131986,81713.08040650148,82174.73275395707,464.17673135370796,2026-06-07T14:00:00.000Z
2026-06-07T14:00:00.000Z,82174.73275395707,82478.07647466037,81583.28885054075,81885.56512408832,215.9955973345766,2026-06-07T15:00:00.000Z
2026-06-07T15:00:00.000Z,81885.56512408832,82327.73755963922,81180.76027913531,81621.5068309124,582.6292980847086,2026-06-07T16:00:00.000Z
2026-06-07T16:00:00.000Z,81621.5068309124,82153.0042631583,80843.80490260506,81373.68860883916,269.091064747931,2026-06-07T17:00:00.000Z
2026-06-07T17:00:00.000Z,81373.68860883916,81632.73924958556,81066.21711373118,81325.1131158863,256.87796406302505,2026-06-07T18:00:00.000Z
2026-06-07T18:00:00.000Z,81325.1131158863,81537.62869429907,80984.47037710945,81196.65026145715,538.9589949692408,2026-06-07T19:00:00.000Z
2026-06-07T19:00:00.000Z,81196.65026145715,81563.1961520239,81111.616210966,81477.8675937082,330.84530300965775,2026-06-07T20:00:00.000Z
2026-06-07T20:00:00.000Z,81477.8675937082,81924.47510986358,80801.06307868854,81246.40185349902,680.3283424025068,2026-06-07T21:00:00.000Z
2026-06-07T21:00:00.000Z,81246.40185349902,81718.2357111711,80984.86533058886,81456.02440204003,663.396620547118,2026-06-07T22:00:00.000Z
2026-06-07T22:00:00.000Z,81456.02440204003,81924.64975007114,80987.81056304486,81456.43355921734,158.7342486058987,2026-06-07T23:00:00.000Z
2026-06-07T23:00:00.000Z,81456.43355921734,81619.16651950906,80977.08998171406,81139.18915386945,687.9616692606181,2026-06-08T00:00:00.000Z
2026-06-08T00:00:00.000Z,81139.18915386945,81402.71382864602,80955.12591738808,81218.47074287091,246.9438531188964,2026-06-08T01:00:00.000Z
2026-06-08T01:00:00.000Z,81218.47074287091,81542.3535101098,80505.62153028371,80827.94696801719,290.27854706639357,2026-06-08T02:00:00.000Z
2026-06-08T02:00:00.000Z,80827.94696801719,81039.66586661656,80139.83755823007,80350.30533311966,187.61745099332995,2026-06-08T03:00:00.000Z
2026-06-08T03:00:00.000Z,80350.30533311966,80499.82614566672,79936.35691879301,80085.38475075249,350.4007857527588,2026-06-08T04:00:00.000Z
2026-06-08T04:00:00.000Z,80085.38475075249,80249.80499511721,79537.47504957175,79701.10634662346,580.9713450637512,2026-06-08T05:00:00.000Z
2026-06-08T05:00:00.000Z,79701.10634662346,80241.13935526366,79255.77796302192,79795.28475165332,278.60416917996673,2026-06-08T06:00:00.000Z
2026-06-08T06:00:00.000Z,79795.28475165332,80163.57927726688,78944.28171529058,79310.33797276039,457.9774003280221,2026-06-08T07:00:00.000Z
2026-06-08T07:00:00.000Z,79310.33797276039,79622.84508286958,78902.49931539193,79214.62930392688,274.61536339233413,2026-06-08T08:00:00.000Z
2026-06-08T08:00:00.000Z,79214.62930392688,79494.633269886,78643.59351293404,78922.56510476228,255.49251174344332,2026-06-08T09:00:00.000Z
2026-06-08T09:00:00.000Z,78922.56510476228,79137.52221565055,78655.65239729556,78870.46761307078,231.45166865151919,2026-06-08T10:00:00.000Z
2026-06-08T10:00:00.000Z,78870.46761307078,79291.48083274756,78099.01538919797,78518.14791442509,433.3594235281271,2026-06-08T11:00:00.000Z
2026-06-08T11:00:00.000Z,78518.14791442509,79238.40602144563,77993.95749090027,78712.91532259733,423.1533625736616,2026-06-08T12:00:00.000Z
2026-06-08T12:00:00.000Z,78712.91532259733,78916.13815797225,78077.39356674236,78279.49739362847,670.3473732668662,2026-06-08T13:00:00.000Z
2026-06-08T13:00:00.000Z,78279.49739362847,78420.44272542711,77929.77470409177,78070.34344593345,366.83858859671216,2026-06-08T14:00:00.000Z
2026-06-08T14:00:00.000Z,78070.34344593345,78426.86324126362,77654.96825951217,78011.21804995777,565.6719225764609,2026-06-08T15:00:00.000Z
2026-06-08T15:00:00.000Z,78011.21804995777,78465.31708203824,77256.78360797626,77709.12416809874,262.74471067019954,2026-06-08T16:00:00.000Z
2026-06-08T16:00:00.000Z,77709.12416809874,77892.25258934867,77577.02053590183,77760.06236345127,549.363221157977,2026-06-08T17:00:00.000Z
2026-06-08T17:00:00.000Z,77760.06236345127,77984.04370675782,77351.3677598195,77574.81551510315,315.5065151935008,2026-06-08T18:00:00.000Z
2026-06-08T18:00:00.000Z,77574.81551510315,78084.88392017919,77078.02141583807,77588.00535234952,510.7096756858331,2026-06-08T19:00:00.000Z
2026-06-08T19:00:00.000Z,77588.00535234952,77747.88702795297,77417.50039803056,77577.36013757873,133.42333540014147,2026-06-08T20:00:00.000Z
2026-06-08T20:00:00.000Z,77577.36013757873,77957.15210944608,76896.31278196245,77274.6226556375,326.94303422558266,2026-06-08T21:00:00.000Z
2026-06-08T21:00:00.000Z,77274.6226556375,77585.02474956457,76532.40831844661,76841.06888334222,552.9831477687616,2026-06-08T22:00:00.000Z
2026-06-08T22:00:00.000Z,76841.06888334222,77056.76086922474,76719.05700902178,76934.60048102094,494.7507418667668,2026-06-08T23:00:00.000Z
2026-06-08T23:00:00.000Z,76934.60048102094,77243.68499416596,76589.95299740777,76898.89406012019,406.913337720052,2026-06-09T00:00:00.000Z
2026-06-09T00:00:00.000Z,76898.89406012019,77047.9954710432,76388.92238800158,76537.32273820185,156.11608124157232,2026-06-09T01:00:00.000Z
2026-06-09T01:00:00.000Z,76537.32273820185,77094.02484279693,76138.09076946614,76693.97574477078,223.11124527971782,2026-06-09T02:00:00.000Z
2026-06-09T02:00:00.000Z,76693.97574477078,76973.9765316395,76326.95015647897,76606.63206171787,440.25505685259355,2026-06-09T03:00:00.000Z
2026-06-09T03:00:00.000Z,76606.63206171787,76919.14539095598,75906.09333783548,76217.01725087843,140.48012087143962,2026-06-09T04:00:00.000Z
2026-06-09T04:00:00.000Z,76217.01725087843,76626.85001491892,75971.05730905075,76380.36294020551,387.09034318434556,2026-06-09T05:00:00.000Z
2026-06-09T05:00:00.000Z,76380.36294020551,76730.38020651705,76169.17622780886,76518.810695125,625.673378038068,2026-06-09T06:00:00.000Z
2026-06-09T06:00:00.000Z,76518.810695125,77234.17380232859,76018.39726714557,76732.36379178101,547.6276570221538,2026-06-09T07:00:00.000Z
2026-06-09T07:00:00.000Z,76732.36379178101,77103.84629936703,76443.37475239401,76814.54773921399,443.8168245106083,2026-06-09T08:00:00.000Z
2026-06-09T08:00:00.000Z,76814.54773921399,77274.6744905556,76496.51756060433,76956.05842463832,290.76666999178315,2026-06-09T09:00:00.000Z
2026-06-09T09:00:00.000Z,76956.05842463832,77356.25381727841,76566.0222020471,76966.166364637,688.1338838432607,2026-06-09T10:00:00.000Z
2026-06-09T10:00:00.000Z,76966.166364637,77261.68732028024,76624.10407481423,76919.44564055563,252.04059786723957,2026-06-09T11:00:00.000Z
2026-06-09T11:00:00.000Z,76919.44564055563,77420.41706123238,76580.49444250995,77080.75504144025,328.2398920637741,2026-06-09T12:00:00.000Z
2026-06-09T12:00:00.000Z,77080.75504144025,77575.95859316463,76380.42337900857,76874.30056868418,618.7951936008386,2026-06-09T13:00:00.000Z
2026-06-09T13:00:00.000Z,76874.30056868418,77022.20679844538,76478.37768818477,76625.80581379362,268.4499332534382,2026-06-09T14:00:00.000Z
2026-06-09T14:00:00.000Z,76625.80581379362,77039.43063412073,76133.75505368144,76546.95423450014,390.5365917321931,2026-06-09T15:00:00.000Z
2026-06-09T15:00:00.000Z,76546.95423450014,77001.00212006124,75912.58677417674,76365.55868924894,283.41426541256453,2026-06-09T16:00:00.000Z
2026-06-09T16:00:00.000Z,76365.55868924894,76860.59670716591,75913.04216294878,76407.82969714009,460.9391821366452,2026-06-09T17:00:00.000Z
2026-06-09T17:00:00.000Z,76407.82969714009,77047.01650921558,75912.77940027304,76551.03835601013,542.5875644397863,2026-06-09T18:00:00.000Z
2026-06-09T18:00:00.000Z,76551.03835601013,77205.73873609905,76115.13208842868,76768.59363866902,447.11159837763364,2026-06-09T19:00:00.000Z
2026-06-09T19:00:00.000Z,76768.59363866902,77292.54701479535,76158.49508476815,76681.85647099753,146.61392832482883,2026-06-09T20:00:00.000Z
2026-06-09T20:00:00.000Z,76681.85647099753,77220.80861671157,76443.81745108195,76981.83838043008,299.1002562451643,2026-06-09T21:00:00.000Z
2026-06-09T21:00:00.000Z,76981.83838043008,77104.09831594142,76742.08093127051,76864.15396439788,430.5345897239328,2026-06-09T22:00:00.000Z
2026-06-09T22:00:00.000Z,76864.15396439788,77564.25806675345,76529.50222069354,77228.02211111809,444.56465875011156,2026-06-09T23:00:00.000Z
2026-06-09T23:00:00.000Z,77228.02211111809,78122.90001346603,76705.15921915931,77597.53537706826,574.0885855043718,2026-06-10T00:00:00.000Z
2026-06-10T00:00:00.000Z,77597.53537706826,77704.9344444775,77289.14380903933,77396.2643067086,577.1358792097941,2026-06-10T01:00:00.000Z
2026-06-10T01:00:00.000Z,77396.2643067086,77900.19130332534,76942.24195644615,77445.87790949964,130.6914940619336,2026-06-10T02:00:00.000Z
2026-06-10T02:00:00.000Z,77445.87790949964,77993.56903235544,77192.37686251341,77739.1081644125,580.0756140984947,2026-06-10T03:00:00.000Z
2026-06-10T03:00:00.000Z,77739.1081644125,78446.75256964858,77326.08012814287,78032.16750850104,362.44224238323153,2026-06-10T04:00:00.000Z
2026-06-10T04:00:00.000Z,78032.16750850104,78497.36722446211,77669.06691763393,78133.79374468797,261.4343227639023,2026-06-10T05:00:00.000Z
2026-06-10T05:00:00.000Z,78133.79374468797,78618.12924462478,77471.06509846309,77954.28787803267,517.5516053184641,2026-06-10T06:00:00.000Z
2026-06-10T06:00:00.000Z,77954.28787803267,78264.14548403716,77655.970159047,77965.78377223176,351.2730493449015,2026-06-10T07:00:00.000Z
2026-06-10T07:00:00.000Z,77965.78377223176,78692.35478427442,77435.07821857034,78160.32500723147,162.43699540497596,2026-06-10T08:00:00.000Z
2026-06-10T08:00:00.000Z,78160.32500723147,78726.39217169532,78063.53717125292,78629.02393440851,451.784893568505,2026-06-10T09:00:00.000Z
2026-06-10T09:00:00.000Z,78629.02393440851,78869.00125144733,78234.81860583759,78474.32377496778,129.23189766203606,2026-06-10T10:00:00.000Z
2026-06-10T10:00:00.000Z,78474.32377496778,79381.46534128854,77947.89748405849,78852.50213104417,575.2313635662344,2026-06-10T11:00:00.000Z
2026-06-10T11:00:00.000Z,78852.50213104417,79369.76003093732,78139.8782468272,78655.84611948223,682.639808106534,2026-06-10T12:00:00.000Z
2026-06-10T12:00:00.000Z,78655.84611948223,79084.06128095226,78520.39647623255,78948.10834625884,456.7735388673719,2026-06-10T13:00:00.000Z
2026-06-10T13:00:00.000Z,78948.10834625884,79421.14925528398,78846.91893900128,79319.4838484398,187.60930769499825,2026-06-10T14:00:00.000Z
2026-06-10T14:00:00.000Z,79319.4838484398,79562.09220324698,78922.39305738329,79164.52745909772,426.768367889695,2026-06-10T15:00:00.000Z
2026-06-10T15:00:00.000Z,79164.52745909772,79329.94256523959,79018.10062369338,79183.48067298315,110.30451395097398,2026-06-10T16:00:00.000Z
2026-06-10T16:00:00.000Z,79183.48067298315,79783.65106256331,78831.8067613593,79430.87839493799,414.77746084089273,2026-06-10T17:00:00.000Z
2026-06-10T17:00:00.000Z,79430.87839493799,79635.84388102345,79327.1266375045,79531.96009176678,512.22922476578,2026-06-10T18:00:00.000Z
2026-06-10T18:00:00.000Z,79531.96009176678,80017.73389009536,78994.72103056403,79480.17855207522,158.92635875331536,2026-06-10T19:00:00.000Z
2026-06-10T19:00:00.000Z,79480.17855207522,79842.11288819645,79351.81323109339,79713.37094731755,632.691325681606,2026-06-10T20:00:00.000Z
2026-06-10T20:00:00.000Z,79713.37094731755,80038.1346727805,79584.19403649247,79908.64132289893,203.72474030764994,2026-06-10T21:00:00.000Z
2026-06-10T21:00:00.000Z,79908.64132289893,80331.54025683674,79632.26629621381,80054.66020376864,132.1142212637301,2026-06-10T22:00:00.000Z
2026-06-10T22:00:00.000Z,80054.66020376864,80370.19875540654,79936.24875708554,80251.49616226745,177.92975067995943,2026-06-10T23:00:00.000Z
2026-06-10T23:00:00.000Z,80251.49616226745,81062.00612004138,79908.1566208482,80716.67640052803,129.70796377850135,2026-06-11T00:00:00.000Z
2026-06-11T00:00:00.000Z,80716.67640052803,80850.35544717059,80488.46519818318,80621.9874255355,693.8665870548535,2026-06-11T01:00:00.000Z
2026-06-11T01:00:00.000Z,80621.9874255355,81066.29515597911,80100.42000432206,80544.29959718435,136.8190505713313,2026-06-11T02:00:00.000Z
2026-06-11T02:00:00.000Z,80544.29959718435,80894.65540553382,80239.77738332118,80589.96055653077,397.3614454722784,2026-06-11T03:00:00.000Z
2026-06-11T03:00:00.000Z,80589.96055653077,81327.79965839416,80063.88399661369,80800.34971642408,302.97802304987704,2026-06-11T04:00:00.000Z
2026-06-11T04:00:00.000Z,80800.34971642408,81213.43481354043,80717.49561966478,81130.24243899333,219.27865497734336,2026-06-11T05:00:00.000Z
2026-06-11T05:00:00.000Z,81130.24243899333,81345.32694820238,80837.94614791936,81052.82541674288,106.32800050374493,2026-06-11T06:00:00.000Z
2026-06-11T06:00:00.000Z,81052.82541674288,81391.59986423622,80683.43120391709,81022.07713358784,579.3457478654318,2026-06-11T07:00:00.000Z
2026-06-11T07:00:00.000Z,81022.07713358784,81334.31926349754,80690.44805487666,81002.61518249965,666.0825444227469,2026-06-11T08:00:00.000Z
2026-06-11T08:00:00.000Z,81002.61518249965,81770.56945973715,80686.40609265129,81452.60375405199,531.5959830915538,2026-06-11T09:00:00.000Z
2026-06-11T09:00:00.000Z,81452.60375405199,82001.23041373737,81215.42484019254,81763.14723944697,370.0163206411602,2026-06-11T10:00:00.000Z
2026-06-11T10:00:00.000Z,81763.14723944697,82405.3261127324,81348.46454282007,81989.4954333943,499.56994140500666,2026-06-11T11:00:00.000Z
2026-06-11T11:00:00.000Z,81989.4954333943,82547.71778159427,81668.67491165326,82225.97193989858,489.4397746722399,2026-06-11T12:00:00.000Z
2026-06-11T12:00:00.000Z,82225.97193989858,82821.99079373616,82044.21565281459,82639.32082018573,501.0136473928642,2026-06-11T13:00:00.000Z
2026-06-11T13:00:00.000Z,82639.32082018573,83134.90676828177,81966.95293642917,82461.47233156986,316.0273130126425,2026-06-11T14:00:00.000Z
2026-06-11T14:00:00.000Z,82461.47233156986,82736.93250560692,82174.97918375631,82450.40237893532,129.9581473832755,2026-06-11T15:00:00.000Z
2026-06-11T15:00:00.000Z,82450.40237893532,82814.56061620366,81995.89609914113,82359.65352645342,538.4167660206634,2026-06-11T16:00:00.000Z
2026-06-11T16:00:00.000Z,82359.65352645342,83255.00266447148,81826.406359604,82719.42610814938,287.85344929800067,2026-06-11T17:00:00.000Z
2026-06-11T17:00:00.000Z,82719.42610814938,83022.14744794079,82259.75458674051,82561.899439406,116.70253407987884,2026-06-11T18:00:00.000Z
2026-06-11T18:00:00.000Z,82561.899439406,83459.02124061764,82088.70023807594,82983.40619539778,444.00038707256334,2026-06-11T19:00:00.000Z
2026-06-11T19:00:00.000Z,82983.40619539778,83227.7248726026,82402.00058771613,82645.3238873379,695.3231788218595,2026-06-11T20:00:00.000Z
2026-06-11T20:00:00.000Z,82645.3238873379,83423.40000004123,82254.26581107275,83030.51927055794,273.8823698711965,2026-06-11T21:00:00.000Z
2026-06-11T21:00:00.000Z,83030.51927055794,83743.98479672387,82510.68484116253,83222.94563142674,264.9100163788116,2026-06-11T22:00:00.000Z
2026-06-11T22:00:00.000Z,83222.94563142674,83754.90576451924,82636.40094265001,83168.00992733943,615.5097867900085,2026-06-11T23:00:00.000Z
2026-06-11T23:00:00.000Z,83168.00992733943,83571.74452213128,82623.26584120424,83026.3125738766,667.0218213307772,2026-06-12T00:00:00.000Z
2026-06-12T00:00:00.000Z,83026.3125738766,83415.57714401186,82450.19133437244,82838.57570993595,674.9787206645025,2026-06-12T01:00:00.000Z
2026-06-12T01:00:00.000Z,82838.57570993595,83326.83188916433,82079.86280112647,82566.51543867844,159.70152051174153,2026-06-12T02:00:00.000Z
2026-06-12T02:00:00.000Z,82566.51543867844,82708.72205609115,82321.4933363901,82463.52256629989,316.58838559714536,2026-06-12T03:00:00.000Z
2026-06-12T03:00:00.000Z,82463.52256629989,83001.23557261206,81575.5045222101,82110.91833152928,200.1600741875172,2026-06-12T04:00:00.000Z
2026-06-12T04:00:00.000Z,82110.91833152928,82728.86581227102,81621.55582030452,82238.74150383509,192.06020137856723,2026-06-12T05:00:00.000Z
2026-06-12T05:00:00.000Z,82238.74150383509,82948.43952395454,81739.22262819372,82447.6517256956,187.3268294554794,2026-06-12T06:00:00.000Z
2026-06-12T06:00:00.000Z,82447.6517256956,82938.06444653214,81730.5593656054,82219.61568913043,490.79225454050686,2026-06-12T07:00:00.000Z
2026-06-12T07:00:00.000Z,82219.61568913043,82505.14536997023,82130.32431630293,82415.6411114594,657.988052236842,2026-06-12T08:00:00.000Z
2026-06-12T08:00:00.000Z,82415.6411114594,82823.29108786742,81785.06148934572,82191.60331441929,195.23951033839933,2026-06-12T09:00:00.000Z
2026-06-12T09:00:00.000Z,82191.60331441929,82688.47718513761,81947.10184902215,82443.22719549746,503.08792954454566,2026-06-12T10:00:00.000Z
2026-06-12T10:00:00.000Z,82443.22719549746,82745.78559232845,81909.56137111418,82211.26850274611,600.8758999877032,2026-06-12T11:00:00.000Z
2026-06-12T11:00:00.000Z,82211.26850274611,82595.29833646207,81746.98641258906,82130.63960814396,578.9872035751991,2026-06-12T12:00:00.000Z
2026-06-12T12:00:00.000Z,82130.63960814396,82539.41863076144,81539.73886333668,81947.60689911342,547.3626790788783,2026-06-12T13:00:00.000Z
2026-06-12T13:00:00.000Z,81947.60689911342,82493.4707386693,81325.9289896035,81871.28443514027,564.8173160221509,2026-06-12T14:00:00.000Z
2026-06-12T14:00:00.000Z,81871.28443514027,82348.48656372506,81269.60034993515,81746.0726582064,675.0071160378899,2026-06-12T15:00:00.000Z
2026-06-12T15:00:00.000Z,81746.0726582064,82210.32434571236,81599.27727583141,82062.95991354324,114.40152256488871,2026-06-12T16:00:00.000Z
2026-06-12T16:00:00.000Z,82062.95991354324,82532.76712319897,81543.87278018781,82013.39623976551,341.22781168726635,2026-06-12T17:00:00.000Z
2026-06-12T17:00:00.000Z,82013.39623976551,82400.56973661926,81417.32049828599,81803.50311978333,543.9730226267004,2026-06-12T18:00:00.000Z
2026-06-12T18:00:00.000Z,81803.50311978333,82143.6092147348,81424.21191128306,81764.15441011115,675.245984352774,2026-06-12T19:00:00.000Z
2026-06-12T19:00:00.000Z,81764.15441011115,82153.06302698742,81464.65236672337,81853.23468262052,402.9855555402979,2026-06-12T20:00:00.000Z
2026-06-12T20:00:00.000Z,81853.23468262052,82135.34102120165,81316.49280702669,81597.71851173064,115.40994961532296,2026-06-12T21:00:00.000Z
2026-06-12T21:00:00.000Z,81597.71851173064,81938.59053388918,81389.91702281257,81730.45102065516,368.23012506041215,2026-06-12T22:00:00.000Z
2026-06-12T22:00:00.000Z,81730.45102065516,82344.9948880646,81186.3378457242,81800.41592801438,310.0769203203157,2026-06-12T23:00:00.000Z
2026-06-12T23:00:00.000Z,81800.41592801438,82284.2195272334,81410.52705431441,81893.8851471365,193.37547844898677,2026-06-13T00:00:00.000Z
2026-06-13T00:00:00.000Z,81893.8851471365,82498.78478756151,81381.74398993427,81986.06715022706,421.65829982685773,2026-06-13T01:00:00.000Z
2026-06-13T01:00:00.000Z,81986.06715022706,82343.9431434767,81413.43919206738,81770.37366533901,195.10665354091054,2026-06-13T02:00:00.000Z
2026-06-13T02:00:00.000Z,81770.37366533901,82048.82258392687,81212.30892349016,81489.80242565057,410.9441734435708,2026-06-13T03:00:00.000Z
2026-06-13T03:00:00.000Z,81489.80242565057,81912.38560416664,80766.27774449287,81187.29219007454,637.1348424521902,2026-06-13T04:00:00.000Z
2026-06-13T04:00:00.000Z,81187.29219007454,81567.45835869847,80490.93838017106,80869.6170086476,415.89005259605597,2026-06-13T05:00:00.000Z
2026-06-13T05:00:00.000Z,80869.6170086476,81258.0784387785,80575.49906828764,80963.61862020266,404.96398951158113,2026-06-13T06:00:00.000Z
2026-06-13T06:00:00.000Z,80963.61862020266,81318.43132688115,80661.36745036916,81015.9846655573,143.33835963315255,2026-06-13T07:00:00.000Z
2026-06-13T07:00:00.000Z,81015.9846655573,81731.60223477002,80668.72883789983,81382.77425044001,322.43522322850083,2026-06-13T08:00:00.000Z
2026-06-13T08:00:00.000Z,81382.77425044001,82068.80133456037,80920.64920992331,81605.41206448423,109.49810948665166,2026-06-13T09:00:00.000Z
2026-06-13T09:00:00.000Z,81605.41206448423,82047.9347029583,80856.74495286403,81297.59840655464,551.8773051220353,2026-06-13T10:00:00.000Z
2026-06-13T10:00:00.000Z,81297.59840655464,81708.72524447936,81149.80272411597,81560.4517055791,243.31374305454725,2026-06-13T11:00:00.000Z
2026-06-13T11:00:00.000Z,81560.4517055791,81849.54700748387,81174.797833451,81463.5496609726,529.3643016504889,2026-06-13T12:00:00.000Z
2026-06-13T12:00:00.000Z,81463.5496609726,81724.5857245255,80925.86348293131,81186.01021863379,516.7598172168991,2026-06-13T13:00:00.000Z
2026-06-13T13:00:00.000Z,81186.01021863379,81706.84938776704,80337.8298164004,80856.55540747197,330.4680802069921,2026-06-13T14:00:00.000Z
2026-06-13T14:00:00.000Z,80856.55540747197,81203.57692388739,80660.05612724961,81006.7127282256,272.04565432483594,2026-06-13T15:00:00.000Z
2026-06-13T15:00:00.000Z,81006.7127282256,81448.01782361667,80345.73859555615,80785.84043177807,649.5277983832768,2026-06-13T16:00:00.000Z
2026-06-13T16:00:00.000Z,80785.84043177807,80931.85107615885,80350.49919858022,80495.98596604033,462.15340698238157,2026-06-13T17:00:00.000Z
2026-06-13T17:00:00.000Z,80495.98596604033,80748.37836701992,80194.2322458117,80446.46938926446,577.1601350405999,2026-06-13T18:00:00.000Z
2026-06-13T18:00:00.000Z,80446.46938926446,80654.39703471975,79850.79367754015,80057.71652479377,656.3193111477044,2026-06-13T19:00:00.000Z
2026-06-13T19:00:00.000Z,80057.71652479377,80409.93547313957,79592.39106803357,79944.11019821555,545.1322579966543,2026-06-13T20:00:00.000Z
2026-06-13T20:00:00.000Z,79944.11019821555,80418.6467493329,79691.85682912398,80165.69420038996,432.9258656748225,2026-06-13T21:00:00.000Z
2026-06-13T21:00:00.000Z,80165.69420038996,80569.22507886772,79921.1599358921,80324.20729230059,340.83897044921247,2026-06-13T22:00:00.000Z
2026-06-13T22:00:00.000Z,80324.20729230059,80522.24255394272,79918.80547825187,80116.32822458944,680.659439591998,2026-06-13T23:00:00.000Z
2026-06-13T23:00:00.000Z,80116.32822458944,80343.0174441628,79638.22476279005,79864.20058699614,542.0946018035033,2026-06-14T00:00:00.000Z
2026-06-14T00:00:00.000Z,79864.20058699614,80521.78583104599,79364.25034156091,80020.85492874534,189.36052810836605,2026-06-14T01:00:00.000Z
2026-06-14T01:00:00.000Z,80020.85492874534,80123.4274269257,79594.1487322739,79696.30521546787,358.3587711017387,2026-06-14T02:00:00.000Z
2026-06-14T02:00:00.000Z,79696.30521546787,80093.43002310116,78922.45450545555,79317.6926958408,688.4265681674827,2026-06-14T03:00:00.000Z
2026-06-14T03:00:00.000Z,79317.6926958408,80000.48223609633,78793.14483104479,79474.89475452102,492.1053886376812,2026-06-14T04:00:00.000Z
2026-06-14T04:00:00.000Z,79474.89475452102,79625.63539914068,79278.8731453119,79429.52774196964,596.6267810653089,2026-06-14T05:00:00.000Z
2026-06-14T05:00:00.000Z,79429.52774196964,79541.91385434875,79142.41155751371,79254.55009120917,249.3784274670195,2026-06-14T06:00:00.000Z
2026-06-14T06:00:00.000Z,79254.55009120917,79725.30212400688,78606.61246112124,79076.30576760514,133.98439066204446,2026-06-14T07:00:00.000Z
2026-06-14T07:00:00.000Z,79076.30576760514,79431.19531752217,78985.862807386,79340.45024394388,488.62697537458826,2026-06-14T08:00:00.000Z
2026-06-14T08:00:00.000Z,79340.45024394388,79766.55105855687,78560.31759039621,78984.50679760116,461.34485172170446,2026-06-14T09:00:00.000Z
2026-06-14T09:00:00.000Z,78984.50679760116,79712.2371777332,78459.2941620508,79185.68678273488,324.3978249022727,2026-06-14T10:00:00.000Z
2026-06-14T10:00:00.000Z,79185.68678273488,79435.95799019243,79055.56262073909,79305.63671701009,658.7140172527703,2026-06-14T11:00:00.000Z
2026-06-14T11:00:00.000Z,79305.63671701009,79498.5608234646,79057.14117763264,79249.92976769937,181.33092274951326,2026-06-14T12:00:00.000Z
2026-06-14T12:00:00.000Z,79249.92976769937,79531.32132228487,78640.10432424389,78920.32555803253,636.6550497415732,2026-06-14T13:00:00.000Z
2026-06-14T13:00:00.000Z,78920.32555803253,79001.50164138664,78785.6606874159,78866.7816964791,138.98236669552622,2026-06-14T14:00:00.000Z
2026-06-14T14:00:00.000Z,78866.7816964791,79415.16565049421,78520.61324733004,79068.11349953144,664.2084006053435,2026-06-14T15:00:00.000Z
2026-06-14T15:00:00.000Z,79068.11349953144,79343.97119428175,78608.00586644637,78883.21848811524,529.4738237883308,2026-06-14T16:00:00.000Z
2026-06-14T16:00:00.000Z,78883.21848811524,79209.4722764316,78274.53861180731,78599.61946044251,221.72412244683323,2026-06-14T17:00:00.000Z
2026-06-14T17:00:00.000Z,78599.61946044251,79160.48862820848,78051.40620856827,78612.18771580623,274.2148880726727,2026-06-14T18:00:00.000Z
2026-06-14T18:00:00.000Z,78612.18771580623,79074.29794843221,77709.33610100632,78168.84018007234,148.80920799859297,2026-06-14T19:00:00.000Z
2026-06-14T19:00:00.000Z,78168.84018007234,78546.3138670844,77476.59083467291,77852.53710889215,421.98906509298325,2026-06-14T20:00:00.000Z
2026-06-14T20:00:00.000Z,77852.53710889215,78037.37276774678,77508.8980615716,77693.35579590435,278.33097417761155,2026-06-14T21:00:00.000Z
2026-06-14T21:00:00.000Z,77693.35579590435,78031.50321644025,77125.8231396935,77462.96783491354,367.4624382832378,2026-06-14T22:00:00.000Z
2026-06-14T22:00:00.000Z,77462.96783491354,77580.8701431814,76922.22021729739,77039.47795389578,305.05386395615244,2026-06-14T23:00:00.000Z
2026-06-14T23:00:00.000Z,77039.47795389578,77486.94313685226,76747.16993338613,77194.04863456864,217.3827576066287,2026-06-15T00:00:00.000Z
2026-06-15T00:00:00.000Z,77194.04863456864,77644.27449914254,76336.63785040945,76784.4749209952,299.3373713453009,2026-06-15T01:00:00.000Z
2026-06-15T01:00:00.000Z,76784.4749209952,76930.89932436222,76703.26049855452,76849.6160026378,465.0805583992417,2026-06-15T02:00:00.000Z
2026-06-15T02:00:00.000Z,76849.6160026378,76956.34846449201,76630.47432822963,76737.05045360756,237.4102714180063,2026-06-15T03:00:00.000Z
2026-06-15T03:00:00.000Z,76737.05045360756,77146.79477074133,75925.09245867787,76332.67759088697,647.3777130932443,2026-06-15T04:00:00.000Z
2026-06-15T04:00:00.000Z,76332.67759088697,76607.08764739275,76254.00550425646,76528.21403160998,609.3259793284005,2026-06-15T05:00:00.000Z
2026-06-15T05:00:00.000Z,76528.21403160998,76629.96500269148,76009.24897510158,76110.44448493783,238.02547433321618,2026-06-15T06:00:00.000Z
2026-06-15T06:00:00.000Z,76110.44448493783,76362.07958268358,75617.37221894859,75868.20643323833,102.65287933994685,2026-06-15T07:00:00.000Z
2026-06-15T07:00:00.000Z,75868.20643323833,76211.22058479438,75276.68202611289,75618.56751408144,354.6249372207676,2026-06-15T08:00:00.000Z
2026-06-15T08:00:00.000Z,75618.56751408144,75802.35518268356,75293.08047814126,75476.5229134648,668.8989256363823,2026-06-15T09:00:00.000Z
2026-06-15T09:00:00.000Z,75476.5229134648,75847.74561618244,75193.5089229967,75564.40210548932,313.4972671109705,2026-06-15T10:00:00.000Z
2026-06-15T10:00:00.000Z,75564.40210548932,76008.7139072334,74942.155955253,75385.41533106612,362.91671817326767,2026-06-15T11:00:00.000Z
2026-06-15T11:00:00.000Z,75385.41533106612,75524.32222038,75285.71313950322,75424.56824650007,436.773185775044,2026-06-15T12:00:00.000Z
2026-06-15T12:00:00.000Z,75424.56824650007,75581.69935233601,75200.02770718938,75357.01808658069,382.3177000891034,2026-06-15T13:00:00.000Z
2026-06-15T13:00:00.000Z,75357.01808658069,75756.24208997558,74628.98648656934,75026.45926600316,558.7757427519075,2026-06-15T14:00:00.000Z
2026-06-15T14:00:00.000Z,75026.45926600316,75528.39002878111,74120.11398952243,74619.32097679429,567.011824281426,2026-06-15T15:00:00.000Z
2026-06-15T15:00:00.000Z,74619.32097679429,75173.05124566359,74134.41472634202,74687.70063677846,662.1191765936646,2026-06-15T16:00:00.000Z
2026-06-15T16:00:00.000Z,74687.70063677846,75040.37834269411,74481.5846951559,74833.85904713081,234.40983590409618,2026-06-15T17:00:00.000Z
2026-06-15T17:00:00.000Z,74833.85904713081,75107.04656586218,74136.26786904795,74407.90038860534,541.6996822886633,2026-06-15T18:00:00.000Z
2026-06-15T18:00:00.000Z,74407.90038860534,74927.23109455204,73933.3929787157,74452.43965284852,209.77633330494928,2026-06-15T19:00:00.000Z
2026-06-15T19:00:00.000Z,74452.43965284852,74738.80051372154,73727.02301590246,74011.68864909113,550.9482479891499,2026-06-15T20:00:00.000Z
2026-06-15T20:00:00.000Z,74011.68864909113,74350.7620774762,73762.38111845902,74101.1531865681,418.81615543682875,2026-06-15T21:00:00.000Z
2026-06-15T21:00:00.000Z,74101.1531865681,74391.80823187371,73740.18039200683,74030.55853620608,193.14960711316655,2026-06-15T22:00:00.000Z
2026-06-15T22:00:00.000Z,74030.55853620608,74299.69210593191,73495.01635943758,73763.17788314544,282.10098798484586,2026-06-15T23:00:00.000Z
2026-06-15T23:00:00.000Z,73763.17788314544,74111.32710603376,73597.82639969382,73945.56676990175,146.982281676951,2026-06-16T00:00:00.000Z
2026-06-16T00:00:00.000Z,73945.56676990175,74104.76038723733,73371.98529946383,73530.28487771745,292.81109552495695,2026-06-16T01:00:00.000Z
2026-06-16T01:00:00.000Z,73530.28487771745,73804.64336405018,73443.24339615008,73717.38040813127,528.7814207509073,2026-06-16T02:00:00.000Z
2026-06-16T02:00:00.000Z,73717.38040813127,74217.38468293844,73353.81637147447,73853.1510440767,582.5035304215287,2026-06-16T03:00:00.000Z
2026-06-16T03:00:00.000Z,73853.1510440767,74181.53541296534,73558.32896404779,73886.57988486772,161.25134139380015,2026-06-16T04:00:00.000Z
2026-06-16T04:00:00.000Z,73886.57988486772,74240.52473975538,73582.3166459268,73936.05775209362,683.9977281093587,2026-06-16T05:00:00.000Z
2026-06-16T05:00:00.000Z,73936.05775209362,74104.61456023676,73815.44926710264,73983.92798673725,248.48501940652963,2026-06-16T06:00:00.000Z
2026-06-16T06:00:00.000Z,73983.92798673725,74227.8006803983,73498.2767324676,73741.34981744093,279.4117015690597,2026-06-16T07:00:00.000Z
2026-06-16T07:00:00.000Z,73741.34981744093,74017.3148999023,73427.70842510714,73703.53198042618,548.0889768563625,2026-06-16T08:00:00.000Z
2026-06-16T08:00:00.000Z,73703.53198042618,73886.97478626893,73547.5338538593,73730.91869401306,506.4719690040089,2026-06-16T09:00:00.000Z
2026-06-16T09:00:00.000Z,73730.91869401306,74432.37058054218,73468.48993289568,74168.38475654191,676.8087862882804,2026-06-16T10:00:00.000Z
2026-06-16T10:00:00.000Z,74168.38475654191,74391.08073751915,73996.18817079952,74218.76717901055,277.71960011577215,2026-06-16T11:00:00.000Z
2026-06-16T11:00:00.000Z,74218.76717901055,74511.84459738716,73873.94416401345,74166.8164376573,201.38848847774253,2026-06-16T12:00:00.000Z
2026-06-16T12:00:00.000Z,74166.8164376573,74484.6093432418,73690.04196483297,74007.150728478,329.7685701538662,2026-06-16T13:00:00.000Z
2026-06-16T13:00:00.000Z,74007.150728478,74278.4515672826,73669.91372174694,73940.97195756137,433.27665726341155,2026-06-16T14:00:00.000Z
2026-06-16T14:00:00.000Z,73940.97195756137,74346.71182962797,73758.80371338275,74163.99412612004,137.67067512388837,2026-06-16T15:00:00.000Z
2026-06-16T15:00:00.000Z,74163.99412612004,74487.0661875423,73786.70966566325,74109.5445346044,239.7367675508078,2026-06-16T16:00:00.000Z
2026-06-16T16:00:00.000Z,74109.5445346044,74486.29489598956,73706.09176725934,74082.70568812019,167.102313817992,2026-06-16T17:00:00.000Z
2026-06-16T17:00:00.000Z,74082.70568812019,74392.30658281475,74005.50155438803,74314.86051256115,115.2336619865306,2026-06-16T18:00:00.000Z
2026-06-16T18:00:00.000Z,74314.86051256115,74867.1341705876,74045.22608443131,74596.47795814212,234.5012047954375,2026-06-16T19:00:00.000Z
2026-06-16T19:00:00.000Z,74596.47795814212,74961.23583239538,74435.80370883513,74800.1229496966,279.90460078227545,2026-06-16T20:00:00.000Z
2026-06-16T20:00:00.000Z,74800.1229496966,75187.35236240404,74499.26274721573,74886.14615835321,492.39516416210455,2026-06-16T21:00:00.000Z
2026-06-16T21:00:00.000Z,74886.14615835321,75269.91909625333,74734.06260848648,75117.36597048194,472.4859483411936,2026-06-16T22:00:00.000Z
2026-06-16T22:00:00.000Z,75117.36597048194,75640.20892438243,75037.2309185699,75559.60209587908,167.3119994193837,2026-06-16T23:00:00.000Z
2026-06-16T23:00:00.000Z,75559.60209587908,75934.85340391743,75335.43317758362,75710.23758286919,271.6389255466121,2026-06-17T00:00:00.000Z
2026-06-17T00:00:00.000Z,75710.23758286919,76215.32542036734,75610.39719694594,76114.95133149794,567.8516730982119,2026-06-17T01:00:00.000Z
2026-06-17T01:00:00.000Z,76114.95133149794,76235.28590294863,75998.1270415824,76118.45623356837,205.9857662329384,2026-06-17T02:00:00.000Z
2026-06-17T02:00:00.000Z,76118.45623356837,76799.27070155088,75808.57414234489,76487.8846485361,414.8384246578619,2026-06-17T03:00:00.000Z
2026-06-17T03:00:00.000Z,76487.8846485361,76717.34622199541,76154.8619499761,76384.01190803928,254.28461188184312,2026-06-17T04:00:00.000Z
2026-06-17T04:00:00.000Z,76384.01190803928,77058.65918542756,76034.02648049656,76707.19296814012,432.84940874802385,2026-06-17T05:00:00.000Z
2026-06-17T05:00:00.000Z,76707.19296814012,77049.72691375155,76618.51882379486,76960.75964424854,102.98776794364106,2026-06-17T06:00:00.000Z
2026-06-17T06:00:00.000Z,76960.75964424854,77537.1767764806,76657.661831271,77233.00676117411,571.8562304376886,2026-06-17T07:00:00.000Z
2026-06-17T07:00:00.000Z,77233.00676117411,77887.80572134363,76703.8931040024,77357.83686873788,265.22028845046657,2026-06-17T08:00:00.000Z
2026-06-17T08:00:00.000Z,77357.83686873788,77682.66039736486,76891.46595308071,77215.69262174168,615.230690648421,2026-06-17T09:00:00.000Z
2026-06-17T09:00:00.000Z,77215.69262174168,77591.97273330824,76958.29047858898,77334.17562150306,492.5008105079182,2026-06-17T10:00:00.000Z
2026-06-17T10:00:00.000Z,77334.17562150306,77917.49731096494,76962.25546632848,77544.56533695363,323.23255987057115,2026-06-17T11:00:00.000Z
2026-06-17T11:00:00.000Z,77544.56533695363,77881.37782693548,77080.04163026522,77416.2969905378,469.95916132347617,2026-06-17T12:00:00.000Z
2026-06-17T12:00:00.000Z,77416.2969905378,77814.74327068134,76929.66692287769,77327.65699057463,628.557419929913,2026-06-17T13:00:00.000Z
2026-06-17T13:00:00.000Z,77327.65699057463,77740.35344649358,77246.07652110387,77658.42401870067,133.96494380848713,2026-06-17T14:00:00.000Z
2026-06-17T14:00:00.000Z,77658.42401870067,78095.88726002861,77301.52655217925,77738.62122845651,250.28253083596124,2026-06-17T15:00:00.000Z
2026-06-17T15:00:00.000Z,77738.62122845651,78320.0226504391,77413.48851796193,77993.822590034,331.59725527819114,2026-06-17T16:00:00.000Z
2026-06-17T16:00:00.000Z,77993.822590034,78591.1197972117,77484.97247046577,78081.69636835917,283.75655747193684,2026-06-17T17:00:00.000Z
2026-06-17T17:00:00.000Z,78081.69636835917,78278.47745774046,77904.24152899337,78100.97879555599,696.0669897478385,2026-06-17T18:00:00.000Z
2026-06-17T18:00:00.000Z,78100.97879555599,78984.1371415391,77593.5558385099,78474.28878519892,127.2205202967024,2026-06-17T19:00:00.000Z
2026-06-17T19:00:00.000Z,78474.28878519892,78884.23899068257,78200.6328016788,78610.10937284133,146.54213704473437,2026-06-17T20:00:00.000Z
2026-06-17T20:00:00.000Z,78610.10937284133,79265.47622060833,78255.81088240942,78909.82689291432,573.2142546555094,2026-06-17T21:00:00.000Z
2026-06-17T21:00:00.000Z,78909.82689291432,79156.46249880607,78819.73994690982,79066.19703373763,561.4028762380606,2026-06-17T22:00:00.000Z
2026-06-17T22:00:00.000Z,79066.19703373763,79685.99680453063,78706.71280507004,79325.33437593597,510.0989847491025,2026-06-17T23:00:00.000Z
2026-06-17T23:00:00.000Z,79325.33437593597,79931.06050708336,78903.60129203112,79508.35439736448,240.35704570839044,2026-06-18T00:00:00.000Z
2026-06-18T00:00:00.000Z,79508.35439736448,80175.23287640492,79082.6810026011,79748.27499004398,564.7840837318377,2026-06-18T01:00:00.000Z
2026-06-18T01:00:00.000Z,79748.27499004398,80029.58744397404,79522.27820529212,79803.43434440864,696.7044097356053,2026-06-18T02:00:00.000Z
2026-06-18T02:00:00.000Z,79803.43434440864,80256.19726233781,79628.29522594219,80080.4501961999,316.90186933470045,2026-06-18T03:00:00.000Z
2026-06-18T03:00:00.000Z,80080.4501961999,80790.25326697703,79720.98108672157,80429.21858858496,609.7881571900975,2026-06-18T04:00:00.000Z
2026-06-18T04:00:00.000Z,80429.21858858496,80863.15348660834,79791.026437722,80223.85334104755,579.0472953948413,2026-06-18T05:00:00.000Z
2026-06-18T05:00:00.000Z,80223.85334104755,80949.66580511513,79943.52365149796,80667.78486638595,142.8917237757201,2026-06-18T06:00:00.000Z
2026-06-18T06:00:00.000Z,80667.78486638595,81318.36747875203,80140.55171640453,80790.33336921434,615.7680480348729,2026-06-18T07:00:00.000Z
2026-06-18T07:00:00.000Z,80790.33336921434,81514.91305699978,80228.9256422527,80952.37928161687,694.8539886599658,2026-06-18T08:00:00.000Z
2026-06-18T08:00:00.000Z,80952.37928161687,81733.89261367175,80575.65360992876,81355.29191946458,423.43467824320993,2026-06-18T09:00:00.000Z
2026-06-18T09:00:00.000Z,81355.29191946458,82132.87772612259,81052.66194399598,81828.48753109162,562.0760944960994,2026-06-18T10:00:00.000Z
2026-06-18T10:00:00.000Z,81828.48753109162,82278.55269717977,81542.30615491673,81991.80016253641,365.65046360048024,2026-06-18T11:00:00.000Z
2026-06-18T11:00:00.000Z,81991.80016253641,82444.81394710188,81417.39431197481,81869.7336656139,453.8030613929979,2026-06-18T12:00:00.000Z
2026-06-18T12:00:00.000Z,81869.7336656139,82432.008484029,81408.02982277438,81969.74065242277,696.9715010360682,2026-06-18T13:00:00.000Z
2026-06-18T13:00:00.000Z,81969.74065242277,82380.46407165869,81330.99325156296,81740.56836381117,435.0956277619561,2026-06-18T14:00:00.000Z
2026-06-18T14:00:00.000Z,81740.56836381117,81977.14982909842,81584.55024656418,81820.97823363676,349.9189425492282,2026-06-18T15:00:00.000Z
2026-06-18T15:00:00.000Z,81820.97823363676,82130.56357805012,81635.72741923378,81945.03189384968,671.587905553909,2026-06-18T16:00:00.000Z
2026-06-18T16:00:00.000Z,81945.03189384968,82474.99411405232,81160.5520286882,81688.85749496624,572.9675031606887,2026-06-18T17:00:00.000Z
2026-06-18T17:00:00.000Z,81688.85749496624,82049.84984903292,81424.00273265352,81784.68439305773,630.3194035451484,2026-06-18T18:00:00.000Z
2026-06-18T18:00:00.000Z,81784.68439305773,82329.32727016856,80986.41936783545,81529.36193197414,175.85149857953726,2026-06-18T19:00:00.000Z
2026-06-18T19:00:00.000Z,81529.36193197414,82242.08305577411,81000.8250684114,81712.35985704254,207.24553526716565,2026-06-18T20:00:00.000Z
2026-06-18T20:00:00.000Z,81712.35985704254,82185.25453042332,80982.80288373692,81454.2035266706,130.19040936147348,2026-06-18T21:00:00.000Z
2026-06-18T21:00:00.000Z,81454.2035266706,82014.78107782919,81045.47109768048,81605.29050322788,654.2948180596786,2026-06-18T22:00:00.000Z
2026-06-18T22:00:00.000Z,81605.29050322788,81989.74965093183,81400.6102344828,81784.61959362292,488.05915060828397,2026-06-18T23:00:00.000Z
2026-06-18T23:00:00.000Z,81784.61959362292,82025.72353535346,81327.88740394363,81568.35378645058,562.8500324966619,2026-06-19T00:00:00.000Z
2026-06-19T00:00:00.000Z,81568.35378645058,81796.05401596629,81138.15977515603,81365.29315551858,318.7607949686985,2026-06-19T01:00:00.000Z
2026-06-19T01:00:00.000Z,81365.29315551858,81747.92173082186,81259.33840145856,81641.60715771602,425.49672505142945,2026-06-19T02:00:00.000Z
2026-06-19T02:00:00.000Z,81641.60715771602,82265.45509400485,81186.38410870207,81809.29702794905,565.9629425341091,2026-06-19T03:00:00.000Z
2026-06-19T03:00:00.000Z,81809.29702794905,82232.32893906569,81328.30843052045,81751.0390926765,418.26691195288066,2026-06-19T04:00:00.000Z
2026-06-19T04:00:00.000Z,81751.0390926765,81834.71212639136,81453.66440879705,81537.11849256603,613.8263362989883,2026-06-19T05:00:00.000Z
2026-06-19T05:00:00.000Z,81537.11849256603,81854.14661150509,80967.76784313691,81283.81106613655,204.87600784044525,2026-06-19T06:00:00.000Z
2026-06-19T06:00:00.000Z,81283.81106613655,81589.49821006105,81179.07221835507,81484.50076210764,278.2470878112349,2026-06-19T07:00:00.000Z
2026-06-19T07:00:00.000Z,81484.50076210764,82205.02482110978,81147.96696499479,81866.91165383148,548.93774290054,2026-06-19T08:00:00.000Z
2026-06-19T08:00:00.000Z,81866.91165383148,82215.95786533889,81530.17010785417,81879.16591415534,590.0164646515699,2026-06-19T09:00:00.000Z
2026-06-19T09:00:00.000Z,81879.16591415534,82179.29556657684,81359.1367465002,81658.4573875862,438.0718834409825,2026-06-19T10:00:00.000Z
2026-06-19T10:00:00.000Z,81658.4573875862,82466.41640157893,81205.34235905968,82011.34324293914,244.75773849746108,2026-06-19T11:00:00.000Z
2026-06-19T11:00:00.000Z,82011.34324293914,82432.01584688506,81907.39616024628,82327.66783162752,240.22011642354548,2026-06-19T12:00:00.000Z
2026-06-19T12:00:00.000Z,82327.66783162752,82897.68562813818,81997.0810871054,82566.14129344649,650.734538748271,2026-06-19T13:00:00.000Z
2026-06-19T13:00:00.000Z,82566.14129344649,83501.67473514922,82016.40104426906,82949.38279498502,403.5034012531412,2026-06-19T14:00:00.000Z
2026-06-19T14:00:00.000Z,82949.38279498502,83185.06552259582,82832.15211782923,83067.6676758215,499.1578336801183,2026-06-19T15:00:00.000Z
2026-06-19T15:00:00.000Z,83067.6676758215,83365.9570409422,82470.76160603367,82767.97479794796,459.5659101193612,2026-06-19T16:00:00.000Z
2026-06-19T16:00:00.000Z,82767.97479794796,83010.3841322998,82201.36439347608,82442.8214245609,603.4928936061881,2026-06-19T17:00:00.000Z
2026-06-19T17:00:00.000Z,82442.8214245609,82912.40404910618,82120.35579511062,82589.36523038641,265.06250275534694,2026-06-19T18:00:00.000Z
2026-06-19T18:00:00.000Z,82589.36523038641,82957.08580984586,82369.36383326956,82736.69196405054,445.52641676064883,2026-06-19T19:00:00.000Z
2026-06-19T19:00:00.000Z,82736.69196405054,83046.88156519805,82645.23313550177,82955.18121417127,280.0951904524561,2026-06-19T20:00:00.000Z
2026-06-19T20:00:00.000Z,82955.18121417127,83559.18688425973,82567.97964455116,83170.97806136467,434.62678936059905,2026-06-19T21:00:00.000Z
2026-06-19T21:00:00.000Z,83170.97806136467,83625.67859022834,82698.6386580337,83153.24222405297,683.7316370493414,2026-06-19T22:00:00.000Z
2026-06-19T22:00:00.000Z,83153.24222405297,83506.38601013417,82664.77784437763,83017.3444858943,170.52333591064593,2026-06-19T23:00:00.000Z
2026-06-19T23:00:00.000Z,83017.3444858943,83159.86065374424,82873.63490867183,83016.14902426858,463.61314894799756,2026-06-20T00:00:00.000Z
2026-06-20T00:00:00.000Z,83016.14902426858,83255.86620468298,82726.19480861204,82965.76650461533,384.22810374024704,2026-06-20T01:00:00.000Z
2026-06-20T01:00:00.000Z,82965.76650461533,83530.43641579336,82570.16572950997,83134.03330402465,382.76339158544477,2026-06-20T02:00:00.000Z
2026-06-20T02:00:00.000Z,83134.03330402465,83735.74677356723,82679.96933856873,83280.8807522982,297.84950641815067,2026-06-20T03:00:00.000Z
2026-06-20T03:00:00.000Z,83280.8807522982,83855.51399457344,82339.00720288474,82911.08890286737,532.4260717408853,2026-06-20T04:00:00.000Z
2026-06-20T04:00:00.000Z,82911.08890286737,83523.4195272652,82588.48315085468,83199.69082966275,177.45076682299876,2026-06-20T05:00:00.000Z
2026-06-20T05:00:00.000Z,83199.69082966275,83651.93732259942,82699.92536447299,83151.91214801655,139.24493065068728,2026-06-20T06:00:00.000Z
2026-06-20T06:00:00.000Z,83151.91214801655,83532.36592325685,82568.3584905287,82947.8787300011,285.2176500415511,2026-06-20T07:00:00.000Z
2026-06-20T07:00:00.000Z,82947.8787300011,83043.00503787593,82604.20843436854,82699.0493797031,260.81145292185784,2026-06-20T08:00:00.000Z
2026-06-20T08:00:00.000Z,82699.0493797031,83123.5632916496,82280.46519690077,82704.94924646162,122.88862672768936,2026-06-20T09:00:00.000Z
2026-06-20T09:00:00.000Z,82704.94924646162,82898.62116636916,82184.95203616588,82377.8579996181,330.55487397618356,2026-06-20T10:00:00.000Z
2026-06-20T10:00:00.000Z,82377.8579996181,82488.72711544263,81998.94848767476,82109.4563723162,587.960006616991,2026-06-20T11:00:00.000Z
2026-06-20T11:00:00.000Z,82109.4563723162,82332.1176636143,81875.12443853501,82097.75399577487,658.1409557527587,2026-06-20T12:00:00.000Z
2026-06-20T12:00:00.000Z,82097.75399577487,82387.85339731725,81711.6401673916,82001.39909067549,696.5037626198045,2026-06-20T13:00:00.000Z
2026-06-20T13:00:00.000Z,82001.39909067549,82145.2837992111,81472.14491272814,81615.35223966716,659.8004113695587,2026-06-20T14:00:00.000Z
2026-06-20T14:00:00.000Z,81615.35223966716,82442.03580373432,81050.64051796122,81875.52390613405,474.2443171209862,2026-06-20T15:00:00.000Z
2026-06-20T15:00:00.000Z,81875.52390613405,82011.09793611185,81459.53816312159,81594.6471017206,196.20341858649786,2026-06-20T16:00:00.000Z
2026-06-20T16:00:00.000Z,81594.6471017206,82188.20158401325,81170.45920674497,81763.13775296566,292.23030227805964,2026-06-20T17:00:00.000Z
2026-06-20T17:00:00.000Z,81763.13775296566,82003.1971958906,81598.51570908853,81838.42357141557,524.3055987285011,2026-06-20T18:00:00.000Z
2026-06-20T18:00:00.000Z,81838.42357141557,81963.57695935025,81653.06703205362,81778.12821185186,451.1109377029868,2026-06-20T19:00:00.000Z
2026-06-20T19:00:00.000Z,81778.12821185186,81986.06930043035,81287.05598830945,81494.27531078085,394.8500618780265,2026-06-20T20:00:00.000Z
2026-06-20T20:00:00.000Z,81494.27531078085,81776.784132377,80958.36368479658,81239.9910020153,330.43420418651505,2026-06-20T21:00:00.000Z
2026-06-20T21:00:00.000Z,81239.9910020153,81840.06823327411,80829.1581901517,81428.28322260446,344.9455456086181,2026-06-20T22:00:00.000Z
2026-06-20T22:00:00.000Z,81428.28322260446,81662.17395559694,81007.59878509144,81240.95143515566,562.848965200991,2026-06-20T23:00:00.000Z
2026-06-20T23:00:00.000Z,81240.95143515566,81723.96320445639,80454.72897888455,80935.92725057762,671.3623239525418,2026-06-21T00:00:00.000Z
2026-06-21T00:00:00.000Z,80935.92725057762,81606.91574759193,80427.88197853407,81097.85404016964,171.04166106835083,2026-06-21T01:00:00.000Z
2026-06-21T01:00:00.000Z,81097.85404016964,81720.35048861851,80773.74159055344,81395.05027637562,618.6007650190037,2026-06-21T02:00:00.000Z
2026-06-21T02:00:00.000Z,81395.05027637562,82035.30071728486,80963.38501830514,81602.5350976003,315.9421322010188,2026-06-21T03:00:00.000Z
2026-06-21T03:00:00.000Z,81602.5350976003,82373.22277723427,81061.45014480913,81830.62541750829,479.7588142472128,2026-06-21T04:00:00.000Z
2026-06-21T04:00:00.000Z,81830.62541750829,82251.58356943955,81409.33070190293,81830.2871135099,560.6332118905304,2026-06-21T05:00:00.000Z
2026-06-21T05:00:00.000Z,81830.2871135099,82261.08048091111,80980.22080944147,81408.79524412045,400.39363051783,2026-06-21T06:00:00.000Z
2026-06-21T06:00:00.000Z,81408.79524412045,81798.36728048798,80908.80625829234,81297.84736688559,388.49182673194065,2026-06-21T07:00:00.000Z
2026-06-21T07:00:00.000Z,81297.84736688559,81696.6700472609,80506.16347953185,80903.0494003456,406.4868483256953,2026-06-21T08:00:00.000Z
2026-06-21T08:00:00.000Z,80903.0494003456,81142.54347327322,80322.81989429735,80561.3023069239,109.22941640449196,2026-06-21T09:00:00.000Z
2026-06-21T09:00:00.000Z,80561.3023069239,80719.99481876391,80296.7107784322,80455.1942749057,502.4962602194847,2026-06-21T10:00:00.000Z
2026-06-21T10:00:00.000Z,80455.1942749057,80637.88205992256,80209.89289141346,80392.43817758336,327.37382633023606,2026-06-21T11:00:00.000Z
2026-06-21T11:00:00.000Z,80392.43817758336,80479.83777540628,79902.79656029386,79989.75837997296,193.0468947128611,2026-06-21T12:00:00.000Z
2026-06-21T12:00:00.000Z,79989.75837997296,80191.88628123408,79587.4070538945,79789.02772439318,198.2473984818195,2026-06-21T13:00:00.000Z
2026-06-21T13:00:00.000Z,79789.02772439318,79988.3041601729,79157.98979137358,79356.18518479692,618.5844985389078,2026-06-21T14:00:00.000Z
2026-06-21T14:00:00.000Z,79356.18518479692,79715.127598434,78811.4234800891,79169.52158039958,110.8272153003268,2026-06-21T15:00:00.000Z
2026-06-21T15:00:00.000Z,79169.52158039958,79357.89470818437,78704.81302004823,78892.52707701965,597.4620013951612,2026-06-21T16:00:00.000Z
2026-06-21T16:00:00.000Z,78892.52707701965,79104.0037323278,78725.16721117824,78936.55047677574,178.58452735402832,2026-06-21T17:00:00.000Z
2026-06-21T17:00:00.000Z,78936.55047677574,79119.58575666932,78474.61390312904,78657.00097352699,147.6845527289829,2026-06-21T18:00:00.000Z
2026-06-21T18:00:00.000Z,78657.00097352699,79166.10769304082,78180.67535473427,78689.58475563712,666.656451377392,2026-06-21T19:00:00.000Z
2026-06-21T19:00:00.000Z,78689.58475563712,79149.13301441478,78453.29157447381,78912.17143837415,293.4461205235897,2026-06-21T20:00:00.000Z
2026-06-21T20:00:00.000Z,78912.17143837415,79406.78011244968,78467.90773710617,78962.2345632897,689.1696562940114,2026-06-21T21:00:00.000Z
2026-06-21T21:00:00.000Z,78962.2345632897,79487.25072878452,78399.27964979297,78924.04187390121,494.8624279326118,2026-06-21T22:00:00.000Z
2026-06-21T22:00:00.000Z,78924.04187390121,79255.92976941055,78647.01131111992,78978.70732592244,209.80988326939283,2026-06-21T23:00:00.000Z
2026-06-21T23:00:00.000Z,78978.70732592244,79509.93447140239,78647.64226867064,79178.03387180557,603.201755743102,2026-06-22T00:00:00.000Z
2026-06-22T00:00:00.000Z,79178.03387180557,79297.41054083893,78946.36554965135,79065.57266099194,190.27272169025275,2026-06-22T01:00:00.000Z
2026-06-22T01:00:00.000Z,79065.57266099194,79419.67437058613,78719.77001042386,79073.83558115762,140.5973233471612,2026-06-22T02:00:00.000Z
2026-06-22T02:00:00.000Z,79073.83558115762,79327.83882991885,78480.70881274354,78733.61920868873,592.8757399753089,2026-06-22T03:00:00.000Z
2026-06-22T03:00:00.000Z,78733.61920868873,79108.0641997052,78072.7809848503,78445.85742505491,550.8639696291015,2026-06-22T04:00:00.000Z
2026-06-22T04:00:00.000Z,78445.85742505491,78905.63555138384,77827.23261722572,78286.07424013954,531.7312362751603,2026-06-22T05:00:00.000Z
2026-06-22T05:00:00.000Z,78286.07424013954,78574.09164033743,77881.40611398571,78168.99276705756,358.26915682212876,2026-06-22T06:00:00.000Z
2026-06-22T06:00:00.000Z,78168.99276705756,78702.37956944082,77546.04913951273,78078.82065168202,471.07568055907063,2026-06-22T07:00:00.000Z
2026-06-22T07:00:00.000Z,78078.82065168202,78206.6887247299,77790.10695627534,77917.71118367273,247.7006420249588,2026-06-22T08:00:00.000Z
2026-06-22T08:00:00.000Z,77917.71118367273,78333.37108578364,77267.60311520477,77682.00562218527,663.9462730679411,2026-06-22T09:00:00.000Z
2026-06-22T09:00:00.000Z,77682.00562218527,78153.91499091078,76792.37879260148,77261.73506538715,461.7725355372636,2026-06-22T10:00:00.000Z
2026-06-22T10:00:00.000Z,77261.73506538715,77504.43417879869,77140.24107039004,77382.74988812345,498.9359199995808,2026-06-22T11:00:00.000Z
2026-06-22T11:00:00.000Z,77382.74988812345,77693.41089949182,77199.4102938033,77509.7703610722,409.64193386474716,2026-06-22T12:00:00.000Z
2026-06-22T12:00:00.000Z,77509.7703610722,77873.51284776426,77082.77378600542,77446.2180305192,289.4931241821,2026-06-22T13:00:00.000Z
2026-06-22T13:00:00.000Z,77446.2180305192,77707.3098467751,76728.31798854872,76987.86457329198,287.08263020360965,2026-06-22T14:00:00.000Z
2026-06-22T14:00:00.000Z,76987.86457329198,77488.54711000092,76362.34125943028,76862.2065925853,656.9192006052095,2026-06-22T15:00:00.000Z
2026-06-22T15:00:00.000Z,76862.2065925853,77295.58454959709,76124.87102202284,76556.52543398063,617.1449116976676,2026-06-22T16:00:00.000Z
2026-06-22T16:00:00.000Z,76556.52543398063,76863.42649209594,75847.93288835694,76153.21715762168,217.79874978484528,2026-06-22T17:00:00.000Z
2026-06-22T17:00:00.000Z,76153.21715762168,76559.13215711634,75789.68997768943,76195.40359479855,437.68792242635413,2026-06-22T18:00:00.000Z
2026-06-22T18:00:00.000Z,76195.40359479855,76707.19064126554,75359.90685524698,75869.50491504428,476.3418238499862,2026-06-22T19:00:00.000Z
2026-06-22T19:00:00.000Z,75869.50491504428,76444.82206192253,75489.29323860067,76063.6375113318,443.1332895267444,2026-06-22T20:00:00.000Z
2026-06-22T20:00:00.000Z,76063.6375113318,76482.99453234064,75683.88506933613,76103.04534428747,599.3019601792572,2026-06-22T21:00:00.000Z
2026-06-22T21:00:00.000Z,76103.04534428747,76276.42616278006,75658.3730852632,75831.13442608125,433.9147693169837,2026-06-22T22:00:00.000Z
2026-06-22T22:00:00.000Z,75831.13442608125,76064.38534588658,75483.28231936954,75716.17964683844,107.98187042026868,2026-06-22T23:00:00.000Z
2026-06-22T23:00:00.000Z,75716.17964683844,75969.41326452122,75400.29571935494,75653.31909922653,320.1255085040468,2026-06-23T00:00:00.000Z
2026-06-23T00:00:00.000Z,75653.31909922653,75899.89766112353,75003.74078889632,75249.00154952376,543.2537089303386,2026-06-23T01:00:00.000Z
2026-06-23T01:00:00.000Z,75249.00154952376,75474.95241797203,75006.26914280077,75232.1694694074,653.3346769182639,2026-06-23T02:00:00.000Z
2026-06-23T02:00:00.000Z,75232.1694694074,75848.65686875537,74974.2576905212,75589.52001665943,594.8522712545713,2026-06-23T03:00:00.000Z
2026-06-23T03:00:00.000Z,75589.52001665943,76304.93022957632,75105.10415055478,75819.04346118064,175.44589074116476,2026-06-23T04:00:00.000Z
2026-06-23T04:00:00.000Z,75819.04346118064,76374.17365964623,75308.67719463367,75863.50808512753,418.70099786608523,2026-06-23T05:00:00.000Z
2026-06-23T05:00:00.000Z,75863.50808512753,76068.62874614123,75689.95445221047,75895.00306188126,152.57609759111708,2026-06-23T06:00:00.000Z
2026-06-23T06:00:00.000Z,75895.00306188126,76472.14140080792,75622.92016313475,76198.96878768681,694.2812375697686,2026-06-23T07:00:00.000Z
2026-06-23T07:00:00.000Z,76198.96878768681,77052.2083693778,75697.16160014868,76548.10197040305,625.1152933226504,2026-06-23T08:00:00.000Z
2026-06-23T08:00:00.000Z,76548.10197040305,76689.1069340664,76444.7438867819,76585.69808677588,143.415062429111,2026-06-23T09:00:00.000Z
2026-06-23T09:00:00.000Z,76585.69808677588,76945.66134364936,76108.0047654987,76467.41206187525,519.8965447116161,2026-06-23T10:00:00.000Z
2026-06-23T10:00:00.000Z,76467.41206187525,76713.37209529858,76017.33073505248,76262.63208671614,628.751699872665,2026-06-23T11:00:00.000Z
2026-06-23T11:00:00.000Z,76262.63208671614,76552.96721016592,75915.13385784175,76205.25052722429,697.2539002063004,2026-06-23T12:00:00.000Z
2026-06-23T12:00:00.000Z,76205.25052722429,76721.15691245707,75537.70214241809,76052.57492012346,469.2880323945023,2026-06-23T13:00:00.000Z
2026-06-23T13:00:00.000Z,76052.57492012346,76409.70686223904,75745.81145103979,76102.74104452526,422.965565753619,2026-06-23T14:00:00.000Z
2026-06-23T14:00:00.000Z,76102.74104452526,76528.59669305143,76023.0771554231,76448.57079146155,146.59614499965502,2026-06-23T15:00:00.000Z
2026-06-23T15:00:00.000Z,76448.57079146155,76571.81938826769,76281.1529328087,76404.33020597823,585.208821243238,2026-06-23T16:00:00.000Z
2026-06-23T16:00:00.000Z,76404.33020597823,77081.38629983545,75871.27234660808,76547.33075400155,110.58423175038035,2026-06-23T17:00:00.000Z
2026-06-23T17:00:00.000Z,76547.33075400155,76978.8474894216,76241.78259385083,76672.79850917209,122.40360203311015,2026-06-23T18:00:00.000Z
2026-06-23T18:00:00.000Z,76672.79850917209,77132.79291823618,76394.6298293363,76853.96695981239,374.4891335603265,2026-06-23T19:00:00.000Z
2026-06-23T19:00:00.000Z,76853.96695981239,77616.68937746894,76507.93391147786,77268.78860513623,109.37050981883449,2026-06-23T20:00:00.000Z
2026-06-23T20:00:00.000Z,77268.78860513623,77856.56414463773,76809.55530040785,77396.57138567623,141.57900206818198,2026-06-23T21:00:00.000Z
2026-06-23T21:00:00.000Z,77396.57138567623,78188.20225329539,76883.9110301384,77673.7062087293,241.20265512783203,2026-06-23T22:00:00.000Z
2026-06-23T22:00:00.000Z,77673.7062087293,78206.83115343303,77155.85911852533,77688.88288104041,150.9704836881582,2026-06-23T23:00:00.000Z
2026-06-23T23:00:00.000Z,77688.88288104041,78150.70835422704,77555.67524752193,78016.9382274054,577.4352260294534,2026-06-24T00:00:00.000Z
2026-06-24T00:00:00.000Z,78016.9382274054,78850.42739580499,77506.6753541091,78338.06422635968,469.4641224897765,2026-06-24T01:00:00.000Z
2026-06-24T01:00:00.000Z,78338.06422635968,78574.7563457696,78105.50505283794,78342.1849392473,428.91681088549865,2026-06-24T02:00:00.000Z
2026-06-24T02:00:00.000Z,78342.1849392473,78610.81579492876,78220.62360402208,78489.02660966926,294.28162416176946,2026-06-24T03:00:00.000Z
2026-06-24T03:00:00.000Z,78489.02660966926,78694.05583709337,78179.85969373194,78384.61617997604,128.6537796392356,2026-06-24T04:00:00.000Z
2026-06-24T04:00:00.000Z,78384.61617997604,78969.60746893426,78040.99040358097,78624.92820258961,523.3315520097183,2026-06-24T05:00:00.000Z
2026-06-24T05:00:00.000Z,78624.92820258961,78989.35602065305,78205.80910677857,78569.98224945764,271.77267026704396,2026-06-24T06:00:00.000Z
2026-06-24T06:00:00.000Z,78569.98224945764,78892.72265958601,78487.42237702655,78809.91067483893,248.22379068854443,2026-06-24T07:00:00.000Z
2026-06-24T07:00:00.000Z,78809.91067483893,79845.94033636655,78272.05631108128,79304.7091193643,681.1033141711276,2026-06-24T08:00:00.000Z
2026-06-24T08:00:00.000Z,79304.7091193643,80100.22370058252,78777.16268470444,79570.90648242999,460.32222488910065,2026-06-24T09:00:00.000Z
2026-06-24T09:00:00.000Z,79570.90648242999,79806.26345721728,79282.76971329229,79517.97011145277,219.82156062490378,2026-06-24T10:00:00.000Z
2026-06-24T10:00:00.000Z,79517.97011145277,80126.44170607282,78982.74396221084,79590.72584649437,194.97406803768783,2026-06-24T11:00:00.000Z
2026-06-24T11:00:00.000Z,79590.72584649437,79822.66811511802,79417.62492249074,79649.43949549677,134.4611281689541,2026-06-24T12:00:00.000Z
2026-06-24T12:00:00.000Z,79649.43949549677,79866.60419648032,79442.0751859601,79659.21443824911,439.0157396621144,2026-06-24T13:00:00.000Z
2026-06-24T13:00:00.000Z,79659.21443824911,80187.20706858211,79200.3973227282,79727.99380116435,610.878942027166,2026-06-24T14:00:00.000Z
2026-06-24T14:00:00.000Z,79727.99380116435,80288.4512811785,79362.85531297293,79922.42234858379,474.54366673461334,2026-06-24T15:00:00.000Z
2026-06-24T15:00:00.000Z,79922.42234858379,80471.33111790304,79584.96357469763,80132.98328643046,268.6079801845401,2026-06-24T16:00:00.000Z
2026-06-24T16:00:00.000Z,80132.98328643046,81185.69947068456,79583.25896673255,80632.5480614806,254.82661703360574,2026-06-24T17:00:00.000Z
2026-06-24T17:00:00.000Z,80632.5480614806,81348.80862150164,80391.94422626345,81106.78967101383,331.923415526712,2026-06-24T18:00:00.000Z
2026-06-24T18:00:00.000Z,81106.78967101383,81663.54084105705,80741.94014553822,81297.83193402672,434.82862698604754,2026-06-24T19:00:00.000Z
2026-06-24T19:00:00.000Z,81297.83193402672,81525.63813337949,80929.97727867638,81157.38994285757,121.39981883643186,2026-06-24T20:00:00.000Z
2026-06-24T20:00:00.000Z,81157.38994285757,81469.78478986309,80950.94503554025,81263.07105517892,297.1229423755421,2026-06-24T21:00:00.000Z
2026-06-24T21:00:00.000Z,81263.07105517892,81857.26327354227,80993.97334658203,81587.0925873835,535.6481876390279,2026-06-24T22:00:00.000Z
2026-06-24T22:00:00.000Z,81587.0925873835,81733.7316259864,81390.49251684311,81537.04159723273,374.78635417054704,2026-06-24T23:00:00.000Z
2026-06-24T23:00:00.000Z,81537.04159723273,81957.8766600441,81060.56515926859,81481.11155175613,354.24199572496207,2026-06-25T00:00:00.000Z
2026-06-25T00:00:00.000Z,81481.11155175613,82091.14523695614,81197.01494352132,81805.91614682412,422.77542479465507,2026-06-25T01:00:00.000Z
2026-06-25T01:00:00.000Z,81805.91614682412,82092.42454406877,81650.52503017837,81936.78484109217,505.65298693517826,2026-06-25T02:00:00.000Z
2026-06-25T02:00:00.000Z,81936.78484109217,82094.19214882591,81570.80162581486,81727.80747081978,163.03507828295002,2026-06-25T03:00:00.000Z
2026-06-25T03:00:00.000Z,81727.80747081978,82341.53276963948,81291.61733701109,81904.40014167715,677.3895594186101,2026-06-25T04:00:00.000Z
2026-06-25T04:00:00.000Z,81904.40014167715,82409.80760834106,81522.09318682835,82026.9287241555,640.0455033127431,2026-06-25T05:00:00.000Z
2026-06-25T05:00:00.000Z,82026.9287241555,82525.03705353955,81600.718923373,82098.45560095456,473.7442318227814,2026-06-25T06:00:00.000Z
2026-06-25T06:00:00.000Z,82098.45560095456,82629.18426256988,81363.21317208148,81892.61114419432,150.56511752799392,2026-06-25T07:00:00.000Z
2026-06-25T07:00:00.000Z,81892.61114419432,82436.73377945727,81301.23505673706,81845.04162376808,548.052907850618,2026-06-25T08:00:00.000Z
2026-06-25T08:00:00.000Z,81845.04162376808,82187.77946958969,81672.9400271526,82015.31981647802,131.66751499831096,2026-06-25T09:00:00.000Z
2026-06-25T09:00:00.000Z,82015.31981647802,82248.53785856468,81475.08627220996,81707.42879810475,223.73785959730756,2026-06-25T10:00:00.000Z
2026-06-25T10:00:00.000Z,81707.42879810475,82034.64784430327,81106.67096556936,81432.79014853286,608.4348701445548,2026-06-25T11:00:00.000Z
2026-06-25T11:00:00.000Z,81432.79014853286,81957.5151888748,80639.3262458804,81162.30839433412,455.8073976802674,2026-06-25T12:00:00.000Z
2026-06-25T12:00:00.000Z,81162.30839433412,81656.90556193684,80873.55273766523,81367.42016770893,519.8259453381532,2026-06-25T13:00:00.000Z
2026-06-25T13:00:00.000Z,81367.42016770893,81811.73122094324,80593.61138144744,81036.11331629269,550.2483886900583,2026-06-25T14:00:00.000Z
2026-06-25T14:00:00.000Z,81036.11331629269,81203.91723418787,80672.04045013028,80839.4371046769,276.05551210048395,2026-06-25T15:00:00.000Z
2026-06-25T15:00:00.000Z,80839.4371046769,81030.30126135386,80743.71777105353,80934.46940309397,461.9027377860168,2026-06-25T16:00:00.000Z
2026-06-25T16:00:00.000Z,80934.46940309397,81168.29778962812,80716.03795678167,80949.8249008549,587.3799710941407,2026-06-25T17:00:00.000Z
2026-06-25T17:00:00.000Z,80949.8249008549,81105.59682400875,80683.24829539964,80838.80658576963,174.64540948841972,2026-06-25T18:00:00.000Z
2026-06-25T18:00:00.000Z,80838.80658576963,81609.3202020301,80408.78590814394,81177.49786183427,455.49916296987755,2026-06-25T19:00:00.000Z
2026-06-25T19:00:00.000Z,81177.49786183427,81728.86171163495,80369.86727539645,80919.47863865885,444.5107091891163,2026-06-25T20:00:00.000Z
2026-06-25T20:00:00.000Z,80919.47863865885,81454.64950717511,80269.62820032146,80804.03557199753,515.0014221738099,2026-06-25T21:00:00.000Z
2026-06-25T21:00:00.000Z,80804.03557199753,81393.29122403111,80509.98881459203,81098.17409337225,285.436489240004,2026-06-25T22:00:00.000Z
2026-06-25T22:00:00.000Z,81098.17409337225,81561.85772448523,80567.27898840596,81030.57612411147,502.1561686890927,2026-06-25T23:00:00.000Z
2026-06-25T23:00:00.000Z,81030.57612411147,81506.49905494174,80255.61938766133,80729.77560434726,180.75658356806105,2026-06-26T00:00:00.000Z
2026-06-26T00:00:00.000Z,80729.77560434726,80852.30511954452,80352.80872871028,80474.95147859877,321.94485087969565,2026-06-26T01:00:00.000Z
2026-06-26T01:00:00.000Z,80474.95147859877,80729.66266814912,79908.52050821812,80162.24194111984,581.9122813092135,2026-06-26T02:00:00.000Z
2026-06-26T02:00:00.000Z,80162.24194111984,80289.68240108629,79810.67265480771,79937.75623151599,145.9920165343173,2026-06-26T03:00:00.000Z
2026-06-26T03:00:00.000Z,79937.75623151599,80115.652427521,79641.68998028636,79819.32261009031,486.8271617157511,2026-06-26T04:00:00.000Z
2026-06-26T04:00:00.000Z,79819.32261009031,80380.34270050614,79399.77623404395,79960.0565983779,296.4463657682977,2026-06-26T05:00:00.000Z
2026-06-26T05:00:00.000Z,79960.0565983779,80494.29369245631,79651.77461253165,80185.14389383723,454.51303820801576,2026-06-26T06:00:00.000Z
2026-06-26T06:00:00.000Z,80185.14389383723,80395.6766526795,79991.45205865559,80201.94423530504,227.68854029834668,2026-06-26T07:00:00.000Z
2026-06-26T07:00:00.000Z,80201.94423530504,80826.60666152692,79788.72616359836,80412.30476605873,136.37568477372437,2026-06-26T08:00:00.000Z
2026-06-26T08:00:00.000Z,80412.30476605873,81003.65945655348,80159.80747329823,80750.10147098302,453.50885267998507,2026-06-26T09:00:00.000Z
2026-06-26T09:00:00.000Z,80750.10147098302,81141.3220592256,80282.52039097411,80673.3692244563,107.32397260485402,2026-06-26T10:00:00.000Z
2026-06-26T10:00:00.000Z,80673.3692244563,80903.47009821203,80211.13202460468,80440.5688928748,381.91637512385677,2026-06-26T11:00:00.000Z
2026-06-26T11:00:00.000Z,80440.5688928748,80910.8549902498,80311.63163391042,80781.37146278167,574.6215619494308,2026-06-26T12:00:00.000Z
2026-06-26T12:00:00.000Z,80781.37146278167,81274.94241119335,80625.92033177924,81118.84187110436,244.61784648924035,2026-06-26T13:00:00.000Z
2026-06-26T13:00:00.000Z,81118.84187110436,82059.30363288733,80553.53119868776,81491.39665619402,662.8686377605743,2026-06-26T14:00:00.000Z
2026-06-26T14:00:00.000Z,81491.39665619402,82206.93952416866,81079.28730757724,81793.30340586751,451.6064364237741,2026-06-26T15:00:00.000Z
2026-06-26T15:00:00.000Z,81793.30340586751,81939.55658269527,81356.95675535225,81502.69029194822,430.3068707372559,2026-06-26T16:00:00.000Z
2026-06-26T16:00:00.000Z,81502.69029194822,81712.89974040778,81269.20584786273,81479.35511087903,414.20994145526083,2026-06-26T17:00:00.000Z
2026-06-26T17:00:00.000Z,81479.35511087903,81814.07779724279,81193.4846114468,81528.0364990514,539.7047010435278,2026-06-26T18:00:00.000Z
2026-06-26T18:00:00.000Z,81528.0364990514,82148.57510356315,81190.72150131426,81810.09312164367,346.7237227813917,2026-06-26T19:00:00.000Z
2026-06-26T19:00:00.000Z,81810.09312164367,81913.89424954387,81378.82825989714,81482.21337204028,682.0569811305296,2026-06-26T20:00:00.000Z
2026-06-26T20:00:00.000Z,81482.21337204028,81952.39398895323,80864.3390536325,81333.66248040566,421.6135622568492,2026-06-26T21:00:00.000Z
2026-06-26T21:00:00.000Z,81333.66248040566,81895.38897410137,81024.36644611553,81585.13663272181,173.8663456746686,2026-06-26T22:00:00.000Z
2026-06-26T22:00:00.000Z,81585.13663272181,81982.59664447069,80845.38846269675,81241.1727785633,301.2442375539076,2026-06-26T23:00:00.000Z
2026-06-26T23:00:00.000Z,81241.1727785633,81576.58120093102,80613.29472831667,80947.49066876473,457.67762044336536,2026-06-27T00:00:00.000Z
2026-06-27T00:00:00.000Z,80947.49066876473,81268.4208540808,80306.02358384007,80625.67788728824,422.8930935835899,2026-06-27T01:00:00.000Z
2026-06-27T01:00:00.000Z,80625.67788728824,81172.10129728925,80214.1605028987,80759.89884261054,174.6080298324153,2026-06-27T02:00:00.000Z
2026-06-27T02:00:00.000Z,80759.89884261054,81391.29589752725,80352.61783827364,80982.8903227625,353.95485882365836,2026-06-27T03:00:00.000Z
2026-06-27T03:00:00.000Z,80982.8903227625,81452.96875403263,80593.38469273987,81063.07744580372,508.9139434550488,2026-06-27T04:00:00.000Z
2026-06-27T04:00:00.000Z,81063.07744580372,81465.9907987013,80494.95716553781,80897.04527740375,498.05282447396445,2026-06-27T05:00:00.000Z
2026-06-27T05:00:00.000Z,80897.04527740375,81389.25234545986,80068.4316868167,80558.57940531353,190.5345759776116,2026-06-27T06:00:00.000Z
2026-06-27T06:00:00.000Z,80558.57940531353,80874.67939803819,79835.82351647408,80150.32156560547,219.0955475527307,2026-06-27T07:00:00.000Z
2026-06-27T07:00:00.000Z,80150.32156560547,80590.94710780917,79334.59202050568,79773.14403322797,230.41340509914485,2026-06-27T08:00:00.000Z
2026-06-27T08:00:00.000Z,79773.14403322797,80074.94084558138,79120.18589942892,79420.64915734867,204.30597891300266,2026-06-27T09:00:00.000Z
2026-06-27T09:00:00.000Z,79420.64915734867,80090.04378226382,78891.9942079616,79560.45820906614,397.5201906159149,2026-06-27T10:00:00.000Z
2026-06-27T10:00:00.000Z,79560.45820906614,80059.10975435056,78669.65985505928,79165.83808711701,321.8881475841106,2026-06-27T11:00:00.000Z
2026-06-27T11:00:00.000Z,79165.83808711701,79671.68434428489,78566.55577433361,79071.80116341192,375.1917854301593,2026-06-27T12:00:00.000Z
2026-06-27T12:00:00.000Z,79071.80116341192,79397.68675641327,78740.0150348396,79065.87620880257,417.24835676944275,2026-06-27T13:00:00.000Z
2026-06-27T13:00:00.000Z,79065.87620880257,79329.29882314136,78849.79773261263,79113.09131318494,171.0662809531513,2026-06-27T14:00:00.000Z
2026-06-27T14:00:00.000Z,79113.09131318494,79425.21222379066,78869.62443591561,79181.53471511936,276.4694741817515,2026-06-27T15:00:00.000Z
2026-06-27T15:00:00.000Z,79181.53471511936,79308.53343971545,78781.22695615626,78907.78661804266,463.2906474002128,2026-06-27T16:00:00.000Z
2026-06-27T16:00:00.000Z,78907.78661804266,79052.77676145549,78612.39799105766,78757.11127409124,624.1725206022022,2026-06-27T17:00:00.000Z
2026-06-27T17:00:00.000Z,78757.11127409124,79149.6988107467,78618.44778624801,79010.58903798692,519.7575423027191,2026-06-27T18:00:00.000Z
2026-06-27T18:00:00.000Z,79010.58903798692,79154.06327022944,78526.76698151084,78669.62205654319,359.807742601171,2026-06-27T19:00:00.000Z
2026-06-27T19:00:00.000Z,78669.62205654319,79249.31142202139,78131.9988231095,78711.40266256235,597.755359065605,2026-06-27T20:00:00.000Z
2026-06-27T20:00:00.000Z,78711.40266256235,79298.73069666137,78323.24431645116,78909.59498258884,423.9452121425165,2026-06-27T21:00:00.000Z
2026-06-27T21:00:00.000Z,78909.59498258884,79353.31560541793,78161.05580745163,78603.05269650494,231.05487214916147,2026-06-27T22:00:00.000Z
2026-06-27T22:00:00.000Z,78603.05269650494,78715.4531370063,78059.2443491636,78171.02700350355,359.84252498477815,2026-06-27T23:00:00.000Z
2026-06-27T23:00:00.000Z,78171.02700350355,78363.22136182868,77939.83436937026,78131.93260868026,635.0545881944963,2026-06-28T00:00:00.000Z
2026-06-28T00:00:00.000Z,78131.93260868026,78454.4915736501,77875.00919095376,78197.35303211675,692.7843143198567,2026-06-28T01:00:00.000Z
2026-06-28T01:00:00.000Z,78197.35303211675,78565.21919184578,77969.95844358034,78337.4173023476,404.37027556093886,2026-06-28T02:00:00.000Z
2026-06-28T02:00:00.000Z,78337.4173023476,78882.15855608984,77963.53253083039,78507.4622030699,157.98759202379156,2026-06-28T03:00:00.000Z
2026-06-28T03:00:00.000Z,78507.4622030699,78661.20409918102,78108.2228918047,78261.4830847121,330.49958498706087,2026-06-28T04:00:00.000Z
2026-06-28T04:00:00.000Z,78261.4830847121,78546.05489975984,77976.74542565989,78261.31663547039,305.72408149285434,2026-06-28T05:00:00.000Z
2026-06-28T05:00:00.000Z,78261.31663547039,78609.57191553261,77910.69008846325,78258.93476945236,552.2380116638905,2026-06-28T06:00:00.000Z
2026-06-28T06:00:00.000Z,78258.93476945236,78955.62570083943,77748.66901688799,78444.15228863731,139.786688815703,2026-06-28T07:00:00.000Z
2026-06-28T07:00:00.000Z,78444.15228863731,78546.20908891414,78210.84027617282,78312.72608935909,211.22876457461564,2026-06-28T08:00:00.000Z
2026-06-28T08:00:00.000Z,78312.72608935909,78698.06830113895,77945.3008435523,78330.55938561985,256.6998835451435,2026-06-28T09:00:00.000Z
2026-06-28T09:00:00.000Z,78330.55938561985,78583.32066919157,77900.30610410162,78152.49279276523,573.6185593873349,2026-06-28T10:00:00.000Z
2026-06-28T10:00:00.000Z,78152.49279276523,78578.70354644266,77844.6042414972,78270.35068374944,264.013783058158,2026-06-28T11:00:00.000Z
2026-06-28T11:00:00.000Z,78270.35068374944,78512.03791796103,77763.41039761863,78004.27603277097,352.32627599142785,2026-06-28T12:00:00.000Z
2026-06-28T12:00:00.000Z,78004.27603277097,78425.43773488462,77166.51454354537,77585.41472423192,657.3085330227896,2026-06-28T13:00:00.000Z
2026-06-28T13:00:00.000Z,77585.41472423192,77845.66506384972,76952.40871786755,77211.4044880365,692.952346053418,2026-06-28T14:00:00.000Z
2026-06-28T14:00:00.000Z,77211.4044880365,77440.39297395572,76917.10118921583,77145.89539258469,309.0998712038155,2026-06-28T15:00:00.000Z
2026-06-28T15:00:00.000Z,77145.89539258469,77519.40936813813,76467.66627000863,76839.69774151733,173.1618263168083,2026-06-28T16:00:00.000Z
2026-06-28T16:00:00.000Z,76839.69774151733,77151.77077765613,76326.02794338307,76637.2788853587,313.7822596420451,2026-06-28T17:00:00.000Z
2026-06-28T17:00:00.000Z,76637.2788853587,76732.43889659262,76349.2134641881,76444.13364823606,114.26949138486269,2026-06-28T18:00:00.000Z
2026-06-28T18:00:00.000Z,76444.13364823606,76798.21814915257,76113.86254656504,76467.84460608028,137.3203073802033,2026-06-28T19:00:00.000Z
2026-06-28T19:00:00.000Z,76467.84460608028,76636.05816159044,76111.86719721352,76279.66680019292,594.8693247953752,2026-06-28T20:00:00.000Z
2026-06-28T20:00:00.000Z,76279.66680019292,76618.37560133291,75556.99691530898,75893.99318869339,104.67638168701734,2026-06-28T21:00:00.000Z
2026-06-28T21:00:00.000Z,75893.99318869339,76400.10579029213,75604.4885224589,76109.77799293608,185.8145424564437,2026-06-28T22:00:00.000Z
2026-06-28T22:00:00.000Z,76109.77799293608,76312.20789882368,75996.97949759706,76199.27676183556,281.4099271695176,2026-06-28T23:00:00.000Z
2026-06-28T23:00:00.000Z,76199.27676183556,76388.46535001596,75953.0783640178,76142.125055173,464.54238461542053,2026-06-29T00:00:00.000Z
2026-06-29T00:00:00.000Z,76142.125055173,76267.98394254019,75853.60399106433,75979.19356132856,107.80622093370474,2026-06-29T01:00:00.000Z
2026-06-29T01:00:00.000Z,75979.19356132856,76056.69025608603,75893.1453896605,75970.63335324037,667.9301243126067,2026-06-29T02:00:00.000Z
2026-06-29T02:00:00.000Z,75970.63335324037,76259.17326084667,75676.34105544632,75964.85903191862,574.7503334073118,2026-06-29T03:00:00.000Z
2026-06-29T03:00:00.000Z,75964.85903191862,76376.63675603874,75464.94747184316,75876.24485088988,660.1489211247065,2026-06-29T04:00:00.000Z
2026-06-29T04:00:00.000Z,75876.24485088988,76252.80106801075,75518.2737622985,75894.74270969922,253.87620169384226,2026-06-29T05:00:00.000Z
2026-06-29T05:00:00.000Z,75894.74270969922,76113.80705597987,75438.41643570807,75656.79396120014,211.4759016369823,2026-06-29T06:00:00.000Z
2026-06-29T06:00:00.000Z,75656.79396120014,76089.85804992799,75188.54710221506,75621.40864323135,628.9901337255678,2026-06-29T07:00:00.000Z
2026-06-29T07:00:00.000Z,75621.40864323135,75953.46726249807,75437.8958589807,75769.59487020009,406.07232521570864,2026-06-29T08:00:00.000Z
2026-06-29T08:00:00.000Z,75769.59487020009,75903.94668959263,75579.56186884185,75713.81478106094,554.5493262142638,2026-06-29T09:00:00.000Z
2026-06-29T09:00:00.000Z,75713.81478106094,76024.97474716268,75407.05541203331,75718.19762077926,663.6760226281714,2026-06-29T10:00:00.000Z
2026-06-29T10:00:00.000Z,75718.19762077926,75829.67172688697,75489.14712890112,75600.44788108087,565.9519415655881,2026-06-29T11:00:00.000Z
2026-06-29T11:00:00.000Z,75600.44788108087,75914.77408996757,74889.22630105268,75201.89543670246,295.89324760990837,2026-06-29T12:00:00.000Z
2026-06-29T12:00:00.000Z,75201.89543670246,75650.11942442266,74497.4961529067,74944.1841102148,434.4248469613608,2026-06-29T13:00:00.000Z
2026-06-29T13:00:00.000Z,74944.1841102148,75487.92216210446,74481.63063629733,75024.87069278533,434.86596137977483,2026-06-29T14:00:00.000Z
2026-06-29T14:00:00.000Z,75024.87069278533,75116.68333722328,74580.44558029564,74671.82618200108,578.1068056254214,2026-06-29T15:00:00.000Z
2026-06-29T15:00:00.000Z,74671.82618200108,74871.67449906391,74398.75075601996,74598.40256541775,549.8867970192277,2026-06-29T16:00:00.000Z
2026-06-29T16:00:00.000Z,74598.40256541775,74978.71926459533,73819.19759801278,74197.47026886839,524.98613802017,2026-06-29T17:00:00.000Z
2026-06-29T17:00:00.000Z,74197.47026886839,74719.25684376636,73857.05532948487,74378.01357910721,382.4169024277557,2026-06-29T18:00:00.000Z
2026-06-29T18:00:00.000Z,74378.01357910721,75077.34558378374,74128.78103680053,74826.6098447342,240.83169053347393,2026-06-29T19:00:00.000Z
2026-06-29T19:00:00.000Z,74826.6098447342,75666.62296093744,74414.66392019113,75252.33328413554,224.85490354004077,2026-06-29T20:00:00.000Z
2026-06-29T20:00:00.000Z,75252.33328413554,75817.84633040003,74750.89387432596,75315.9827958861,243.65514160304105,2026-06-29T21:00:00.000Z
2026-06-29T21:00:00.000Z,75315.9827958861,75462.4341799583,74980.30321854174,75126.38593288447,508.999881431926,2026-06-29T22:00:00.000Z
2026-06-29T22:00:00.000Z,75126.38593288447,75782.05032895945,74789.47882318724,75443.72012212824,562.5060467340546,2026-06-29T23:00:00.000Z
2026-06-29T23:00:00.000Z,75443.72012212824,75938.0094505165,75130.47198067652,75624.01272029948,395.9550995826512,2026-06-30T00:00:00.000Z
2026-06-30T00:00:00.000Z,75624.01272029948,75886.7526203103,75290.49513980461,75552.98828017354,642.5112566642981,2026-06-30T01:00:00.000Z
2026-06-30T01:00:00.000Z,75552.98828017354,76251.07276108618,75090.94358497771,75787.593337435,329.6450949412049,2026-06-30T02:00:00.000Z
2026-06-30T02:00:00.000Z,75787.593337435,76298.9319230813,75579.06718392493,76089.57488093992,170.4381000578581,2026-06-30T03:00:00.000Z
2026-06-30T03:00:00.000Z,76089.57488093992,76510.29725502404,75525.00785198959,75944.93044303631,300.86473235900735,2026-06-30T04:00:00.000Z
2026-06-30T04:00:00.000Z,75944.93044303631,76415.7322716401,75649.938342345,76120.0599173595,325.4687256298348,2026-06-30T05:00:00.000Z
2026-06-30T05:00:00.000Z,76120.0599173595,76825.12556295178,75728.80260700722,76432.26352522503,602.4684029177149,2026-06-30T06:00:00.000Z
2026-06-30T06:00:00.000Z,76432.26352522503,77152.52961885047,76180.9436456679,76899.67283268561,374.6236206379829,2026-06-30T07:00:00.000Z
2026-06-30T07:00:00.000Z,76899.67283268561,77246.27767549014,76806.62748869465,77152.92590601704,175.74727073113772,2026-06-30T08:00:00.000Z
2026-06-30T08:00:00.000Z,77152.92590601704,77708.16067738725,76951.67362432352,77505.98743983333,481.4313942480047,2026-06-30T09:00:00.000Z
2026-06-30T09:00:00.000Z,77505.98743983333,77795.35102679179,77376.84517997615,77665.94224655474,221.0166400862004,2026-06-30T10:00:00.000Z
2026-06-30T10:00:00.000Z,77665.94224655474,78571.67981127201,77167.7207913486,78070.86083234803,170.0877831643856,2026-06-30T11:00:00.000Z
2026-06-30T11:00:00.000Z,78070.86083234803,78306.02418658744,77818.62022718487,78053.73198628558,368.09847330120317,2026-06-30T12:00:00.000Z
2026-06-30T12:00:00.000Z,78053.73198628558,78703.0009055575,77817.79332819284,78465.81660948509,173.38594052632615,2026-06-30T13:00:00.000Z
2026-06-30T13:00:00.000Z,78465.81660948509,79134.16456918103,78055.2260412768,78722.23224673192,452.2168007456776,2026-06-30T14:00:00.000Z
2026-06-30T14:00:00.000Z,78722.23224673192,79188.75488373054,78170.96953083515,78636.98698852783,141.80017283270143,2026-06-30T15:00:00.000Z
2026-06-30T15:00:00.000Z,78636.98698852783,79317.67022538706,78378.14518853207,79057.44444605416,198.39560142643546,2026-06-30T16:00:00.000Z
2026-06-30T16:00:00.000Z,79057.44444605416,79147.12492517363,78914.32858620041,79003.9483809304,337.4843852769045,2026-06-30T17:00:00.000Z
2026-06-30T17:00:00.000Z,79003.9483809304,79157.89125845024,78873.8245049618,79027.7282157774,405.9292268501265,2026-06-30T18:00:00.000Z
2026-06-30T18:00:00.000Z,79027.7282157774,79573.882521485,78687.22383650579,79232.4958660399,181.19134143050354,2026-06-30T19:00:00.000Z
2026-06-30T19:00:00.000Z,79232.4958660399,79621.97092743649,78846.4549326523,79235.91334322818,599.1745396047712,2026-06-30T20:00:00.000Z
2026-06-30T20:00:00.000Z,79235.91334322818,79902.6610391833,78864.04485470714,79529.41509380263,229.4233824729097,2026-06-30T21:00:00.000Z
2026-06-30T21:00:00.000Z,79529.41509380263,79965.98674113207,79139.35718983566,79575.70182048743,317.5738442771015,2026-06-30T22:00:00.000Z
2026-06-30T22:00:00.000Z,79575.70182048743,79905.32263393149,79465.83843664518,79795.15626805252,199.12937530275872,2026-06-30T23:00:00.000Z
2026-06-30T23:00:00.000Z,79795.15626805252,80678.33758233092,79259.04356043719,80139.9086173874,571.4658150782184,2026-07-01T00:00:00.000Z
2026-07-01T00:00:00.000Z,80139.9086173874,80644.20935925508,79811.96994714861,80315.55194301772,353.67555732544304,2026-07-01T01:00:00.000Z
2026-07-01T01:00:00.000Z,80315.55194301772,81152.7618472533,79897.33416736794,80732.37360493706,112.44584462253648,2026-07-01T02:00:00.000Z
2026-07-01T02:00:00.000Z,80732.37360493706,81100.2235317119,80604.19779759191,80971.6678058035,185.30549299218947,2026-07-01T03:00:00.000Z
2026-07-01T03:00:00.000Z,80971.6678058035,81538.0505113092,80587.83256396868,81153.3540105891,331.07724284337706,2026-07-01T04:00:00.000Z
2026-07-01T04:00:00.000Z,81153.3540105891,81734.06641061699,80982.59404413239,81562.44564826124,668.4444999175354,2026-07-01T05:00:00.000Z
2026-07-01T05:00:00.000Z,81562.44564826124,81853.53082297942,81109.03304658008,81399.53682205548,587.6372200844983,2026-07-01T06:00:00.000Z
2026-07-01T06:00:00.000Z,81399.53682205548,82111.6002505895,80858.20023142612,81569.1357651683,467.628189254379,2026-07-01T07:00:00.000Z
2026-07-01T07:00:00.000Z,81569.1357651683,82321.98147180569,81243.63426838657,81994.7814366996,630.4758805457856,2026-07-01T08:00:00.000Z
2026-07-01T08:00:00.000Z,81994.7814366996,82272.18335712618,81875.34370400978,82152.51586052187,192.35827554592782,2026-07-01T09:00:00.000Z
2026-07-01T09:00:00.000Z,82152.51586052187,82630.68176379405,81534.24002830945,82011.58565213325,656.7538988575125,2026-07-01T10:00:00.000Z
2026-07-01T10:00:00.000Z,82011.58565213325,82328.43420222937,81920.14548246263,82236.74298967276,124.17721665658858,2026-07-01T11:00:00.000Z
2026-07-01T11:00:00.000Z,82236.74298967276,82397.26648690499,82034.96236963889,82195.4051767799,472.7502825543053,2026-07-01T12:00:00.000Z
2026-07-01T12:00:00.000Z,82195.4051767799,82549.29962665726,81883.59876251411,82237.33415575615,697.5141054939079,2026-07-01T13:00:00.000Z
2026-07-01T13:00:00.000Z,82237.33415575615,82640.32473702765,81883.38146855685,82286.16189334523,198.2192995484077,2026-07-01T14:00:00.000Z
2026-07-01T14:00:00.000Z,82286.16189334523,82612.46112649803,81949.7422789368,82276.0012207502,482.2326058439131,2026-07-01T15:00:00.000Z
2026-07-01T15:00:00.000Z,82276.0012207502,82950.58798722226,82101.84085751684,82775.37056791424,275.60580567252157,2026-07-01T16:00:00.000Z
2026-07-01T16:00:00.000Z,82775.37056791424,83258.10920753177,82079.0835268134,82560.56946540036,693.7410085432888,2026-07-01T17:00:00.000Z
2026-07-01T17:00:00.000Z,82560.56946540036,83113.03084117493,82288.3039997047,82839.84439203102,355.86120283969734,2026-07-01T18:00:00.000Z
2026-07-01T18:00:00.000Z,82839.84439203102,83073.10732199259,82457.07855113414,82689.91931755346,365.70269598891156,2026-07-01T19:00:00.000Z
2026-07-01T19:00:00.000Z,82689.91931755346,83168.2351091915,82434.04438770682,82911.67398373455,542.7040983190313,2026-07-01T20:00:00.000Z
2026-07-01T20:00:00.000Z,82911.67398373455,83300.27965195086,82823.79684540749,83212.08411235218,554.7753875398894,2026-07-01T21:00:00.000Z
2026-07-01T21:00:00.000Z,83212.08411235218,83490.34677746602,82590.28293058432,82867.39294239525,690.20479004374,2026-07-01T22:00:00.000Z
2026-07-01T22:00:00.000Z,82867.39294239525,83412.01040617141,82429.35742070468,82973.41445669762,549.4243352904098,2026-07-01T23:00:00.000Z
2026-07-01T23:00:00.000Z,82973.41445669762,83237.11889485587,82447.2797784878,82710.14750691761,366.95990686628966,2026-07-02T00:00:00.000Z
2026-07-02T00:00:00.000Z,82710.14750691761,83314.01900778164,82490.90608666294,83093.76073636918,664.658072388106,2026-07-02T01:00:00.000Z
2026-07-02T01:00:00.000Z,83093.76073636918,83341.12278851327,82501.09899704039,82747.43005640044,480.5995817205867,2026-07-02T02:00:00.000Z
2026-07-02T02:00:00.000Z,82747.43005640044,83008.76180540855,82301.33456807821,82562.08095019253,362.67942789135475,2026-07-02T03:00:00.000Z
2026-07-02T03:00:00.000Z,82562.08095019253,82975.54192395193,81861.37059359894,82273.38581684454,543.505007328235,2026-07-02T04:00:00.000Z
2026-07-02T04:00:00.000Z,82273.38581684454,82666.4798512283,81760.00575211675,82152.52231272851,417.0261907936196,2026-07-02T05:00:00.000Z
2026-07-02T05:00:00.000Z,82152.52231272851,82385.79374136105,81885.4931859778,82118.66848694335,534.1787394295347,2026-07-02T06:00:00.000Z
2026-07-02T06:00:00.000Z,82118.66848694335,82472.48822444733,81465.41165103632,81817.9356391177,130.3825521983125,2026-07-02T07:00:00.000Z
2026-07-02T07:00:00.000Z,81817.9356391177,82388.59432149917,80946.6769170284,81515.22426683347,242.518092571999,2026-07-02T08:00:00.000Z
2026-07-02T08:00:00.000Z,81515.22426683347,81830.10165416084,80975.22526304792,81289.22967742449,215.77491802897998,2026-07-02T09:00:00.000Z
2026-07-02T09:00:00.000Z,81289.22967742449,81694.20506937959,80572.29718049355,80975.71064977314,691.2933964241731,2026-07-02T10:00:00.000Z
2026-07-02T10:00:00.000Z,80975.71064977314,81531.99273231936,80156.22166875137,80710.68308079254,172.10241382573844,2026-07-02T11:00:00.000Z
2026-07-02T11:00:00.000Z,80710.68308079254,81201.30457969701,80388.70677164069,80878.65817337493,357.81068320284163,2026-07-02T12:00:00.000Z
2026-07-02T12:00:00.000Z,80878.65817337493,81234.12362892072,80690.5483183141,81045.62543670871,619.2708565477611,2026-07-02T13:00:00.000Z
2026-07-02T13:00:00.000Z,81045.62543670871,81491.70490487778,80720.00671036432,81165.6041375651,183.99720028228927,2026-07-02T14:00:00.000Z
2026-07-02T14:00:00.000Z,81165.6041375651,81936.14806381767,80706.98395201274,81475.77527938888,469.8523113363666,2026-07-02T15:00:00.000Z
2026-07-02T15:00:00.000Z,81475.77527938888,81832.61121215332,80901.58484911831,81257.464656279,689.1739986786498,2026-07-02T16:00:00.000Z
2026-07-02T16:00:00.000Z,81257.464656279,81682.55519735134,81029.06839604271,81453.60762382405,265.61296105646204,2026-07-02T17:00:00.000Z
2026-07-02T17:00:00.000Z,81453.60762382405,81870.69196852738,80757.87696224099,81173.52715093938,248.01422997751004,2026-07-02T18:00:00.000Z
2026-07-02T18:00:00.000Z,81173.52715093938,81472.60323078842,80618.27928239392,80916.40803149369,378.0454633189577,2026-07-02T19:00:00.000Z
2026-07-02T19:00:00.000Z,80916.40803149369,81255.9634256246,80605.4115283367,80944.85757864114,651.8255297801576,2026-07-02T20:00:00.000Z
2026-07-02T20:00:00.000Z,80944.85757864114,81509.1834615858,80435.54691738258,80999.52880517583,681.0364405536262,2026-07-02T21:00:00.000Z
2026-07-02T21:00:00.000Z,80999.52880517583,81496.86521570403,80737.52831814579,81234.10596709138,380.0017961673447,2026-07-02T22:00:00.000Z
2026-07-02T22:00:00.000Z,81234.10596709138,81553.20810657322,80797.99016655315,81116.63084267436,291.07298356996523,2026-07-02T23:00:00.000Z
2026-07-02T23:00:00.000Z,81116.63084267436,81531.216998483,80553.24825439847,80967.0700065148,438.1318721632156,2026-07-03T00:00:00.000Z
2026-07-03T00:00:00.000Z,80967.0700065148,81638.11669801836,80413.1414944794,81083.39237754018,549.2684492139465,2026-07-03T01:00:00.000Z
2026-07-03T01:00:00.000Z,81083.39237754018,81580.4487787526,80791.85430207232,81288.17440259819,413.6069953970644,2026-07-03T02:00:00.000Z
2026-07-03T02:00:00.000Z,81288.17440259819,81591.01426966106,81115.08943486161,81417.65360495224,274.3571591444114,2026-07-03T03:00:00.000Z
2026-07-03T03:00:00.000Z,81417.65360495224,81942.18703215924,80571.12909130073,81093.57463899793,313.75178108632184,2026-07-03T04:00:00.000Z
2026-07-03T04:00:00.000Z,81093.57463899793,81698.73867041786,80536.82488087521,81141.65878948,283.60011763107036,2026-07-03T05:00:00.000Z
2026-07-03T05:00:00.000Z,81141.65878948,81845.79892200383,80781.17407440246,81483.79421591849,376.8649239450995,2026-07-03T06:00:00.000Z
2026-07-03T06:00:00.000Z,81483.79421591849,81997.75981265934,80948.10337625913,81461.93106944219,350.6552256879654,2026-07-03T07:00:00.000Z
2026-07-03T07:00:00.000Z,81461.93106944219,81779.11060875298,80993.61203360505,81310.20079711117,360.4085155112709,2026-07-03T08:00:00.000Z
2026-07-03T08:00:00.000Z,81310.20079711117,81440.92043943868,81178.57219070046,81309.29036936427,204.1852811836569,2026-07-03T09:00:00.000Z
2026-07-03T09:00:00.000Z,81309.29036936427,81589.39152251692,80974.943171807,81254.8568076003,418.1863979055483,2026-07-03T10:00:00.000Z
2026-07-03T10:00:00.000Z,81254.8568076003,81976.19807195499,80867.44760077722,81587.20428939858,289.04497734692177,2026-07-03T11:00:00.000Z
2026-07-03T11:00:00.000Z,81587.20428939858,81871.34893781404,81212.37717797274,81496.20490182615,392.26599656616617,2026-07-03T12:00:00.000Z
2026-07-03T12:00:00.000Z,81496.20490182615,82228.07733991944,80963.00707096788,81693.58810785509,563.5072823909611,2026-07-03T13:00:00.000Z
2026-07-03T13:00:00.000Z,81693.58810785509,81960.81374355975,81443.03383304579,81710.20849401792,107.72462617965631,2026-07-03T14:00:00.000Z
2026-07-03T14:00:00.000Z,81710.20849401792,82203.35438793684,81064.26528339786,81556.48339974246,534.3170151274264,2026-07-03T15:00:00.000Z
2026-07-03T15:00:00.000Z,81556.48339974246,82220.55872646612,81154.36380547985,81817.15387929526,201.66069190095212,2026-07-03T16:00:00.000Z
2026-07-03T16:00:00.000Z,81817.15387929526,82345.3898154778,81360.42292891168,81888.26191604788,634.3104500948966,2026-07-03T17:00:00.000Z
2026-07-03T17:00:00.000Z,81888.26191604788,82247.20146783082,81778.64793904174,82137.25419477861,351.14678966400527,2026-07-03T18:00:00.000Z
2026-07-03T18:00:00.000Z,82137.25419477861,82667.77093517112,81204.70863877435,81732.61183249834,282.0138407787373,2026-07-03T19:00:00.000Z
2026-07-03T19:00:00.000Z,81732.61183249834,82300.99689244025,81107.37731380793,81675.36426260773,526.6283833545765,2026-07-03T20:00:00.000Z
2026-07-03T20:00:00.000Z,81675.36426260773,82098.89304611519,81239.53371298527,81662.99837299316,294.1755151349006,2026-07-03T21:00:00.000Z
2026-07-03T21:00:00.000Z,81662.99837299316,82224.37784291177,80803.57146257866,81362.88786992937,108.4590351248435,2026-07-03T22:00:00.000Z
2026-07-03T22:00:00.000Z,81362.88786992937,82080.53919759371,80912.79658280505,81628.97593812135,462.83685451505556,2026-07-03T23:00:00.000Z
2026-07-03T23:00:00.000Z,81628.97593812135,81787.45644813593,81526.51761254763,81684.92789328916,565.9453366258858,2026-07-04T00:00:00.000Z
2026-07-04T00:00:00.000Z,81684.92789328916,82478.13112273031,81126.37785536707,81917.98745632463,590.003233258614,2026-07-04T01:00:00.000Z
2026-07-04T01:00:00.000Z,81917.98745632463,82264.23920102166,81733.23613201824,82079.12446110958,317.3259693278586,2026-07-04T02:00:00.000Z
2026-07-04T02:00:00.000Z,82079.12446110958,82462.1799449857,81750.76427210937,82133.60181756111,694.6455748726826,2026-07-04T03:00:00.000Z
2026-07-04T03:00:00.000Z,82133.60181756111,82239.47955536793,81604.13558977561,81709.46657839995,576.2853937578785,2026-07-04T04:00:00.000Z
2026-07-04T04:00:00.000Z,81709.46657839995,82278.8343042762,81110.01714025628,81679.17377992059,650.0553254736844,2026-07-04T05:00:00.000Z
2026-07-04T05:00:00.000Z,81679.17377992059,82389.05515058196,81248.76123005382,81957.17764524357,533.91291910499,2026-07-04T06:00:00.000Z
2026-07-04T06:00:00.000Z,81957.17764524357,82285.22572456893,81655.16633042907,81983.11881681724,161.35519289474712,2026-07-04T07:00:00.000Z
2026-07-04T07:00:00.000Z,81983.11881681724,82602.86848431292,81417.1182524772,82036.49938760154,529.5904711026653,2026-07-04T08:00:00.000Z
2026-07-04T08:00:00.000Z,82036.49938760154,82194.62696567528,81846.09495060737,82004.16019400817,194.8443983191831,2026-07-04T09:00:00.000Z
2026-07-04T09:00:00.000Z,82004.16019400817,82559.36494033248,81568.33561261636,82122.90924758675,156.26353931439274,2026-07-04T10:00:00.000Z
2026-07-04T10:00:00.000Z,82122.90924758675,82597.13158270543,81243.05301798388,81714.91939785183,275.7377488425643,2026-07-04T11:00:00.000Z
2026-07-04T11:00:00.000Z,81714.91939785183,82180.75179937632,81336.57702412378,81802.0062112543,288.24261798907196,2026-07-04T12:00:00.000Z
2026-07-04T12:00:00.000Z,81802.0062112543,82596.89656420927,81238.4926626893,82031.80002358064,321.6786846619466,2026-07-04T13:00:00.000Z
2026-07-04T13:00:00.000Z,82031.80002358064,82317.16883740517,81681.45201715664,81966.59399496105,349.25159553496707,2026-07-04T14:00:00.000Z
2026-07-04T14:00:00.000Z,81966.59399496105,82508.4454802016,81628.57432569709,82169.58868699094,390.1807905594729,2026-07-04T15:00:00.000Z
2026-07-04T15:00:00.000Z,82169.58868699094,82472.22252971772,81697.51879342386,81999.52628961974,484.52638657043053,2026-07-04T16:00:00.000Z
2026-07-04T16:00:00.000Z,81999.52628961974,82568.23615507706,81099.63559674747,81666.03250733005,338.93533658186686,2026-07-04T17:00:00.000Z
2026-07-04T17:00:00.000Z,81666.03250733005,82210.41419870242,81342.74799897432,81886.2579024515,446.84586215151745,2026-07-04T18:00:00.000Z
2026-07-04T18:00:00.000Z,81886.2579024515,82233.18349805039,81578.47237480333,81925.25140568824,439.90775744426423,2026-07-04T19:00:00.000Z
2026-07-04T19:00:00.000Z,81925.25140568824,82352.16401270723,81282.26318018333,81708.04391866416,530.2016856289476,2026-07-04T20:00:00.000Z
2026-07-04T20:00:00.000Z,81708.04391866416,81845.52318565293,81562.07812340317,81699.5430871725,690.5349641062948,2026-07-04T21:00:00.000Z
2026-07-04T21:00:00.000Z,81699.5430871725,81945.63331788799,81594.04309532017,81839.95201363125,116.13159711292553,2026-07-04T22:00:00.000Z
2026-07-04T22:00:00.000Z,81839.95201363125,82156.99669965976,81667.07221725096,81983.81300941046,132.89520956245028,2026-07-04T23:00:00.000Z
2026-07-04T23:00:00.000Z,81983.81300941046,82157.66814865093,81642.15853737242,81815.65708461446,697.8602437292507,2026-07-05T00:00:00.000Z
2026-07-05T00:00:00.000Z,81815.65708461446,82236.69743861383,80944.67387003906,81363.38674700241,231.06630925604438,2026-07-05T01:00:00.000Z
2026-07-05T01:00:00.000Z,81363.38674700241,81723.5109705795,80790.65694103998,81149.83596293136,182.16095719587102,2026-07-05T02:00:00.000Z
2026-07-05T02:00:00.000Z,81149.83596293136,81265.0541305601,80879.83684201694,80994.83493607333,691.6299924215441,2026-07-05T03:00:00.000Z
2026-07-05T03:00:00.000Z,80994.83493607333,81420.17428820342,80471.19953104241,80896.01996246741,691.8080673514903,2026-07-05T04:00:00.000Z
2026-07-05T04:00:00.000Z,80896.01996246741,81450.41736761946,80235.0654602498,80788.72756810221,589.8846365929976,2026-07-05T05:00:00.000Z
2026-07-05T05:00:00.000Z,80788.72756810221,81275.78785278462,80162.56955868645,80648.78616253757,429.20592060741313,2026-07-05T06:00:00.000Z
2026-07-05T06:00:00.000Z,80648.78616253757,81048.6857935705,80197.43258056778,80597.07580410545,405.65111697914597,2026-07-05T07:00:00.000Z
2026-07-05T07:00:00.000Z,80597.07580410545,81067.65510750074,80213.58493605499,80683.7518242124,178.74273968801964,2026-07-05T08:00:00.000Z
2026-07-05T08:00:00.000Z,80683.7518242124,80953.44678044925,80441.44599342745,80711.05894215041,202.98502170619787,2026-07-05T09:00:00.000Z
2026-07-05T09:00:00.000Z,80711.05894215041,81230.98251205505,80267.36712512026,80786.87391837743,489.46858522923134,2026-07-05T10:00:00.000Z
2026-07-05T10:00:00.000Z,80786.87391837743,81344.54961782473,80219.38512063824,80776.9926089283,353.4189185376367,2026-07-05T11:00:00.000Z
2026-07-05T11:00:00.000Z,80776.9926089283,80957.03821599466,80603.13657287214,80783.16888675753,564.6772692281181,2026-07-05T12:00:00.000Z
2026-07-05T12:00:00.000Z,80783.16888675753,81291.9838627907,80062.94599672871,80570.42097427604,134.44653974587402,2026-07-05T13:00:00.000Z
2026-07-05T13:00:00.000Z,80570.42097427604,80890.28270581916,80415.80298360558,80735.34821291454,333.2398847831599,2026-07-05T14:00:00.000Z
2026-07-05T14:00:00.000Z,80735.34821291454,81244.67070971993,80053.01683892975,80561.24097254801,169.90598108149413,2026-07-05T15:00:00.000Z
2026-07-05T15:00:00.000Z,80561.24097254801,80813.06279692888,79952.62518718341,80203.32823238325,605.0230550137455,2026-07-05T16:00:00.000Z
2026-07-05T16:00:00.000Z,80203.32823238325,80456.5690238054,79849.19691699516,80102.11813908406,384.7372864767617,2026-07-05T17:00:00.000Z
2026-07-05T17:00:00.000Z,80102.11813908406,80789.67917212653,79623.82230839044,80310.14121981972,587.3392881300949,2026-07-05T18:00:00.000Z
2026-07-05T18:00:00.000Z,80310.14121981972,80841.8194921236,79425.92403866292,79955.25283880284,360.06651821549355,2026-07-05T19:00:00.000Z
2026-07-05T19:00:00.000Z,79955.25283880284,80424.91319916167,79643.83946331141,80112.88586734136,667.2264230284962,2026-07-05T20:00:00.000Z
2026-07-05T20:00:00.000Z,80112.88586734136,80623.50737001422,79804.9689270688,80314.81431005055,234.71838772982284,2026-07-05T21:00:00.000Z
2026-07-05T21:00:00.000Z,80314.81431005055,80496.9616812344,80139.0371058243,80321.17056569109,384.23933325532795,2026-07-05T22:00:00.000Z
2026-07-05T22:00:00.000Z,80321.17056569109,80591.76675552527,79576.25345911641,79845.24629464827,556.2291892507249,2026-07-05T23:00:00.000Z
2026-07-05T23:00:00.000Z,79845.24629464827,80317.09760098744,79418.34038952815,79889.95266580943,542.4196455825211,2026-07-06T00:00:00.000Z
2026-07-06T00:00:00.000Z,79889.95266580943,80577.38750694218,79371.93469472442,80058.27808954165,101.1121028108113,2026-07-06T01:00:00.000Z
2026-07-06T01:00:00.000Z,80058.27808954165,80233.12338476909,79506.21233089808,79680.23198279768,407.1464599609125,2026-07-06T02:00:00.000Z
2026-07-06T02:00:00.000Z,79680.23198279768,79889.60876330106,79475.51170771816,79684.8765550471,577.2663563849713,2026-07-06T03:00:00.000Z
2026-07-06T03:00:00.000Z,79684.8765550471,79971.07875041774,78934.34640837631,79218.8748770745,528.5177691041108,2026-07-06T04:00:00.000Z
2026-07-06T04:00:00.000Z,79218.8748770745,79558.41349739039,78751.03934544222,79090.0257076088,618.582697826709,2026-07-06T05:00:00.000Z
2026-07-06T05:00:00.000Z,79090.0257076088,79561.1581742536,78398.36544124817,78868.1763705123,185.04628710683727,2026-07-06T06:00:00.000Z
2026-07-06T06:00:00.000Z,78868.1763705123,79204.9666315659,78256.55367904982,78592.16529178752,482.28847066978386,2026-07-06T07:00:00.000Z
2026-07-06T07:00:00.000Z,78592.16529178752,79096.94421835554,77988.66033503578,78492.80106865279,139.38315717474705,2026-07-06T08:00:00.000Z
2026-07-06T08:00:00.000Z,78492.80106865279,78829.80426482524,77811.95500498344,78147.47557096746,364.57376594868197,2026-07-06T09:00:00.000Z
2026-07-06T09:00:00.000Z,78147.47557096746,78237.51839301451,77953.62803516274,78043.55111372042,330.5137341984146,2026-07-06T10:00:00.000Z
2026-07-06T10:00:00.000Z,78043.55111372042,78484.97868955504,77444.36070076849,77884.89086731107,524.560042016469,2026-07-06T11:00:00.000Z
2026-07-06T11:00:00.000Z,77884.89086731107,78654.00942050929,77352.11729923663,78119.63011268312,270.9064279547457,2026-07-06T12:00:00.000Z
2026-07-06T12:00:00.000Z,78119.63011268312,78712.71583494869,77578.87248226831,78171.59847054622,696.9373154439671,2026-07-06T13:00:00.000Z
2026-07-06T13:00:00.000Z,78171.59847054622,78419.73557872158,77859.73902682588,78107.67321952761,381.5773237876488,2026-07-06T14:00:00.000Z
2026-07-06T14:00:00.000Z,78107.67321952761,78486.77287903464,77834.554328499,78213.28469663786,499.17303845247864,2026-07-06T15:00:00.000Z
2026-07-06T15:00:00.000Z,78213.28469663786,78771.70290564935,77798.01089408137,78355.67309124274,484.54622234429524,2026-07-06T16:00:00.000Z
2026-07-06T16:00:00.000Z,78355.67309124274,79016.96444511876,78035.42236212487,78695.32550848537,458.8448784122453,2026-07-06T17:00:00.000Z
2026-07-06T17:00:00.000Z,78695.32550848537,79303.8439728303,78473.50408134381,79080.93561221492,451.3058798160897,2026-07-06T18:00:00.000Z
2026-07-06T18:00:00.000Z,79080.93561221492,79638.34846336096,78783.42205126838,79339.8607896153,228.9071796130888,2026-07-06T19:00:00.000Z
2026-07-06T19:00:00.000Z,79339.8607896153,80059.46688621752,79054.95532889676,79773.00602269187,509.40266428953163,2026-07-06T20:00:00.000Z
2026-07-06T20:00:00.000Z,79773.00602269187,80121.1743891868,79247.02058249823,79594.409466379,395.80295574655895,2026-07-06T21:00:00.000Z
2026-07-06T21:00:00.000Z,79594.409466379,80273.4210875027,79371.98669576996,80049.7259567371,435.7696333600998,2026-07-06T22:00:00.000Z
2026-07-06T22:00:00.000Z,80049.7259567371,80563.02487059332,79657.45596324217,80170.16468769245,382.94918876278643,2026-07-06T23:00:00.000Z
2026-07-06T23:00:00.000Z,80170.16468769245,80951.29911496412,79809.30587221039,80588.55704812316,301.22616477367757,2026-07-07T00:00:00.000Z
2026-07-07T00:00:00.000Z,80588.55704812316,81430.68470806167,80024.63088747939,80864.8253335817,259.51790900878507,2026-07-07T01:00:00.000Z
2026-07-07T01:00:00.000Z,80864.8253335817,81207.43617669135,80567.87682391929,80910.320601165,197.91251406907685,2026-07-07T02:00:00.000Z
2026-07-07T02:00:00.000Z,80910.320601165,81433.788674979,80674.16077819299,81196.79270156272,601.8011050772859,2026-07-07T03:00:00.000Z
2026-07-07T03:00:00.000Z,81196.79270156272,81688.18065354801,80694.71969894231,81186.04259326305,685.1385294390557,2026-07-07T04:00:00.000Z
2026-07-07T04:00:00.000Z,81186.04259326305,81729.55143380411,80940.21851186846,81482.82871057001,409.3962303872202,2026-07-07T05:00:00.000Z
2026-07-07T05:00:00.000Z,81482.82871057001,82039.99141125956,81223.47586519382,81779.693670214,523.7477836309689,2026-07-07T06:00:00.000Z
2026-07-07T06:00:00.000Z,81779.693670214,82368.71033146957,81620.74987584943,82208.93228582342,142.3798940341826,2026-07-07T07:00:00.000Z
2026-07-07T07:00:00.000Z,82208.93228582342,82554.12705437776,81739.65953759325,82084.33110661169,648.2986660433461,2026-07-07T08:00:00.000Z
2026-07-07T08:00:00.000Z,82084.33110661169,82685.72353337333,81824.1549346562,82424.46925260502,381.03821346584624,2026-07-07T09:00:00.000Z
2026-07-07T09:00:00.000Z,82424.46925260502,82812.98342930297,82072.28592226854,82460.64552496445,496.14498931735056,2026-07-07T10:00:00.000Z
2026-07-07T10:00:00.000Z,82460.64552496445,82907.61774115986,82297.76848551598,82744.1806604559,534.3830905083488,2026-07-07T11:00:00.000Z
2026-07-07T11:00:00.000Z,82744.1806604559,83406.30176237461,82452.31266991877,83113.13234874037,423.33781389675,2026-07-07T12:00:00.000Z
2026-07-07T12:00:00.000Z,83113.13234874037,83438.60347500023,82736.31340629082,83061.58266392293,223.22182353735985,2026-07-07T13:00:00.000Z
2026-07-07T13:00:00.000Z,83061.58266392293,83810.8532783443,82574.88349623686,83322.6245363596,258.0901004178869,2026-07-07T14:00:00.000Z
2026-07-07T14:00:00.000Z,83322.6245363596,83689.82930170973,83006.01722053191,83373.0304546792,483.66152084603044,2026-07-07T15:00:00.000Z
2026-07-07T15:00:00.000Z,83373.0304546792,84010.24249183247,83262.39349071226,83898.90768277559,108.10233429451581,2026-07-07T16:00:00.000Z
2026-07-07T16:00:00.000Z,83898.90768277559,84902.7987707435,83397.7588723334,84398.66478819586,634.4664948687267,2026-07-07T17:00:00.000Z
2026-07-07T17:00:00.000Z,84398.66478819586,84837.70731499736,83957.5811337825,84396.61298709834,414.79350520055436,2026-07-07T18:00:00.000Z
2026-07-07T18:00:00.000Z,84396.61298709834,85241.14245415232,84004.07641084828,84846.5133490497,293.60545463562266,2026-07-07T19:00:00.000Z
2026-07-07T19:00:00.000Z,84846.5133490497,84936.41307838049,84689.10144444538,84778.92956489486,597.6912931062707,2026-07-07T20:00:00.000Z
2026-07-07T20:00:00.000Z,84778.92956489486,85326.02985187017,84127.73665902788,84674.1608464556,390.3544261541005,2026-07-07T21:00:00.000Z
2026-07-07T21:00:00.000Z,84674.1608464556,85128.3926152108,84228.6632776614,84682.84933353523,494.82434168216975,2026-07-07T22:00:00.000Z
2026-07-07T22:00:00.000Z,84682.84933353523,85427.59599855362,84235.78149225198,84978.96486866937,152.74968037975472,2026-07-07T23:00:00.000Z
2026-07-07T23:00:00.000Z,84978.96486866937,85724.90732746669,84469.14068368918,85213.67501859284,218.9356557647398,2026-07-08T00:00:00.000Z
2026-07-08T00:00:00.000Z,85213.67501859284,86011.74289457082,84636.67348915998,85433.25454133384,208.9579075150927,2026-07-08T01:00:00.000Z
2026-07-08T01:00:00.000Z,85433.25454133384,85566.39781273171,85141.0278710584,85273.92283229773,283.2924341705127,2026-07-08T02:00:00.000Z
2026-07-08T02:00:00.000Z,85273.92283229773,85705.54659349633,84862.7902363389,85294.31567717208,187.130102276397,2026-07-08T03:00:00.000Z
2026-07-08T03:00:00.000Z,85294.31567717208,85772.52004277942,85093.08872609353,85570.64118261966,319.29303436507143,2026-07-08T04:00:00.000Z
2026-07-08T04:00:00.000Z,85570.64118261966,86088.28463134362,85411.2751742725,85928.25261062314,520.8747220322838,2026-07-08T05:00:00.000Z
2026-07-08T05:00:00.000Z,85928.25261062314,86354.86052054155,85581.2097569233,86007.49761596254,129.5399661313463,2026-07-08T06:00:00.000Z
2026-07-08T06:00:00.000Z,86007.49761596254,86296.57404449578,85845.45638694943,86134.29392665798,299.4465760884092,2026-07-08T07:00:00.000Z
2026-07-08T07:00:00.000Z,86134.29392665798,87016.67194007519,85666.78209857864,86546.92049531553,549.4572554945281,2026-07-08T08:00:00.000Z
2026-07-08T08:00:00.000Z,86546.92049531553,87118.71301574992,85779.4477663685,86349.93888159117,338.57567805730537,2026-07-08T09:00:00.000Z
2026-07-08T09:00:00.000Z,86349.93888159117,86962.22876519743,86207.82314256074,86819.3404795288,115.7110485321428,2026-07-08T10:00:00.000Z
2026-07-08T10:00:00.000Z,86819.3404795288,87033.06201753594,86444.15404938691,86657.47713143354,347.58804452027573,2026-07-08T11:00:00.000Z
2026-07-08T11:00:00.000Z,86657.47713143354,87199.33590283374,86019.56382133102,86560.81819604547,214.7525951800647,2026-07-08T12:00:00.000Z
2026-07-08T12:00:00.000Z,86560.81819604547,86731.24344628757,86338.83395281353,86509.15749088624,645.8714610644948,2026-07-08T13:00:00.000Z
2026-07-08T13:00:00.000Z,86509.15749088624,87071.48074541677,86175.07037031677,86736.51559739513,444.91929958803547,2026-07-08T14:00:00.000Z
2026-07-08T14:00:00.000Z,86736.51559739513,87078.88433185236,86618.52278418439,86960.58670146346,355.63461876271043,2026-07-08T15:00:00.000Z
2026-07-08T15:00:00.000Z,86960.58670146346,87426.33735520509,86710.1256912942,87175.25805569036,496.63923242904207,2026-07-08T16:00:00.000Z
2026-07-08T16:00:00.000Z,87175.25805569036,87774.34409828437,86614.23074865445,87213.0734256919,155.6491326799845,2026-07-08T17:00:00.000Z
2026-07-08T17:00:00.000Z,87213.0734256919,87582.60069964395,87116.77915213376,87486.00507499398,505.5635361026803,2026-07-08T18:00:00.000Z
2026-07-08T18:00:00.000Z,87486.00507499398,87814.56623147942,87183.36902463027,87511.84080882765,563.1522811312007,2026-07-08T19:00:00.000Z
2026-07-08T19:00:00.000Z,87511.84080882765,88044.72647994044,87129.01685023074,87661.24892969526,487.6592139656,2026-07-08T20:00:00.000Z
2026-07-08T20:00:00.000Z,87661.24892969526,88316.11495664863,87405.21046555095,88058.91500083794,340.40344396624874,2026-07-08T21:00:00.000Z
2026-07-08T21:00:00.000Z,88058.91500083794,88582.71026364298,87238.89912967625,87760.92185876149,601.2849357450777,2026-07-08T22:00:00.000Z
2026-07-08T22:00:00.000Z,87760.92185876149,88340.13395575841,87458.55054722127,88036.81209253687,680.5505474938781,2026-07-08T23:00:00.000Z
2026-07-08T23:00:00.000Z,88036.81209253687,88530.1875858342,87315.75047723281,87807.84278178263,171.13122645352558,2026-07-09T00:00:00.000Z
2026-07-09T00:00:00.000Z,87807.84278178263,88008.01912904425,87628.59621852366,87828.72992780418,697.3928221489269,2026-07-09T01:00:00.000Z
2026-07-09T01:00:00.000Z,87828.72992780418,88471.041481302,87576.37088965811,88217.5651994564,369.6323143642546,2026-07-09T02:00:00.000Z
2026-07-09T02:00:00.000Z,88217.5651994564,88902.12213684253,87830.74079108855,88513.99790337686,486.31670940030216,2026-07-09T03:00:00.000Z
2026-07-09T03:00:00.000Z,88513.99790337686,89028.00841220857,87918.53917756904,88432.0739449752,409.520036685057,2026-07-09T04:00:00.000Z
2026-07-09T04:00:00.000Z,88432.0739449752,88726.64172367663,87895.35977620454,88189.11826806152,421.9704215051468,2026-07-09T05:00:00.000Z
2026-07-09T05:00:00.000Z,88189.11826806152,89154.09983262641,87584.75708266179,88547.28413185943,259.16731607130134,2026-07-09T06:00:00.000Z
2026-07-09T06:00:00.000Z,88547.28413185943,88722.27270644032,88423.40421532096,88598.32138747512,542.3112577955757,2026-07-09T07:00:00.000Z
2026-07-09T07:00:00.000Z,88598.32138747512,89432.91681953224,88083.2918801195,88916.04038487433,250.71266468181867,2026-07-09T08:00:00.000Z
2026-07-09T08:00:00.000Z,88916.04038487433,89267.87754810827,88752.92370629506,89104.41529532678,447.9775473233208,2026-07-09T09:00:00.000Z
2026-07-09T09:00:00.000Z,89104.41529532678,89662.71177023483,88508.89901853749,89066.96081704793,666.547420698473,2026-07-09T10:00:00.000Z
2026-07-09T10:00:00.000Z,89066.96081704793,89822.7003028636,88682.09454940063,89436.23835410054,654.3388599317236,2026-07-09T11:00:00.000Z
2026-07-09T11:00:00.000Z,89436.23835410054,90351.06627519344,88908.93145892296,89821.48798765993,234.9480990948845,2026-07-09T12:00:00.000Z
2026-07-09T12:00:00.000Z,89821.48798765993,90175.29858190299,89180.99317875406,89533.67004609924,547.5255942193445,2026-07-09T13:00:00.000Z
2026-07-09T13:00:00.000Z,89533.67004609924,90049.83284579928,89389.53669162486,89905.10155237155,229.3876970789338,2026-07-09T14:00:00.000Z
2026-07-09T14:00:00.000Z,89905.10155237155,90129.78195077307,89589.47504123744,89813.92758824643,210.4338145397761,2026-07-09T15:00:00.000Z
2026-07-09T15:00:00.000Z,89813.92758824643,90137.38622748478,89456.18407256818,89779.51879090625,124.6361456926149,2026-07-09T16:00:00.000Z
2026-07-09T16:00:00.000Z,89779.51879090625,90038.9112787206,89215.87411932823,89474.3850095161,106.56021330811093,2026-07-09T17:00:00.000Z
2026-07-09T17:00:00.000Z,89474.3850095161,90051.74779349052,89127.49125359007,89703.96395597287,103.30177610893817,2026-07-09T18:00:00.000Z
2026-07-09T18:00:00.000Z,89703.96395597287,89827.71390506692,89588.68130201945,89712.4203833731,544.1981694866895,2026-07-09T19:00:00.000Z
2026-07-09T19:00:00.000Z,89712.4203833731,90484.61905238652,89146.24816243614,89917.15475933906,644.043025162091,2026-07-09T20:00:00.000Z
2026-07-09T20:00:00.000Z,89917.15475933906,90246.50576288681,89647.96534239623,89977.13677482854,594.4078381612933,2026-07-09T21:00:00.000Z
2026-07-09T21:00:00.000Z,89977.13677482854,90240.01671194696,89480.2325204446,89742.4267215387,584.1948269327147,2026-07-09T22:00:00.000Z
2026-07-09T22:00:00.000Z,89742.4267215387,90103.48786918576,89081.26700856423,89441.1158908615,568.5918834379836,2026-07-09T23:00:00.000Z
2026-07-09T23:00:00.000Z,89441.1158908615,89667.8700524762,88863.26203798657,89089.12381731445,367.851640222525,2026-07-10T00:00:00.000Z
2026-07-10T00:00:00.000Z,89089.12381731445,89724.20926311845,88851.33053054947,89485.35836223932,460.25001926359255,2026-07-10T01:00:00.000Z
2026-07-10T01:00:00.000Z,89485.35836223932,89837.69631592878,88913.23189805348,89264.70103978437,156.3198698946833,2026-07-10T02:00:00.000Z
2026-07-10T02:00:00.000Z,89264.70103978437,89885.0922312483,88753.9745978894,89373.74191387961,495.95835981702356,2026-07-10T03:00:00.000Z
2026-07-10T03:00:00.000Z,89373.74191387961,89715.99447905426,88923.14183355418,89264.97789199329,562.0535407504316,2026-07-10T04:00:00.000Z
2026-07-10T04:00:00.000Z,89264.97789199329,89752.9993757539,89019.6689694962,89507.02528326353,528.5963338001615,2026-07-10T05:00:00.000Z
2026-07-10T05:00:00.000Z,89507.02528326353,89783.4365821416,89318.44498021675,89594.67161903591,428.36428393067996,2026-07-10T06:00:00.000Z
2026-07-10T06:00:00.000Z,89594.67161903591,90101.80031407713,88641.2491229134,89145.83730122782,190.71049172929975,2026-07-10T07:00:00.000Z
2026-07-10T07:00:00.000Z,89145.83730122782,89650.68135282237,88933.5397058742,89437.68872383515,526.4141628641701,2026-07-10T08:00:00.000Z
2026-07-10T08:00:00.000Z,89437.68872383515,89734.7855266115,89126.5559566219,89423.60597891286,599.7795230242328,2026-07-10T09:00:00.000Z
2026-07-10T09:00:00.000Z,89423.60597891286,89578.41998982473,89324.01365398198,89478.76623214572,419.1765920814018,2026-07-10T10:00:00.000Z
2026-07-10T10:00:00.000Z,89478.76623214572,89742.57216145608,89279.08059089212,89542.74374453486,140.77780863306384,2026-07-10T11:00:00.000Z
2026-07-10T11:00:00.000Z,89542.74374453486,89853.72484757625,88963.5295192652,89273.57580459422,255.22105514780668,2026-07-10T12:00:00.000Z
2026-07-10T12:00:00.000Z,89273.57580459422,89722.54995602787,88355.43957159638,88802.0422894009,366.72552510477857,2026-07-10T13:00:00.000Z
2026-07-10T13:00:00.000Z,88802.0422894009,88996.18849430748,88478.49080939627,88672.35347813774,682.2323241188342,2026-07-10T14:00:00.000Z
2026-07-10T14:00:00.000Z,88672.35347813774,89232.15656950233,87882.00398634525,88440.34235347822,134.38587767741916,2026-07-10T15:00:00.000Z
2026-07-10T15:00:00.000Z,88440.34235347822,89023.17528282577,87555.07140914936,88135.8980121695,623.433280048628,2026-07-10T16:00:00.000Z
2026-07-10T16:00:00.000Z,88135.8980121695,88503.09237028853,87492.41057774662,87858.44901975225,181.53567168933137,2026-07-10T17:00:00.000Z
2026-07-10T17:00:00.000Z,87858.44901975225,88552.45432050656,87451.81715867206,88144.49854746216,318.7975948764,2026-07-10T18:00:00.000Z
2026-07-10T18:00:00.000Z,88144.49854746216,88550.80093317167,87974.10446400734,88379.95169002921,598.4148963812809,2026-07-10T19:00:00.000Z
2026-07-10T19:00:00.000Z,88379.95169002921,88787.0399055408,87848.68532443681,88255.19891432495,297.37272979569286,2026-07-10T20:00:00.000Z
2026-07-10T20:00:00.000Z,88255.19891432495,88635.17542932103,87994.98018057291,88374.60463014331,111.19024307056807,2026-07-10T21:00:00.000Z
2026-07-10T21:00:00.000Z,88374.60463014331,88902.84548319087,87742.43535189203,88270.05125886753,235.3450249579479,2026-07-10T22:00:00.000Z
2026-07-10T22:00:00.000Z,88270.05125886753,88381.18991821927,87882.3095552461,87993.09951143662,528.200998542924,2026-07-10T23:00:00.000Z
2026-07-10T23:00:00.000Z,87993.09951143662,88359.90781251139,87653.92036094515,88020.62257133637,244.34843340159787,2026-07-11T00:00:00.000Z
2026-07-11T00:00:00.000Z,88020.62257133637,88344.42955807134,87579.53843111543,87902.91239002116,496.53841489764784,2026-07-11T01:00:00.000Z
2026-07-11T01:00:00.000Z,87902.91239002116,88508.243061065,87387.55660673793,87992.3628490668,380.9726192061662,2026-07-11T02:00:00.000Z
2026-07-11T02:00:00.000Z,87992.3628490668,88232.09274005344,87691.4174585176,87930.98011594618,365.88675922988295,2026-07-11T03:00:00.000Z
2026-07-11T03:00:00.000Z,87930.98011594618,88748.55728885956,87386.45499908956,88202.35166503844,374.10303124883353,2026-07-11T04:00:00.000Z
2026-07-11T04:00:00.000Z,88202.35166503844,88646.59959693051,87289.38832245769,87731.26352929091,365.4410135305678,2026-07-11T05:00:00.000Z
2026-07-11T05:00:00.000Z,87731.26352929091,87987.3155539316,87292.29257225839,87547.80916792236,282.56976408072273,2026-07-11T06:00:00.000Z
2026-07-11T06:00:00.000Z,87547.80916792236,87782.93929790532,86846.8359766894,87080.71160685916,113.17747748139197,2026-07-11T07:00:00.000Z
2026-07-11T07:00:00.000Z,87080.71160685916,87196.30958764897,86532.06214344272,86647.08449252366,297.13653446973143,2026-07-11T08:00:00.000Z
2026-07-11T08:00:00.000Z,86647.08449252366,86960.17026776476,85903.92345640372,86215.44958598418,348.27667402488953,2026-07-11T09:00:00.000Z
2026-07-11T09:00:00.000Z,86215.44958598418,86401.73747235753,86002.57462890427,86188.80494352976,330.68424753410943,2026-07-11T10:00:00.000Z
2026-07-11T10:00:00.000Z,86188.80494352976,86463.03249126126,86048.68333247512,86322.69321110485,601.17267943042,2026-07-11T11:00:00.000Z
2026-07-11T11:00:00.000Z,86322.69321110485,86424.50587977922,86224.19466907112,86326.00356047008,163.37644190684728,2026-07-11T12:00:00.000Z
2026-07-11T12:00:00.000Z,86326.00356047008,86419.55566873384,85924.1096477457,86017.3272412718,386.62597457255515,2026-07-11T13:00:00.000Z
2026-07-11T13:00:00.000Z,86017.3272412718,86371.67332594664,85813.25097359437,86167.24138668246,463.85275822312235,2026-07-11T14:00:00.000Z
2026-07-11T14:00:00.000Z,86167.24138668246,86493.30967129688,85413.00531120031,85737.44719752531,592.0008134525274,2026-07-11T15:00:00.000Z
2026-07-11T15:00:00.000Z,85737.44719752531,85964.55374856692,85576.08486322507,85803.06791266825,564.8028147708637,2026-07-11T16:00:00.000Z
2026-07-11T16:00:00.000Z,85803.06791266825,86438.82599767725,85341.18946472488,85976.0165660576,418.5475760691555,2026-07-11T17:00:00.000Z
2026-07-11T17:00:00.000Z,85976.0165660576,86292.82197551875,85175.46544064094,85490.48174584174,462.58824223773007,2026-07-11T18:00:00.000Z
2026-07-11T18:00:00.000Z,85490.48174584174,85773.9024321076,85224.96958198548,85508.33482104212,435.9943725801978,2026-07-11T19:00:00.000Z
2026-07-11T19:00:00.000Z,85508.33482104212,85707.97009001573,85373.92414147132,85573.457044724,694.8471800400164,2026-07-11T20:00:00.000Z
2026-07-11T20:00:00.000Z,85573.457044724,85743.53553938813,85390.42588854722,85560.4785883399,215.77673578438197,2026-07-11T21:00:00.000Z
2026-07-11T21:00:00.000Z,85560.4785883399,85876.28274900673,84802.04169307371,85116.20604151563,672.2291169558787,2026-07-11T22:00:00.000Z
2026-07-11T22:00:00.000Z,85116.20604151563,85284.0228277244,84501.1730917051,84668.10639583759,501.1821641592226,2026-07-11T23:00:00.000Z
2026-07-11T23:00:00.000Z,84668.10639583759,84929.2466915088,84485.87076452254,84746.84159427318,659.2605070021285,2026-07-12T00:00:00.000Z
2026-07-12T00:00:00.000Z,84746.84159427318,85084.75247409381,84516.92977038426,84854.54844958616,213.02086101519916,2026-07-12T01:00:00.000Z
2026-07-12T01:00:00.000Z,84854.54844958616,85330.4201353025,84551.22502717933,85026.48211404994,676.8357600908893,2026-07-12T02:00:00.000Z
2026-07-12T02:00:00.000Z,85026.48211404994,85250.76345249185,84385.93938148244,84609.11980907815,520.4920051714834,2026-07-12T03:00:00.000Z
2026-07-12T03:00:00.000Z,84609.11980907815,84919.66398745021,84301.71452250188,84612.24733780968,187.42389217364783,2026-07-12T04:00:00.000Z
2026-07-12T04:00:00.000Z,84612.24733780968,84951.47024624338,84434.30750910983,84773.19195050462,517.5137805834011,2026-07-12T05:00:00.000Z
2026-07-12T05:00:00.000Z,84773.19195050462,85308.30372987782,83919.56088681179,84452.64931260604,442.16179118592373,2026-07-12T06:00:00.000Z
2026-07-12T06:00:00.000Z,84452.64931260604,85013.01782282643,83774.77697493194,84334.36060430149,345.64993728215336,2026-07-12T07:00:00.000Z
2026-07-12T07:00:00.000Z,84334.36060430149,84587.87868076419,83617.78072599253,83869.90259216812,363.33159723474256,2026-07-12T08:00:00.000Z
2026-07-12T08:00:00.000Z,83869.90259216812,84371.82337215566,83127.58908613124,83628.06257062308,376.16156184867094,2026-07-12T09:00:00.000Z
2026-07-12T09:00:00.000Z,83628.06257062308,84053.54469509315,83253.88366285189,83679.13726268677,193.53996687267906,2026-07-12T10:00:00.000Z
2026-07-12T10:00:00.000Z,83679.13726268677,84125.82634403258,82883.05367878907,83327.86764156296,574.370249022902,2026-07-12T11:00:00.000Z
2026-07-12T11:00:00.000Z,83327.86764156296,83588.2881654512,83235.42680587464,83495.66118584853,306.04028012884794,2026-07-12T12:00:00.000Z
2026-07-12T12:00:00.000Z,83495.66118584853,83774.05749039601,83107.89129422935,83385.92169871392,492.0155561491919,2026-07-12T13:00:00.000Z
2026-07-12T13:00:00.000Z,83385.92169871392,83832.13350487346,82442.05970528304,82885.594176434,302.6219128643265,2026-07-12T14:00:00.000Z
2026-07-12T14:00:00.000Z,82885.594176434,83116.97040555262,82728.76889683896,82960.00433678525,600.6989675111597,2026-07-12T15:00:00.000Z
2026-07-12T15:00:00.000Z,82960.00433678525,83143.97460067301,82578.70019056695,82762.23187864212,483.00810762821146,2026-07-12T16:00:00.000Z
2026-07-12T16:00:00.000Z,82762.23187864212,82999.95776607408,82537.69974538905,82775.38993529977,302.5091324013235,2026-07-12T17:00:00.000Z
2026-07-12T17:00:00.000Z,82775.38993529977,83354.68341644229,82152.11884790049,82731.1023880395,374.1741991947285,2026-07-12T18:00:00.000Z
2026-07-12T18:00:00.000Z,82731.1023880395,83299.38773234008,81719.22941345406,82284.44665032753,238.0427248487448,2026-07-12T19:00:00.000Z
2026-07-12T19:00:00.000Z,82284.44665032753,82853.14501560971,81811.8972157062,82380.04656247668,452.93465878485455,2026-07-12T20:00:00.000Z
2026-07-12T20:00:00.000Z,82380.04656247668,82809.23162962748,81663.89402131962,82091.5762103755,341.47429859334335,2026-07-12T21:00:00.000Z
2026-07-12T21:00:00.000Z,82091.5762103755,82520.3035877056,81237.52075253602,81664.01517087598,140.11242410173287,2026-07-12T22:00:00.000Z
2026-07-12T22:00:00.000Z,81664.01517087598,82061.00893244593,81221.74214273531,81618.51471265772,196.88379890140322,2026-07-12T23:00:00.000Z
2026-07-12T23:00:00.000Z,81618.51471265772,82025.36947948989,81358.36401915338,81764.75266741574,259.8792696184848,2026-07-13T00:00:00.000Z
2026-07-13T00:00:00.000Z,81764.75266741574,81924.53703966469,81463.36526638991,81622.87237670818,617.6210149739036,2026-07-13T01:00:00.000Z
2026-07-13T01:00:00.000Z,81622.87237670818,81873.67531809627,81465.84128883338,81716.4641725845,633.738684437116,2026-07-13T02:00:00.000Z
2026-07-13T02:00:00.000Z,81716.4641725845,82402.47638903487,81481.68724236893,82166.4067433719,564.810233872761,2026-07-13T03:00:00.000Z
2026-07-13T03:00:00.000Z,82166.4067433719,82536.94144100534,81655.63154757119,82025.53095678134,624.7829162165443,2026-07-13T04:00:00.000Z
2026-07-13T04:00:00.000Z,82025.53095678134,82377.59642090648,81485.59548525714,81836.85110813273,607.9284959043976,2026-07-13T05:00:00.000Z
2026-07-13T05:00:00.000Z,81836.85110813273,82836.40691563209,81300.9914680224,82297.53079033969,458.0507238200171,2026-07-13T06:00:00.000Z
2026-07-13T06:00:00.000Z,82297.53079033969,82902.4751732045,81914.27979019398,82518.19655565107,444.25351551931976,2026-07-13T07:00:00.000Z
2026-07-13T07:00:00.000Z,82518.19655565107,82695.97807157255,82203.22927606788,82380.71459366422,587.930919177798,2026-07-13T08:00:00.000Z
2026-07-13T08:00:00.000Z,82380.71459366422,82877.98138191436,82224.5641077498,82721.18554223816,322.8111074412293,2026-07-13T09:00:00.000Z
2026-07-13T09:00:00.000Z,82721.18554223816,82856.73756687049,82593.44169051373,82728.98167581025,454.72161572180767,2026-07-13T10:00:00.000Z
2026-07-13T10:00:00.000Z,82728.98167581025,83280.16111768312,82210.51920823604,82761.49488982052,545.6691085573607,2026-07-13T11:00:00.000Z
2026-07-13T11:00:00.000Z,82761.49488982052,83494.6181748591,82503.8182067169,83235.46579040773,234.4463667527057,2026-07-13T12:00:00.000Z
2026-07-13T12:00:00.000Z,83235.46579040773,83756.20007067155,82541.3193263405,83060.96188246917,325.862689328316,2026-07-13T13:00:00.000Z
2026-07-13T13:00:00.000Z,83060.96188246917,83852.01491567244,82639.15696996122,83428.3443406185,626.5682601959297,2026-07-13T14:00:00.000Z
2026-07-13T14:00:00.000Z,83428.3443406185,83690.59468735049,82982.60249648243,83244.27423351296,146.40828671232254,2026-07-13T15:00:00.000Z
2026-07-13T15:00:00.000Z,83244.27423351296,84290.32100575007,82707.57617585691,83750.36007756018,521.555063231641,2026-07-13T16:00:00.000Z
2026-07-13T16:00:00.000Z,83750.36007756018,84335.26507982821,83286.74443751102,83870.98171634221,226.34186908898033,2026-07-13T17:00:00.000Z
2026-07-13T17:00:00.000Z,83870.98171634221,84231.65638964328,83319.8627024869,83679.71486114584,600.1903407742225,2026-07-13T18:00:00.000Z
2026-07-13T18:00:00.000Z,83679.71486114584,84146.30737423577,83112.15135018346,83578.17769882339,671.1869119532346,2026-07-13T19:00:00.000Z
2026-07-13T19:00:00.000Z,83578.17769882339,84263.62709498312,83344.55078075214,84028.74071359933,677.5605963438566,2026-07-13T20:00:00.000Z
2026-07-13T20:00:00.000Z,84028.74071359933,84437.75098936934,83722.1875845682,84130.82543549097,119.28241682205461,2026-07-13T21:00:00.000Z
2026-07-13T21:00:00.000Z,84130.82543549097,84293.30870091937,83841.95527473309,84004.19397471064,563.9233530796707,2026-07-13T22:00:00.000Z
2026-07-13T22:00:00.000Z,84004.19397471064,84153.80116737295,83829.17666807376,83978.73852587769,441.1324993433116,2026-07-13T23:00:00.000Z
2026-07-13T23:00:00.000Z,83978.73852587769,84605.95063836846,83647.8670880206,84273.91621725059,262.0970954942038,2026-07-14T00:00:00.000Z
2026-07-14T00:00:00.000Z,84273.91621725059,84603.78916558284,84179.61202736066,84509.22166421355,336.757734062503,2026-07-14T01:00:00.000Z
2026-07-14T01:00:00.000Z,84509.22166421355,85351.81739657607,84186.41223434878,85027.03003552425,559.835027838049,2026-07-14T02:00:00.000Z
2026-07-14T02:00:00.000Z,85027.03003552425,85955.53471766041,84442.49061042094,85368.64676355723,189.3672481595386,2026-07-14T03:00:00.000Z
2026-07-14T03:00:00.000Z,85368.64676355723,85880.39377361599,84876.65832355112,85388.29211539254,249.8844320652468,2026-07-14T04:00:00.000Z
2026-07-14T04:00:00.000Z,85388.29211539254,86038.61143768886,84902.5572447846,85551.94561729144,332.2363061049191,2026-07-14T05:00:00.000Z
2026-07-14T05:00:00.000Z,85551.94561729144,86165.68447309078,84958.3629155407,85571.9628860768,154.39729795530312,2026-07-14T06:00:00.000Z
2026-07-14T06:00:00.000Z,85571.9628860768,86085.01049593378,85413.78187925991,85926.17472342998,598.17536813122,2026-07-14T07:00:00.000Z
2026-07-14T07:00:00.000Z,85926.17472342998,86648.9177977126,85532.17481603666,86253.41737461867,164.92608201919407,2026-07-14T08:00:00.000Z
2026-07-14T08:00:00.000Z,86253.41737461867,86801.61212726287,86007.62423097799,86554.95968974338,228.04924097286968,2026-07-14T09:00:00.000Z
2026-07-14T09:00:00.000Z,86554.95968974338,87461.64105379727,86097.88686795962,87002.20644549753,112.22157087746149,2026-07-14T10:00:00.000Z
2026-07-14T10:00:00.000Z,87002.20644549753,87540.70248707062,86500.39330594307,87038.67898046883,376.4875678701734,2026-07-14T11:00:00.000Z
2026-07-14T11:00:00.000Z,87038.67898046883,87911.86329807319,86621.3009831848,87492.309996577,288.12932539178496,2026-07-14T12:00:00.000Z
2026-07-14T12:00:00.000Z,87492.309996577,88369.13225277745,87024.88541893651,87899.5321053957,680.420566247972,2026-07-14T13:00:00.000Z
2026-07-14T13:00:00.000Z,87899.5321053957,88514.4866515511,87481.46708955188,88095.4896286408,492.97308912173526,2026-07-14T14:00:00.000Z
2026-07-14T14:00:00.000Z,88095.4896286408,88960.20416888753,87655.04622889445,88517.65012979798,450.4191778369337,2026-07-14T15:00:00.000Z
2026-07-14T15:00:00.000Z,88517.65012979798,89127.2518782854,88328.34350870027,88937.04831907431,397.70048563261537,2026-07-14T16:00:00.000Z
2026-07-14T16:00:00.000Z,88937.04831907431,89209.63499577578,88494.47153396,88766.53559948369,243.89881386603173,2026-07-14T17:00:00.000Z
2026-07-14T17:00:00.000Z,88766.53559948369,89361.92901588447,88608.87560954454,89203.49293742234,124.3298072481201,2026-07-14T18:00:00.000Z
2026-07-14T18:00:00.000Z,89203.49293742234,89790.6660842803,88792.67987043188,89379.04454118221,207.23801977338178,2026-07-14T19:00:00.000Z
2026-07-14T19:00:00.000Z,89379.04454118221,90269.09957381843,88987.7851464488,89875.66620316176,113.65337484220666,2026-07-14T20:00:00.000Z
2026-07-14T20:00:00.000Z,89875.66620316176,90502.56526508514,89373.94189258089,90000.14605486773,184.40299447830907,2026-07-14T21:00:00.000Z
2026-07-14T21:00:00.000Z,90000.14605486773,90343.59199105875,89631.32395673638,89974.67268502567,251.6467911897445,2026-07-14T22:00:00.000Z
2026-07-14T22:00:00.000Z,89974.67268502567,90808.07526521308,89613.53766537164,90445.05226382635,694.2546789507636,2026-07-14T23:00:00.000Z
2026-07-14T23:00:00.000Z,90445.05226382635,90721.84307823317,89976.93263280677,90253.13612238201,280.0481573585645,2026-07-15T00:00:00.000Z
2026-07-15T00:00:00.000Z,90253.13612238201,90900.06456758911,89727.99672262347,90374.2206355418,381.39018885856035,2026-07-15T01:00:00.000Z
2026-07-15T01:00:00.000Z,90374.2206355418,90883.91214163203,89790.29236482418,90299.56281659257,592.8267782054966,2026-07-15T02:00:00.000Z
2026-07-15T02:00:00.000Z,90299.56281659257,91321.38648622333,89769.08410042778,90788.03814635573,531.5039017384424,2026-07-15T03:00:00.000Z
2026-07-15T03:00:00.000Z,90788.03814635573,90958.75421167538,90345.07772632551,90515.28090421951,155.6684437467104,2026-07-15T04:00:00.000Z
2026-07-15T04:00:00.000Z,90515.28090421951,90885.30240684621,90054.52978527773,90424.17886777736,609.3960285696182,2026-07-15T05:00:00.000Z
2026-07-15T05:00:00.000Z,90424.17886777736,90885.17401810025,89602.77579679259,90061.92412159532,444.40114430356823,2026-07-15T06:00:00.000Z
2026-07-15T06:00:00.000Z,90061.92412159532,90505.96126268257,89434.40183763891,89877.52984974514,445.4685394398256,2026-07-15T07:00:00.000Z
2026-07-15T07:00:00.000Z,89877.52984974514,90416.73306251282,89074.82269247381,89612.43552204536,641.2363764556294,2026-07-15T08:00:00.000Z
2026-07-15T08:00:00.000Z,89612.43552204536,90256.68755563517,89337.18047950543,89980.30256658277,665.982559214338,2026-07-15T09:00:00.000Z
2026-07-15T09:00:00.000Z,89980.30256658277,90199.60918966027,89468.23338856659,89686.82472582744,125.87236102012562,2026-07-15T10:00:00.000Z
2026-07-15T10:00:00.000Z,89686.82472582744,90357.65014698797,89219.21746256569,89888.98884473376,397.9891865970517,2026-07-15T11:00:00.000Z
2026-07-15T11:00:00.000Z,89888.98884473376,90233.54199341728,89299.7668793135,89643.37858020593,684.9164838832414,2026-07-15T12:00:00.000Z
2026-07-15T12:00:00.000Z,89643.37858020593,89765.42745889892,89527.62826532827,89649.66902160794,572.0450084991962,2026-07-15T13:00:00.000Z
2026-07-15T13:00:00.000Z,89649.66902160794,90076.94444376905,89456.90647069878,89883.67873084066,600.506446091694,2026-07-15T14:00:00.000Z
2026-07-15T14:00:00.000Z,89883.67873084066,90320.38429068236,89078.99524714377,89513.90423411608,387.65788855387734,2026-07-15T15:00:00.000Z
2026-07-15T15:00:00.000Z,89513.90423411608,89931.18344026634,89338.39365714086,89755.19975337407,160.9748802431742,2026-07-15T16:00:00.000Z
2026-07-15T16:00:00.000Z,89755.19975337407,90275.27352711382,88858.65265077747,89376.53228961013,577.7528901015189,2026-07-15T17:00:00.000Z
2026-07-15T17:00:00.000Z,89376.53228961013,89959.30556625746,88936.89253649663,89518.9651911344,499.190614744644,2026-07-15T18:00:00.000Z
2026-07-15T18:00:00.000Z,89518.9651911344,90294.54790438019,89162.27116660231,89936.19141535534,256.31140943444865,2026-07-15T19:00:00.000Z
2026-07-15T19:00:00.000Z,89936.19141535534,90530.39569090542,89395.19209839586,89989.07824021495,629.5409949168288,2026-07-15T20:00:00.000Z
2026-07-15T20:00:00.000Z,89989.07824021495,90254.40109641076,89601.14411080306,89866.10439219276,558.284901575318,2026-07-15T21:00:00.000Z
2026-07-15T21:00:00.000Z,89866.10439219276,90392.20613573311,89216.36235316152,89741.73600880057,495.98761014453487,2026-07-15T22:00:00.000Z
2026-07-15T22:00:00.000Z,89741.73600880057,89989.86510762417,89328.77344769311,89576.44553087208,608.1250928845839,2026-07-15T23:00:00.000Z
2026-07-15T23:00:00.000Z,89576.44553087208,89787.59599498744,89327.46059919703,89538.5216688178,562.3018582641621,2026-07-16T00:00:00.000Z
2026-07-16T00:00:00.000Z,89538.5216688178,90038.70934604428,89335.86742429821,89835.38320913627,560.3783483898167,2026-07-16T01:00:00.000Z
2026-07-16T01:00:00.000Z,89835.38320913627,90857.70306002,89210.46833794085,90230.04284874762,322.35539146808696,2026-07-16T02:00:00.000Z
2026-07-16T02:00:00.000Z,90230.04284874762,90710.37441851571,89804.6620365249,90284.73576184273,497.6348306972696,2026-07-16T03:00:00.000Z
2026-07-16T03:00:00.000Z,90284.73576184273,90747.25007556069,89770.9469655359,90233.19725569995,558.2671017657347,2026-07-16T04:00:00.000Z
2026-07-16T04:00:00.000Z,90233.19725569995,91040.6572859607,89710.03940165763,90515.8605944372,433.66776943843246,2026-07-16T05:00:00.000Z
2026-07-16T05:00:00.000Z,90515.8605944372,91110.83171235476,90013.13931665164,90607.60091270505,337.0195388966331,2026-07-16T06:00:00.000Z
2026-07-16T06:00:00.000Z,90607.60091270505,90759.54226601706,90321.05807931603,90472.77333808469,193.04803493108975,2026-07-16T07:00:00.000Z
2026-07-16T07:00:00.000Z,90472.77333808469,90595.92512473605,90311.21724019812,90434.31667954064,573.4393252401796,2026-07-16T08:00:00.000Z
2026-07-16T08:00:00.000Z,90434.31667954064,91065.0122997219,90087.40004884552,90717.01121966093,362.04814150093506,2026-07-16T09:00:00.000Z
2026-07-16T09:00:00.000Z,90717.01121966093,90826.29242827736,90548.55649812074,90657.76633806908,236.00654682889885,2026-07-16T10:00:00.000Z
2026-07-16T10:00:00.000Z,90657.76633806908,91152.08591097029,90402.9061749704,90896.55445867244,440.3906469887079,2026-07-16T11:00:00.000Z
2026-07-16T11:00:00.000Z,90896.55445867244,91492.47263665701,90655.30921932883,91250.28856448822,284.74409737845144,2026-07-16T12:00:00.000Z
2026-07-16T12:00:00.000Z,91250.28856448822,91862.89942871903,91060.25225309435,91671.98489965238,397.46330934458564,2026-07-16T13:00:00.000Z
2026-07-16T13:00:00.000Z,91671.98489965238,92107.86306011424,91207.60924232594,91643.35125672724,522.8135087633568,2026-07-16T14:00:00.000Z
2026-07-16T14:00:00.000Z,91643.35125672724,92449.88717987668,91030.7219560657,91835.97023501243,360.24711106915356,2026-07-16T15:00:00.000Z
2026-07-16T15:00:00.000Z,91835.97023501243,92416.71629787966,91651.57296134178,92231.5247909525,274.40116525366955,2026-07-16T16:00:00.000Z
2026-07-16T16:00:00.000Z,92231.5247909525,92675.0850631866,91614.2612301559,92056.9820908357,230.15198499437048,2026-07-16T17:00:00.000Z
2026-07-16T17:00:00.000Z,92056.9820908357,92920.37431161517,91441.00206649814,92302.74978420672,252.21016935641418,2026-07-16T18:00:00.000Z
2026-07-16T18:00:00.000Z,92302.74978420672,92814.60172866465,91943.42877576822,92454.68924229694,317.52785780351974,2026-07-16T19:00:00.000Z
2026-07-16T19:00:00.000Z,92454.68924229694,93099.54760279034,91586.14215015604,92229.42935484438,444.41494035740146,2026-07-16T20:00:00.000Z
2026-07-16T20:00:00.000Z,92229.42935484438,92764.2403988457,91734.36287070555,92268.96171404363,613.2281472502408,2026-07-16T21:00:00.000Z
2026-07-16T21:00:00.000Z,92268.96171404363,92811.79885487525,91550.36819992002,92092.1652108257,501.2578815227644,2026-07-16T22:00:00.000Z
2026-07-16T22:00:00.000Z,92092.1652108257,92625.7576838522,91819.24513193392,92352.06737094671,244.7389993559285,2026-07-16T23:00:00.000Z
2026-07-16T23:00:00.000Z,92352.06737094671,92890.55079882598,91641.63440999536,92179.10935993471,570.8443438964171,2026-07-17T00:00:00.000Z
2026-07-17T00:00:00.000Z,92179.10935993471,92715.94394910861,91268.52615262498,91803.17134627838,295.1583237364694,2026-07-17T01:00:00.000Z
2026-07-17T01:00:00.000Z,91803.17134627838,92263.37034227229,91443.41141900572,91903.21834899696,157.5397243059891,2026-07-17T02:00:00.000Z
2026-07-17T02:00:00.000Z,91903.21834899696,92479.34978059138,91488.98699732372,92064.39197807749,345.51307505253385,2026-07-17T03:00:00.000Z
2026-07-17T03:00:00.000Z,92064.39197807749,92532.28179030573,91301.46843597488,91767.85116798492,656.4484483359607,2026-07-17T04:00:00.000Z
2026-07-17T04:00:00.000Z,91767.85116798492,92042.5712054697,91049.19525042406,91322.58231263401,413.083384611217,2026-07-17T05:00:00.000Z
2026-07-17T05:00:00.000Z,91322.58231263401,91949.32802169574,91025.0384579933,91650.7150571027,394.4783716902502,2026-07-17T06:00:00.000Z
2026-07-17T06:00:00.000Z,91650.7150571027,92279.95253890535,91221.49828974076,91849.80340503578,220.10557973762303,2026-07-17T07:00:00.000Z
2026-07-17T07:00:00.000Z,91849.80340503578,92440.09859548687,91069.62887409642,91658.69586527656,228.96132475182475,2026-07-17T08:00:00.000Z
2026-07-17T08:00:00.000Z,91658.69586527656,92044.25043487037,91135.85817065985,91520.83283103361,522.725149534049,2026-07-17T09:00:00.000Z
2026-07-17T09:00:00.000Z,91520.83283103361,91679.34026796403,91072.60285179179,91230.60763976483,250.36060351429538,2026-07-17T10:00:00.000Z
2026-07-17T10:00:00.000Z,91230.60763976483,91827.9408275234,90849.72819615621,91446.16146640157,368.79541011005426,2026-07-17T11:00:00.000Z
2026-07-17T11:00:00.000Z,91446.16146640157,91904.21043827385,90839.6379682008,91296.93949513472,537.1444878341372,2026-07-17T12:00:00.000Z
2026-07-17T12:00:00.000Z,91296.93949513472,91616.410643936,90615.29163898902,90933.49098927945,595.6102749778006,2026-07-17T13:00:00.000Z
2026-07-17T13:00:00.000Z,90933.49098927945,91283.40519264432,90814.08378170549,91163.69569709006,172.27815914539536,2026-07-17T14:00:00.000Z
2026-07-17T14:00:00.000Z,91163.69569709006,91291.72142486616,91070.83892979537,91198.82887191125,113.58137513211992,2026-07-17T15:00:00.000Z
2026-07-17T15:00:00.000Z,91198.82887191125,91766.27526579883,90507.53579766623,91074.20678296749,649.5747783917816,2026-07-17T16:00:00.000Z
2026-07-17T16:00:00.000Z,91074.20678296749,91684.71210362278,90395.83450881044,91005.88182105418,176.38327725063232,2026-07-17T17:00:00.000Z
2026-07-17T17:00:00.000Z,91005.88182105418,91180.13391532173,90859.53672189743,91033.74401142345,306.717752482145,2026-07-17T18:00:00.000Z
2026-07-17T18:00:00.000Z,91033.74401142345,91129.43346757664,90872.5108957736,90968.13138369164,255.54847994611993,2026-07-17T19:00:00.000Z
2026-07-17T19:00:00.000Z,90968.13138369164,91426.93073264415,90170.51587310391,90627.59773468933,439.6105474511211,2026-07-17T20:00:00.000Z
2026-07-17T20:00:00.000Z,90627.59773468933,91039.30235868206,89713.62702238774,90123.03953061347,113.13154576957763,2026-07-17T21:00:00.000Z
2026-07-17T21:00:00.000Z,90123.03953061347,90758.18608414817,89617.4345537282,90251.8584122891,601.6079896602816,2026-07-17T22:00:00.000Z
2026-07-17T22:00:00.000Z,90251.8584122891,90846.54180257388,89818.94055969424,90412.8517014045,339.63931838033693,2026-07-17T23:00:00.000Z
2026-07-17T23:00:00.000Z,90412.8517014045,90816.80422978227,90024.36943095858,90428.25577175227,563.5238981170226,2026-07-18T00:00:00.000Z
2026-07-18T00:00:00.000Z,90428.25577175227,91005.23920202549,89366.69813055122,89940.56984873449,616.8311893552687,2026-07-18T01:00:00.000Z
2026-07-18T01:00:00.000Z,89940.56984873449,90304.01580123442,89275.48857254154,89637.71068425757,236.0035740472393,2026-07-18T02:00:00.000Z
2026-07-18T02:00:00.000Z,89637.71068425757,90132.53933456232,89150.18564450661,89644.97478653159,656.0137538965855,2026-07-18T03:00:00.000Z
2026-07-18T03:00:00.000Z,89644.97478653159,90232.23586152254,89215.25019366253,89801.75970022073,449.298578849667,2026-07-18T04:00:00.000Z
2026-07-18T04:00:00.000Z,89801.75970022073,89923.80552301582,89484.26584132372,89606.04567736053,569.2084484124596,2026-07-18T05:00:00.000Z
2026-07-18T05:00:00.000Z,89606.04567736053,89783.65665813224,89133.44066019199,89310.46576265438,168.69422694141707,2026-07-18T06:00:00.000Z
2026-07-18T06:00:00.000Z,89310.46576265438,89453.48691490303,88816.64581463354,88959.10429910362,461.16898682022884,2026-07-18T07:00:00.000Z
2026-07-18T07:00:00.000Z,88959.10429910362,89336.82064892269,88796.20072847055,89173.52442815097,329.1803932884617,2026-07-18T08:00:00.000Z
2026-07-18T08:00:00.000Z,89173.52442815097,89532.48571936914,88852.43184316625,89211.2572674331,199.69104635514833,2026-07-18T09:00:00.000Z
2026-07-18T09:00:00.000Z,89211.2572674331,89427.36356970521,88862.75724126218,89078.54205278106,345.62782693916364,2026-07-18T10:00:00.000Z
2026-07-18T10:00:00.000Z,89078.54205278106,89680.685524872,88291.08538460259,88891.96767141578,613.6652615450627,2026-07-18T11:00:00.000Z
2026-07-18T11:00:00.000Z,88891.96767141578,89387.62190290252,88350.42661297203,88845.8235486614,643.6600059939827,2026-07-18T12:00:00.000Z
2026-07-18T12:00:00.000Z,88845.8235486614,89553.05980498668,88255.45035588596,88961.91519278087,313.3165951880238,2026-07-18T13:00:00.000Z
2026-07-18T13:00:00.000Z,88961.91519278087,89532.66746229447,88133.45745005383,88702.54568462505,253.95826723145242,2026-07-18T14:00:00.000Z
2026-07-18T14:00:00.000Z,88702.54568462505,88854.9482410978,88510.21251153678,88662.54634391899,462.06975000075516,2026-07-18T15:00:00.000Z
2026-07-18T15:00:00.000Z,88662.54634391899,88916.8580755348,88010.79179281376,88263.96025568219,369.8171529312698,2026-07-18T16:00:00.000Z
2026-07-18T16:00:00.000Z,88263.96025568219,88404.06297723093,87610.13053516163,87749.4165136319,200.57709706042758,2026-07-18T17:00:00.000Z
2026-07-18T17:00:00.000Z,87749.4165136319,88307.36367495362,86920.64291760723,87476.85703277688,587.2308989461656,2026-07-18T18:00:00.000Z
2026-07-18T18:00:00.000Z,87476.85703277688,87652.08362608163,86887.5642403165,87061.95974479603,642.8511135014012,2026-07-18T19:00:00.000Z
2026-07-18T19:00:00.000Z,87061.95974479603,87546.22933050263,86178.62113549635,86660.65854117632,651.1799514066334,2026-07-18T20:00:00.000Z
2026-07-18T20:00:00.000Z,86660.65854117632,87109.03791697926,86050.49426838056,86498.03222099146,686.110234533488,2026-07-18T21:00:00.000Z
2026-07-18T21:00:00.000Z,86498.03222099146,86986.19996300478,86202.81841472085,86690.32985375656,151.81130787907694,2026-07-18T22:00:00.000Z
2026-07-18T22:00:00.000Z,86690.32985375656,87032.02665723776,86071.87878420163,86412.48042213444,612.2096853853249,2026-07-18T23:00:00.000Z
2026-07-18T23:00:00.000Z,86412.48042213444,86647.52470110051,86309.27687621671,86544.16388391679,281.8043940615861,2026-07-19T00:00:00.000Z
2026-07-19T00:00:00.000Z,86544.16388391679,86701.5363514268,86360.59988003824,86517.92463392632,395.75340584654055,2026-07-19T01:00:00.000Z
2026-07-19T01:00:00.000Z,86517.92463392632,86915.1280752383,86018.50329282337,86415.23528776337,686.8876331424749,2026-07-19T02:00:00.000Z
2026-07-19T02:00:00.000Z,86415.23528776337,86784.8357221473,86063.57605704629,86433.10377717768,661.4340638562264,2026-07-19T03:00:00.000Z
2026-07-19T03:00:00.000Z,86433.10377717768,86872.57536247544,86014.01605475083,86453.38928183199,600.9924648799898,2026-07-19T04:00:00.000Z
2026-07-19T04:00:00.000Z,86453.38928183199,86768.16510852221,86104.6262963473,86419.27792396376,609.9654509266677,2026-07-19T05:00:00.000Z
2026-07-19T05:00:00.000Z,86419.27792396376,86857.35484409923,86218.86491679399,86656.39195111273,673.6353502486066,2026-07-19T06:00:00.000Z
2026-07-19T06:00:00.000Z,86656.39195111273,87086.7946253843,86074.36280285782,86504.00862365121,456.28202378576714,2026-07-19T07:00:00.000Z
2026-07-19T07:00:00.000Z,86504.00862365121,86921.9168423233,85603.61978231223,86019.18578061875,404.56281290602067,2026-07-19T08:00:00.000Z
2026-07-19T08:00:00.000Z,86019.18578061875,86459.40497261319,85297.6993796751,85736.47172989997,295.03983016826203,2026-07-19T09:00:00.000Z
2026-07-19T09:00:00.000Z,85736.47172989997,86158.03584632195,85094.77119810533,85515.24756074506,160.43800956590007,2026-07-19T10:00:00.000Z
2026-07-19T10:00:00.000Z,85515.24756074506,85998.21059794609,85257.68246926644,85739.96866446224,534.0824701982003,2026-07-19T11:00:00.000Z
2026-07-19T11:00:00.000Z,85739.96866446224,86216.4871544661,85030.24581747185,85505.46098010827,655.1300464920373,2026-07-19T12:00:00.000Z
2026-07-19T12:00:00.000Z,85505.46098010827,85685.21042067437,84896.78332594353,85075.62917478976,364.797856688871,2026-07-19T13:00:00.000Z
2026-07-19T13:00:00.000Z,85075.62917478976,85248.20946662419,84713.38899611578,84885.58377106888,186.4400366723724,2026-07-19T14:00:00.000Z
2026-07-19T14:00:00.000Z,84885.58377106888,85380.125078426,84126.9282803756,84619.92184795247,316.54773252855415,2026-07-19T15:00:00.000Z
2026-07-19T15:00:00.000Z,84619.92184795247,85241.10228315712,84140.64414436287,84761.02538503103,295.4428678357242,2026-07-19T16:00:00.000Z
2026-07-19T16:00:00.000Z,84761.02538503103,85150.58786101252,84373.52316435344,84763.07626432423,660.9672237005864,2026-07-19T17:00:00.000Z
2026-07-19T17:00:00.000Z,84763.07626432423,85604.2122325502,84173.41189747755,85012.81055953725,388.36376270668757,2026-07-19T18:00:00.000Z
2026-07-19T18:00:00.000Z,85012.81055953725,85351.52718728868,84865.61216731982,85203.99775733773,106.56125238470791,2026-07-19T19:00:00.000Z
2026-07-19T19:00:00.000Z,85203.99775733773,86010.69035257255,84777.02159903137,85581.82083888237,161.0177221060813,2026-07-19T20:00:00.000Z
2026-07-19T20:00:00.000Z,85581.82083888237,85877.35893254475,85215.76579194474,85511.05952689819,129.72654198749296,2026-07-19T21:00:00.000Z
2026-07-19T21:00:00.000Z,85511.05952689819,86197.7228153717,85126.4085248154,85811.71936707378,226.04300897849862,2026-07-19T22:00:00.000Z
2026-07-19T22:00:00.000Z,85811.71936707378,86485.56825850888,85429.07578137702,86101.631921888,420.1004705951085,2026-07-19T23:00:00.000Z
2026-07-19T23:00:00.000Z,86101.631921888,86842.92666548787,85553.70656225273,86293.7785415065,478.48726528626275,2026-07-20T00:00:00.000Z
2026-07-20T00:00:00.000Z,86293.7785415065,86643.32540439522,85758.10770281886,86106.89757421927,346.3245949923641,2026-07-20T01:00:00.000Z
2026-07-20T01:00:00.000Z,86106.89757421927,87146.11709147831,85585.69923699705,86621.80207744542,146.05504537283213,2026-07-20T02:00:00.000Z
2026-07-20T02:00:00.000Z,86621.80207744542,87063.0509831735,86008.98475394033,86449.35522046356,636.2443549261635,2026-07-20T03:00:00.000Z
2026-07-20T03:00:00.000Z,86449.35522046356,86607.22247157614,86134.84719277693,86292.42787508194,166.77710631246543,2026-07-20T04:00:00.000Z
2026-07-20T04:00:00.000Z,86292.42787508194,87024.99822472998,85746.09916989511,86477.49781740832,332.65080351040274,2026-07-20T05:00:00.000Z
2026-07-20T05:00:00.000Z,86477.49781740832,87106.40525803117,86346.35375996426,86974.50748007718,599.6636029796971,2026-07-20T06:00:00.000Z
2026-07-20T06:00:00.000Z,86974.50748007718,87555.326114121,86480.55569862701,87060.88377828184,350.4485204119461,2026-07-20T07:00:00.000Z
2026-07-20T07:00:00.000Z,87060.88377828184,87433.53286065337,86830.13233312838,87202.40631558606,229.18636460285,2026-07-20T08:00:00.000Z
2026-07-20T08:00:00.000Z,87202.40631558606,87894.56732861852,86846.10178596816,87536.89609104904,253.41914992473048,2026-07-20T09:00:00.000Z
2026-07-20T09:00:00.000Z,87536.89609104904,88308.46428908368,86944.834538482,87715.19678802871,524.9618679401287,2026-07-20T10:00:00.000Z
2026-07-20T10:00:00.000Z,87715.19678802871,88501.48044966985,87397.76165099784,88182.35470096007,135.26622617396816,2026-07-20T11:00:00.000Z
2026-07-20T11:00:00.000Z,88182.35470096007,88738.68572367649,88076.72813646549,88632.51994237298,175.62394499574972,2026-07-20T12:00:00.000Z
2026-07-20T12:00:00.000Z,88632.51994237298,89023.1233578916,88284.16160641579,88674.59963330367,367.9012616481172,2026-07-20T13:00:00.000Z
2026-07-20T13:00:00.000Z,88674.59963330367,89159.21254625668,88238.79407020276,88723.16828471715,470.1095086383212,2026-07-20T14:00:00.000Z
2026-07-20T14:00:00.000Z,88723.16828471715,88887.97773623942,88625.68154759107,88790.4171078348,509.9660147959208,2026-07-20T15:00:00.000Z
2026-07-20T15:00:00.000Z,88790.4171078348,89582.73569250197,88425.47480436081,89216.0439968934,136.11999621434137,2026-07-20T16:00:00.000Z
2026-07-20T16:00:00.000Z,89216.0439968934,89804.51648839346,89015.73155277575,89603.33447979235,193.96074847037008,2026-07-20T17:00:00.000Z
2026-07-20T17:00:00.000Z,89603.33447979235,90456.20830510814,89316.25063249806,90167.3174892106,464.58064045970355,2026-07-20T18:00:00.000Z
2026-07-20T18:00:00.000Z,90167.3174892106,90785.67873576771,89721.49939540638,90339.01172685901,556.3247672544442,2026-07-20T19:00:00.000Z
2026-07-20T19:00:00.000Z,90339.01172685901,90574.64342998086,90198.92648067596,90434.41025295643,397.13188498147383,2026-07-20T20:00:00.000Z
2026-07-20T20:00:00.000Z,90434.41025295643,90882.94791472147,89872.01026917074,90319.98038029466,155.8161532766261,2026-07-20T21:00:00.000Z
2026-07-20T21:00:00.000Z,90319.98038029466,91114.44494766732,89692.2229887637,90485.53687702745,688.8965174504074,2026-07-20T22:00:00.000Z
2026-07-20T22:00:00.000Z,90485.53687702745,91310.18811756333,90212.23737264023,91035.22834336392,330.34932260883477,2026-07-20T23:00:00.000Z
2026-07-20T23:00:00.000Z,91035.22834336392,91320.04902980194,90888.7418048579,91173.3402527636,246.72625500090712,2026-07-21T00:00:00.000Z
2026-07-21T00:00:00.000Z,91173.3402527636,91279.30075326019,90860.21134417327,90965.93079602798,288.23854550171575,2026-07-21T01:00:00.000Z
2026-07-21T01:00:00.000Z,90965.93079602798,91906.3800497024,90500.18978904629,91438.2209408477,499.7728957793549,2026-07-21T02:00:00.000Z
2026-07-21T02:00:00.000Z,91438.2209408477,91971.61669354694,90909.04571057697,91442.4171786273,619.7916445880159,2026-07-21T03:00:00.000Z
2026-07-21T03:00:00.000Z,91442.4171786273,91747.02948919089,91080.63919596004,91385.06044017647,135.53390588403397,2026-07-21T04:00:00.000Z
2026-07-21T04:00:00.000Z,91385.06044017647,91814.86568857696,91008.06502900935,91437.65331337044,476.7028290669913,2026-07-21T05:00:00.000Z
2026-07-21T05:00:00.000Z,91437.65331337044,91565.3942698789,91124.44253460153,91251.92402210069,184.8598911822121,2026-07-21T06:00:00.000Z
2026-07-21T06:00:00.000Z,91251.92402210069,91791.9604547068,90521.85198508341,91060.75707589297,321.5885339405334,2026-07-21T07:00:00.000Z
2026-07-21T07:00:00.000Z,91060.75707589297,91243.24021993432,90685.57566784305,90867.67187468208,274.56953924827724,2026-07-21T08:00:00.000Z
2026-07-21T08:00:00.000Z,90867.67187468208,91946.94230263587,90352.4772726558,91428.5675768965,504.7933939866691,2026-07-21T09:00:00.000Z
2026-07-21T09:00:00.000Z,91428.5675768965,92377.68321379044,91008.05152330935,91954.74705319825,402.386354795837,2026-07-21T10:00:00.000Z
2026-07-21T10:00:00.000Z,91954.74705319825,92328.55499673169,91618.96840627401,91992.63798863046,383.6688223684527,2026-07-21T11:00:00.000Z
2026-07-21T11:00:00.000Z,91992.63798863046,92298.1137546026,91469.98037241143,91774.73254971039,423.9938201960147,2026-07-21T12:00:00.000Z
2026-07-21T12:00:00.000Z,91774.73254971039,92152.19090118323,91651.45109813416,92028.56847056063,492.6122006925811,2026-07-21T13:00:00.000Z
2026-07-21T13:00:00.000Z,92028.56847056063,92610.77659947098,91797.50790750611,92378.836601336,614.5073826957994,2026-07-21T14:00:00.000Z
2026-07-21T14:00:00.000Z,92378.836601336,92877.06728698651,91805.63571430335,92303.45986742758,390.3778429563985,2026-07-21T15:00:00.000Z
2026-07-21T15:00:00.000Z,92303.45986742758,93038.90847316687,92125.13736054057,92859.51172095232,370.78262775707185,2026-07-21T16:00:00.000Z
2026-07-21T16:00:00.000Z,92859.51172095232,92952.88490452977,92576.56736829437,92669.74974018289,397.1443983247245,2026-07-21T17:00:00.000Z
2026-07-21T17:00:00.000Z,92669.74974018289,93407.31677090781,92108.41966359696,92844.92559856756,333.15524264851365,2026-07-21T18:00:00.000Z
2026-07-21T18:00:00.000Z,92844.92559856756,92958.93388295596,92536.61323686193,92650.38263356168,403.94336315986857,2026-07-21T19:00:00.000Z
2026-07-21T19:00:00.000Z,92650.38263356168,93509.91520319221,92195.94983142047,93053.50516043649,119.22624521852762,2026-07-21T20:00:00.000Z
2026-07-21T20:00:00.000Z,93053.50516043649,93219.88281343727,92955.3908025235,93121.69655543922,307.35973948955524,2026-07-21T21:00:00.000Z
2026-07-21T21:00:00.000Z,93121.69655543922,93454.74099929741,92800.53169830801,93133.5353118051,519.9877889919969,2026-07-21T22:00:00.000Z
2026-07-21T22:00:00.000Z,93133.5353118051,93547.90788929323,92786.63730396211,93200.75948901025,366.97239897538554,2026-07-21T23:00:00.000Z
2026-07-21T23:00:00.000Z,93200.75948901025,93551.84616743654,92736.15402854675,93086.81146548066,586.3944696664785,2026-07-22T00:00:00.000Z
2026-07-22T00:00:00.000Z,93086.81146548066,93878.65677572145,92499.19031424083,93289.75452320273,411.10753086912797,2026-07-22T01:00:00.000Z
2026-07-22T01:00:00.000Z,93289.75452320273,93564.73838854897,93151.6557329736,93426.4372639773,375.64024435153243,2026-07-22T02:00:00.000Z
2026-07-22T02:00:00.000Z,93426.4372639773,93760.54885623096,92811.96383376776,93145.06919764105,318.7519255181551,2026-07-22T03:00:00.000Z
2026-07-22T03:00:00.000Z,93145.06919764105,93560.34370859302,92837.71812823268,93252.63769508501,610.9248762535512,2026-07-22T04:00:00.000Z
2026-07-22T04:00:00.000Z,93252.63769508501,93702.7421326231,93122.06900260533,93571.72666426105,650.3409513972424,2026-07-22T05:00:00.000Z
2026-07-22T05:00:00.000Z,93571.72666426105,94154.82679674544,93402.5181375241,93984.87116855603,259.6249420007807,2026-07-22T06:00:00.000Z
2026-07-22T06:00:00.000Z,93984.87116855603,94490.77395236856,93380.49374758518,93885.8635923427,690.1875579683983,2026-07-22T07:00:00.000Z
2026-07-22T07:00:00.000Z,93885.8635923427,94537.2674277556,92949.06870993423,93598.47859565202,121.11331476881789,2026-07-22T08:00:00.000Z
2026-07-22T08:00:00.000Z,93598.47859565202,93922.83215230585,93224.90979052128,93549.0922049545,650.8943240860916,2026-07-22T09:00:00.000Z
2026-07-22T09:00:00.000Z,93549.0922049545,93987.74897914554,93102.38859031886,93541.00745467676,493.58224505259756,2026-07-22T10:00:00.000Z
2026-07-22T10:00:00.000Z,93541.00745467676,94243.04021429147,93191.90163421535,93892.6221273479,166.10138382115466,2026-07-22T11:00:00.000Z
2026-07-22T11:00:00.000Z,93892.6221273479,94149.24590728925,93747.90990435598,94004.36146578118,182.79762420933582,2026-07-22T12:00:00.000Z
2026-07-22T12:00:00.000Z,94004.36146578118,94582.62042767066,93276.27866357811,93853.61029385422,667.5053520908139,2026-07-22T13:00:00.000Z
2026-07-22T13:00:00.000Z,93853.61029385422,94233.79586177049,93721.57204877416,94101.40900030552,498.04979497476006,2026-07-22T14:00:00.000Z
2026-07-22T14:00:00.000Z,94101.40900030552,94524.76587166134,93308.1529582835,93729.83815359513,173.4294395304422,2026-07-22T15:00:00.000Z
2026-07-22T15:00:00.000Z,93729.83815359513,94555.32614550421,93246.8556968689,94070.58783258182,114.42113426254184,2026-07-22T16:00:00.000Z
2026-07-22T16:00:00.000Z,94070.58783258182,95038.75847186784,93513.99668215301,94479.74643661865,463.8563132676558,2026-07-22T17:00:00.000Z
2026-07-22T17:00:00.000Z,94479.74643661865,94659.73326395117,94082.72954650676,94262.30213574794,185.27257921419692,2026-07-22T18:00:00.000Z
2026-07-22T18:00:00.000Z,94262.30213574794,94527.22437205398,94124.29976900847,94389.03646309112,586.8149179438199,2026-07-22T19:00:00.000Z
2026-07-22T19:00:00.000Z,94389.03646309112,94842.73287509134,93951.92547811897,94405.54543786905,639.0282951011454,2026-07-22T20:00:00.000Z
2026-07-22T20:00:00.000Z,94405.54543786905,94572.39924577743,93902.7031085042,94068.9620337455,494.9391578300573,2026-07-22T21:00:00.000Z
2026-07-22T21:00:00.000Z,94068.9620337455,94664.62917160727,93835.76909546413,94430.53989724879,583.500956503442,2026-07-22T22:00:00.000Z
2026-07-22T22:00:00.000Z,94430.53989724879,95140.70465412414,93882.7974872807,94592.02554993959,665.8799904239737,2026-07-22T23:00:00.000Z
2026-07-22T23:00:00.000Z,94592.02554993959,95064.16232128632,93920.09503925935,94391.22957853538,270.70013646534653,2026-07-23T00:00:00.000Z
2026-07-23T00:00:00.000Z,94391.22957853538,94918.60083657221,93964.21995384152,94491.13923783043,596.604467042072,2026-07-23T01:00:00.000Z
2026-07-23T01:00:00.000Z,94491.13923783043,95247.6708967182,93940.99144248353,94696.32844554259,597.9441636698061,2026-07-23T02:00:00.000Z
2026-07-23T02:00:00.000Z,94696.32844554259,95000.04345115142,94195.85746011649,94498.93938924468,628.7347349006379,2026-07-23T03:00:00.000Z
2026-07-23T03:00:00.000Z,94498.93938924468,95098.31008071046,94124.717283204,94723.19988812895,484.15569075576764,2026-07-23T04:00:00.000Z
2026-07-23T04:00:00.000Z,94723.19988812895,95319.5445990029,94438.08073379852,95033.4914594343,348.21172740692816,2026-07-23T05:00:00.000Z
2026-07-23T05:00:00.000Z,95033.4914594343,95906.01135559985,94459.4966174039,95330.22427064036,496.30812629885423,2026-07-23T06:00:00.000Z
2026-07-23T06:00:00.000Z,95330.22427064036,95861.20626481574,94606.06602968214,95135.96602039124,169.32896527896122,2026-07-23T07:00:00.000Z
2026-07-23T07:00:00.000Z,95135.96602039124,95735.4053016961,94147.72373533677,94744.69768603159,470.9208791008782,2026-07-23T08:00:00.000Z
2026-07-23T08:00:00.000Z,94744.69768603159,95297.36195058776,93882.48427160853,94433.33228114777,450.2641872271263,2026-07-23T09:00:00.000Z
2026-07-23T09:00:00.000Z,94433.33228114777,95007.5712230041,93864.12109192373,94438.32990981758,273.38215521228597,2026-07-23T10:00:00.000Z
2026-07-23T10:00:00.000Z,94438.32990981758,95182.56608680992,93904.04776315323,94647.10281342287,312.11320954007715,2026-07-23T11:00:00.000Z
2026-07-23T11:00:00.000Z,94647.10281342287,95055.31096757147,94286.4760947973,94694.50364114645,644.4704304190681,2026-07-23T12:00:00.000Z
2026-07-23T12:00:00.000Z,94694.50364114645,94984.04479641246,94350.02164962159,94639.39430068206,565.842196189725,2026-07-23T13:00:00.000Z
2026-07-23T13:00:00.000Z,94639.39430068206,94888.6738986546,93904.96131242716,94152.95964442745,153.73748208104516,2026-07-23T14:00:00.000Z
2026-07-23T14:00:00.000Z,94152.95964442745,94276.74844241855,93765.1247330149,93888.5659159978,521.6441134091672,2026-07-23T15:00:00.000Z
2026-07-23T15:00:00.000Z,93888.5659159978,94786.29020654524,93302.10155514297,94197.89366471951,103.40544963414104,2026-07-23T16:00:00.000Z
2026-07-23T16:00:00.000Z,94197.89366471951,94700.308442454,93529.86687974365,94031.39361121597,197.43676953829674,2026-07-23T17:00:00.000Z
2026-07-23T17:00:00.000Z,94031.39361121597,94442.39165707178,93433.04145137127,93843.21700364257,304.20138947861335,2026-07-23T18:00:00.000Z
2026-07-23T18:00:00.000Z,93843.21700364257,94067.61235430892,93141.77025951745,93365.0221636756,644.173365153453,2026-07-23T19:00:00.000Z
2026-07-23T19:00:00.000Z,93365.0221636756,93664.62077644991,92742.69579787418,93041.25547713891,390.9061945466819,2026-07-23T20:00:00.000Z
2026-07-23T20:00:00.000Z,93041.25547713891,93787.43910953874,92445.59008470907,93190.81620477671,317.32561840551233,2026-07-23T21:00:00.000Z
2026-07-23T21:00:00.000Z,93190.81620477671,93499.14040881346,92936.24118070306,93244.41895484527,670.4747686956426,2026-07-23T22:00:00.000Z
2026-07-23T22:00:00.000Z,93244.41895484527,94141.67700948531,92651.83291103269,93547.16694453034,568.6425769089919,2026-07-23T23:00:00.000Z
2026-07-23T23:00:00.000Z,93547.16694453034,93831.89566028622,93154.02324041174,93438.42096696135,532.2838870027492,2026-07-24T00:00:00.000Z
2026-07-24T00:00:00.000Z,93438.42096696135,93890.49259144308,93326.49157144652,93778.15622883588,301.7349286944302,2026-07-24T01:00:00.000Z
2026-07-24T01:00:00.000Z,93778.15622883588,94175.97017930869,93670.3522112161,94067.8331594399,672.6670233405507,2026-07-24T02:00:00.000Z
2026-07-24T02:00:00.000Z,94067.8331594399,94173.38750154796,93767.03282588434,93872.36783463397,128.23734238196042,2026-07-24T03:00:00.000Z
2026-07-24T03:00:00.000Z,93872.36783463397,94406.81570955177,93665.43322248997,94199.16070696861,577.4140469159065,2026-07-24T04:00:00.000Z
2026-07-24T04:00:00.000Z,94199.16070696861,94838.4606169788,93202.05321023912,93838.9082004296,379.32111242754434,2026-07-24T05:00:00.000Z
2026-07-24T05:00:00.000Z,93838.9082004296,94480.69838326148,92913.21144768526,93553.04654377962,570.9960739458893,2026-07-24T06:00:00.000Z
2026-07-24T06:00:00.000Z,93553.04654377962,93708.23934262904,93226.6465412496,93381.55485684745,471.01064453414205,2026-07-24T07:00:00.000Z
2026-07-24T07:00:00.000Z,93381.55485684745,93876.9067613966,92917.97868760122,93413.17362637617,537.1026593433239,2026-07-24T08:00:00.000Z
2026-07-24T08:00:00.000Z,93413.17362637617,94334.20178326027,92818.53561306618,93737.49921825874,191.9387839231355,2026-07-24T09:00:00.000Z
2026-07-24T09:00:00.000Z,93737.49921825874,94095.05612689463,93186.57746298761,93543.39396704527,544.4070521017569,2026-07-24T10:00:00.000Z
2026-07-24T10:00:00.000Z,93543.39396704527,93730.29344727026,93350.88114016305,93537.76938248138,434.6306956068756,2026-07-24T11:00:00.000Z
2026-07-24T11:00:00.000Z,93537.76938248138,94065.87930617642,92988.41066468846,93516.3999374845,154.53740230507097,2026-07-24T12:00:00.000Z
2026-07-24T12:00:00.000Z,93516.3999374845,93704.48871717455,93333.16568542947,93521.2449718515,331.5537677293428,2026-07-24T13:00:00.000Z
2026-07-24T13:00:00.000Z,93521.2449718515,93798.28695293139,92849.92719448371,93125.79772528369,609.44314995289,2026-07-24T14:00:00.000Z
2026-07-24T14:00:00.000Z,93125.79772528369,93250.85349866423,92728.2145158832,92852.90382843168,360.4068329839068,2026-07-24T15:00:00.000Z
2026-07-24T15:00:00.000Z,92852.90382843168,93492.13151761841,92007.77461824735,92645.57499253917,651.0351260896005,2026-07-24T16:00:00.000Z
2026-07-24T16:00:00.000Z,92645.57499253917,92784.45652794774,92285.90916478964,92424.45923378893,674.8543572495013,2026-07-24T17:00:00.000Z
2026-07-24T17:00:00.000Z,92424.45923378893,92796.73371921708,92011.48223363474,92383.5921112617,455.27140849981055,2026-07-24T18:00:00.000Z
2026-07-24T18:00:00.000Z,92383.5921112617,93066.15239459321,91756.7096601418,92438.89467976142,437.03044063273376,2026-07-24T19:00:00.000Z
2026-07-24T19:00:00.000Z,92438.89467976142,93025.69436452787,91941.28577914149,92527.60791067174,595.9275395124814,2026-07-24T20:00:00.000Z
2026-07-24T20:00:00.000Z,92527.60791067174,93065.53474376736,92055.95259200445,92593.54332230559,492.63820806175386,2026-07-24T21:00:00.000Z
2026-07-24T21:00:00.000Z,92593.54332230559,92861.28471173502,92137.22944521572,92404.42398144922,473.9941041795509,2026-07-24T22:00:00.000Z
2026-07-24T22:00:00.000Z,92404.42398144922,92961.2997906081,91451.95493199244,92006.43224157051,148.5179413335947,2026-07-24T23:00:00.000Z
2026-07-24T23:00:00.000Z,92006.43224157051,92428.90236855205,91083.05387031284,91503.21334415511,146.7671648816984,2026-07-25T00:00:00.000Z
2026-07-25T00:00:00.000Z,91503.21334415511,92093.39242634966,90381.48953270032,90968.21799218707,609.2909424143336,2026-07-25T01:00:00.000Z
2026-07-25T01:00:00.000Z,90968.21799218707,91579.46395151725,89878.72111085238,90486.73180303,586.857133399163,2026-07-25T02:00:00.000Z
2026-07-25T02:00:00.000Z,90486.73180303,90745.63367102217,90229.42845937803,90488.32579477853,150.72253022842227,2026-07-25T03:00:00.000Z
2026-07-25T03:00:00.000Z,90488.32579477853,91019.68404548927,90075.53288564806,90606.3527168875,277.8941035167752,2026-07-25T04:00:00.000Z
2026-07-25T04:00:00.000Z,90606.3527168875,90865.96968996085,89886.5081905821,90144.80267111257,157.76488625340392,2026-07-25T05:00:00.000Z
2026-07-25T05:00:00.000Z,90144.80267111257,90260.08610735985,89555.11599963557,89669.79195918422,195.9225549809274,2026-07-25T06:00:00.000Z
2026-07-25T06:00:00.000Z,89669.79195918422,90162.59262569895,89398.13404334322,89890.26677334108,142.14836798708345,2026-07-25T07:00:00.000Z
2026-07-25T07:00:00.000Z,89890.26677334108,90467.44770353717,89287.57375566041,89864.58981538712,691.0718110348432,2026-07-25T08:00:00.000Z
2026-07-25T08:00:00.000Z,89864.58981538712,90319.00685864307,89595.94115971946,90049.80450682028,623.9305850695496,2026-07-25T09:00:00.000Z
2026-07-25T09:00:00.000Z,90049.80450682028,90568.70451904276,89121.80381359231,89638.33277472832,210.03727508244907,2026-07-25T10:00:00.000Z
2026-07-25T10:00:00.000Z,89638.33277472832,90156.61830050677,88839.51511133045,89356.16917762328,145.25709880760735,2026-07-25T11:00:00.000Z
2026-07-25T11:00:00.000Z,89356.16917762328,89891.44865786702,88860.51364227472,89395.57454234292,583.9322920348179,2026-07-25T12:00:00.000Z
2026-07-25T12:00:00.000Z,89395.57454234292,89625.20509532023,89224.22474350105,89453.74380001277,697.3547389718493,2026-07-25T13:00:00.000Z
2026-07-25T13:00:00.000Z,89453.74380001277,89752.98508057014,89335.30423473284,89634.30644467972,499.56723796183576,2026-07-25T14:00:00.000Z
2026-07-25T14:00:00.000Z,89634.30644467972,90114.30875166593,89047.25191523672,89526.67785842036,347.18123918733613,2026-07-25T15:00:00.000Z
2026-07-25T15:00:00.000Z,89526.67785842036,89921.4866730718,89358.75146643401,89753.13551142444,111.5615010315373,2026-07-25T16:00:00.000Z
2026-07-25T16:00:00.000Z,89753.13551142444,90062.1948966061,89589.15899396244,89897.95380010176,392.81358797699846,2026-07-25T17:00:00.000Z
2026-07-25T17:00:00.000Z,89897.95380010176,90324.41714821315,89084.88052861356,89509.50111137585,206.26846966625584,2026-07-25T18:00:00.000Z
2026-07-25T18:00:00.000Z,89509.50111137585,89689.5915620818,89393.2957864296,89573.3034060808,361.54835152511873,2026-07-25T19:00:00.000Z
2026-07-25T19:00:00.000Z,89573.3034060808,90130.98450478051,88797.54889753646,89353.86377067208,595.2635818604676,2026-07-25T20:00:00.000Z
2026-07-25T20:00:00.000Z,89353.86377067208,89806.59072950915,88486.52096252097,88937.13649984784,360.1292218361652,2026-07-25T21:00:00.000Z
2026-07-25T21:00:00.000Z,88937.13649984784,89479.96163682498,88374.64325416816,88917.347610253,501.8865952277028,2026-07-25T22:00:00.000Z
2026-07-25T22:00:00.000Z,88917.347610253,89412.35720615274,88291.57768212768,88785.85525011831,183.95339673569117,2026-07-25T23:00:00.000Z
2026-07-25T23:00:00.000Z,88785.85525011831,89094.21754119232,88474.93458539703,88783.2879600118,441.76726226777174,2026-07-26T00:00:00.000Z
2026-07-26T00:00:00.000Z,88783.2879600118,89324.09993570225,88078.11473937523,88617.91939372056,567.8099996726075,2026-07-26T01:00:00.000Z
2026-07-26T01:00:00.000Z,88617.91939372056,89009.79645340177,87798.30115761173,88188.27830259554,618.886566124338,2026-07-26T02:00:00.000Z
2026-07-26T02:00:00.000Z,88188.27830259554,88761.06798043936,87774.9157329335,88346.9616186933,500.37636486830957,2026-07-26T03:00:00.000Z
2026-07-26T03:00:00.000Z,88346.9616186933,88576.5670527587,87746.5885059497,87975.22783892576,581.0370759484531,2026-07-26T04:00:00.000Z
2026-07-26T04:00:00.000Z,87975.22783892576,88245.11049612505,87683.59975755234,87953.4155007814,103.46393129018318,2026-07-26T05:00:00.000Z
2026-07-26T05:00:00.000Z,87953.4155007814,88264.51850507302,87133.22756067436,87442.52347146902,660.8827282492456,2026-07-26T06:00:00.000Z
2026-07-26T06:00:00.000Z,87442.52347146902,87636.65024792012,86920.97653544994,87114.3748054467,438.0776362205286,2026-07-26T07:00:00.000Z
2026-07-26T07:00:00.000Z,87114.3748054467,87264.84330800927,86526.92540560274,86676.63782596917,192.9081359379497,2026-07-26T08:00:00.000Z
2026-07-26T08:00:00.000Z,86676.63782596917,87138.79609148936,86085.73777837465,86547.20591528759,462.00801365171,2026-07-26T09:00:00.000Z
2026-07-26T09:00:00.000Z,86547.20591528759,86919.16265225064,86290.79927255557,86662.41468948762,478.5322442550828,2026-07-26T10:00:00.000Z
2026-07-26T10:00:00.000Z,86662.41468948762,86894.3853100084,86445.3397854268,86677.27318788567,273.363928763831,2026-07-26T11:00:00.000Z
2026-07-26T11:00:00.000Z,86677.27318788567,87236.49885353023,86050.32174088487,86609.1076149149,364.1971737445319,2026-07-26T12:00:00.000Z
2026-07-26T12:00:00.000Z,86609.1076149149,87139.7869480201,86315.86397854298,86845.74210769788,162.95836263474,2026-07-26T13:00:00.000Z
2026-07-26T13:00:00.000Z,86845.74210769788,87458.08487109527,86444.61857750207,87055.9902457908,625.2213453525776,2026-07-26T14:00:00.000Z
2026-07-26T14:00:00.000Z,87055.9902457908,87431.55573729992,86700.29307588759,87075.77771887433,677.5183702714361,2026-07-26T15:00:00.000Z
2026-07-26T15:00:00.000Z,87075.77771887433,87549.90368551888,86564.31174062954,87038.2332785047,179.7868356480202,2026-07-26T16:00:00.000Z
2026-07-26T16:00:00.000Z,87038.2332785047,87879.53433658872,86719.15409310603,87558.54769633558,588.6989591124927,2026-07-26T17:00:00.000Z
2026-07-26T17:00:00.000Z,87558.54769633558,87787.37516009285,87307.98543987762,87536.7559526052,378.91051651859215,2026-07-26T18:00:00.000Z
2026-07-26T18:00:00.000Z,87536.7559526052,88332.22992484987,87097.05188674168,87890.7477302197,289.361247787886,2026-07-26T19:00:00.000Z
2026-07-26T19:00:00.000Z,87890.7477302197,88015.20063645487,87785.42492265573,87909.85493200825,446.38422352559127,2026-07-26T20:00:00.000Z
2026-07-26T20:00:00.000Z,87909.85493200825,88738.62465069913,87479.04120690686,88305.8702010523,289.8490382311163,2026-07-26T21:00:00.000Z
2026-07-26T21:00:00.000Z,88305.8702010523,89428.99831381376,87734.75632276492,88854.33725181414,244.7006091217979,2026-07-26T22:00:00.000Z
2026-07-26T22:00:00.000Z,88854.33725181414,89473.53689871862,88239.34836765206,88858.51907086834,454.62981208908826,2026-07-26T23:00:00.000Z
2026-07-26T23:00:00.000Z,88858.51907086834,89569.4377119494,88527.35365691179,89236.86225673767,374.3353887807277,2026-07-27T00:00:00.000Z
2026-07-27T00:00:00.000Z,89236.86225673767,89968.13136742664,88741.28724930667,89471.25466675589,131.5311799904011,2026-07-27T01:00:00.000Z
2026-07-27T01:00:00.000Z,89471.25466675589,90025.12859019262,88870.10096205553,89423.68037571554,413.20049991514554,2026-07-27T02:00:00.000Z
2026-07-27T02:00:00.000Z,89423.68037571554,89692.3584947743,89129.33208570327,89397.93284496086,150.94745357099336,2026-07-27T03:00:00.000Z
2026-07-27T03:00:00.000Z,89397.93284496086,89874.7655857682,88779.63102846243,89255.70515194471,556.1364907101432,2026-07-27T04:00:00.000Z
2026-07-27T04:00:00.000Z,89255.70515194471,89872.76009511856,88513.75693923637,89129.94244216994,248.7777313910321,2026-07-27T05:00:00.000Z
2026-07-27T05:00:00.000Z,89129.94244216994,89854.30381714577,88577.036512068,89300.34084287164,402.4326307244751,2026-07-27T06:00:00.000Z
2026-07-27T06:00:00.000Z,89300.34084287164,90085.90570601358,88791.66721528611,89575.66378074582,622.651533746464,2026-07-27T07:00:00.000Z
2026-07-27T07:00:00.000Z,89575.66378074582,89998.39046067698,89185.77288567399,89608.35726254711,287.261709564953,2026-07-27T08:00:00.000Z
2026-07-27T08:00:00.000Z,89608.35726254711,89903.43873898077,89485.12267607289,89779.9681433153,195.67574453338784,2026-07-27T09:00:00.000Z
2026-07-27T09:00:00.000Z,89779.9681433153,90372.8114121523,88976.31981059378,89567.76181928995,551.4311054029647,2026-07-27T10:00:00.000Z
2026-07-27T10:00:00.000Z,89567.76181928995,90140.2263208482,89025.83414192671,89598.11499231156,236.5913357290399,2026-07-27T11:00:00.000Z
2026-07-27T11:00:00.000Z,89598.11499231156,89841.19749273887,89235.26039143372,89478.01706240469,391.89409571322335,2026-07-27T12:00:00.000Z
2026-07-27T12:00:00.000Z,89478.01706240469,90189.5867726355,88880.10472542679,89590.91999275472,617.330896909037,2026-07-27T13:00:00.000Z
2026-07-27T13:00:00.000Z,89590.91999275472,90146.70056439083,89035.65913813791,89591.43650854561,534.6045104947893,2026-07-27T14:00:00.000Z
2026-07-27T14:00:00.000Z,89591.43650854561,90351.97370241438,89395.64451759474,90154.95021574295,380.4991989771366,2026-07-27T15:00:00.000Z
2026-07-27T15:00:00.000Z,90154.95021574295,90673.6722371424,89595.95097222898,90114.43991061622,596.6922479200606,2026-07-27T16:00:00.000Z
2026-07-27T16:00:00.000Z,90114.43991061622,90391.62189173953,89738.41606641353,90015.29308293687,646.0205049933961,2026-07-27T17:00:00.000Z
2026-07-27T17:00:00.000Z,90015.29308293687,90726.36528802007,89828.85762876912,90538.84547668406,387.0310705560404,2026-07-27T18:00:00.000Z
2026-07-27T18:00:00.000Z,90538.84547668406,90743.51223650263,90268.08213290403,90472.59914017195,691.0271388436794,2026-07-27T19:00:00.000Z
2026-07-27T19:00:00.000Z,90472.59914017195,90862.69480537414,90372.51300363413,90762.28819767888,489.6775133859727,2026-07-27T20:00:00.000Z
2026-07-27T20:00:00.000Z,90762.28819767888,91415.38296620743,90287.23522711288,90939.40297076407,242.20709965667086,2026-07-27T21:00:00.000Z
2026-07-27T21:00:00.000Z,90939.40297076407,91419.39963989328,90589.20813647407,91068.7068744793,539.0152562591318,2026-07-27T22:00:00.000Z
2026-07-27T22:00:00.000Z,91068.7068744793,91571.13211841049,90771.27914405525,91273.03705161011,316.9939713631729,2026-07-27T23:00:00.000Z
2026-07-27T23:00:00.000Z,91273.03705161011,91682.91133209581,90914.96277669027,91324.63463412157,173.0123395440226,2026-07-28T00:00:00.000Z
2026-07-28T00:00:00.000Z,91324.63463412157,91592.00607226537,90973.15247567554,91240.2769395148,591.0090811974411,2026-07-28T01:00:00.000Z
2026-07-28T01:00:00.000Z,91240.2769395148,92144.5934349005,90900.39924308185,91802.62095975126,348.69077328997236,2026-07-28T02:00:00.000Z
2026-07-28T02:00:00.000Z,91802.62095975126,92361.77923708654,91196.70329339086,91755.57501979252,333.40007580509416,2026-07-28T03:00:00.000Z
2026-07-28T03:00:00.000Z,91755.57501979252,92669.72085363943,91361.33541086968,92273.25695780276,343.3415211938981,2026-07-28T04:00:00.000Z
2026-07-28T04:00:00.000Z,92273.25695780276,92626.67590230034,92004.4786796806,92357.6517945667,229.20973418709343,2026-07-28T05:00:00.000Z
2026-07-28T05:00:00.000Z,92357.6517945667,92921.16277546731,91861.02342911113,92424.17669032526,310.99776542326333,2026-07-28T06:00:00.000Z
2026-07-28T06:00:00.000Z,92424.17669032526,92716.04004426429,92214.94693618859,92506.62364679413,166.89509221673717,2026-07-28T07:00:00.000Z
2026-07-28T07:00:00.000Z,92506.62364679413,93453.26224668202,92015.59776027632,92959.83073338102,368.8302612252674,2026-07-28T08:00:00.000Z
2026-07-28T08:00:00.000Z,92959.83073338102,93288.7980179362,92701.08405016312,93029.85642348716,501.78927294993275,2026-07-28T09:00:00.000Z
2026-07-28T09:00:00.000Z,93029.85642348716,93646.1470206536,92823.27319484318,93438.65600669196,182.82527918127613,2026-07-28T10:00:00.000Z
2026-07-28T10:00:00.000Z,93438.65600669196,93868.68451540296,92819.73377671023,93248.8889289655,409.7430640411298,2026-07-28T11:00:00.000Z
2026-07-28T11:00:00.000Z,93248.8889289655,93846.65262204371,92602.51098603247,93199.96103118191,377.5829594012271,2026-07-28T12:00:00.000Z
2026-07-28T12:00:00.000Z,93199.96103118191,93526.5818353956,92943.64389482244,93270.07188122683,435.95710775626685,2026-07-28T13:00:00.000Z
2026-07-28T13:00:00.000Z,93270.07188122683,93628.25975945152,93114.52415118061,93472.37464641339,325.5753291889911,2026-07-28T14:00:00.000Z
2026-07-28T14:00:00.000Z,93472.37464641339,94238.29837094733,92929.37753734042,93694.01372234257,275.5153185573944,2026-07-28T15:00:00.000Z
2026-07-28T15:00:00.000Z,93694.01372234257,93893.40797253916,93493.62702379115,93693.01915741144,169.77419856459562,2026-07-28T16:00:00.000Z
2026-07-28T16:00:00.000Z,93693.01915741144,93904.54970178539,93493.16295801358,93704.66865289593,694.3576028544259,2026-07-28T17:00:00.000Z
2026-07-28T17:00:00.000Z,93704.66865289593,94253.09381313318,93553.47893599942,94101.26420102647,359.8390878456827,2026-07-28T18:00:00.000Z
2026-07-28T18:00:00.000Z,94101.26420102647,94273.03279210877,93970.3297384489,94142.04159101988,361.0504022152398,2026-07-28T19:00:00.000Z
2026-07-28T19:00:00.000Z,94142.04159101988,94393.68327593316,93872.71735899872,94124.31165178296,311.2381894193768,2026-07-28T20:00:00.000Z
2026-07-28T20:00:00.000Z,94124.31165178296,94740.40008739052,93219.14553922116,93833.32935716369,581.7395143591517,2026-07-28T21:00:00.000Z
2026-07-28T21:00:00.000Z,93833.32935716369,94369.8124633204,93170.07370621883,93705.82783458759,241.86208403756007,2026-07-28T22:00:00.000Z
2026-07-28T22:00:00.000Z,93705.82783458759,94547.66567554421,93132.19007880904,93972.39607242755,519.4789943375993,2026-07-28T23:00:00.000Z
2026-07-28T23:00:00.000Z,93972.39607242755,94607.44549336292,93192.95986363213,93827.02690453088,483.87201977142695,2026-07-29T00:00:00.000Z
2026-07-29T00:00:00.000Z,93827.02690453088,94433.46820313585,93574.56957841793,94180.06097973218,604.763343699632,2026-07-29T01:00:00.000Z
2026-07-29T01:00:00.000Z,94180.06097973218,94460.3654260761,93718.02657169836,93997.78852764425,601.9318038141038,2026-07-29T02:00:00.000Z
2026-07-29T02:00:00.000Z,93997.78852764425,94926.88134491626,93468.19737099888,94395.0519738272,599.9771048780424,2026-07-29T03:00:00.000Z
2026-07-29T03:00:00.000Z,94395.0519738272,95050.83719040388,93498.48151229022,94152.58223303632,228.68416902082234,2026-07-29T04:00:00.000Z
2026-07-29T04:00:00.000Z,94152.58223303632,94858.57785438633,93600.36332869578,94305.46228578845,155.5817254146476,2026-07-29T05:00:00.000Z
2026-07-29T05:00:00.000Z,94305.46228578845,94910.17920927405,94091.99979053684,94695.83310106638,301.543871872846,2026-07-29T06:00:00.000Z
2026-07-29T06:00:00.000Z,94695.83310106638,95438.40505842846,94040.81609192136,94782.78658657754,507.1761720847228,2026-07-29T07:00:00.000Z
2026-07-29T07:00:00.000Z,94782.78658657754,95429.65548252355,94312.19108681378,94958.18911114187,457.135929333575,2026-07-29T08:00:00.000Z
2026-07-29T08:00:00.000Z,94958.18911114187,95825.88347583912,94516.30306527793,95382.02511754255,104.04837513531017,2026-07-29T09:00:00.000Z
2026-07-29T09:00:00.000Z,95382.02511754255,96025.27400616261,94673.96047029376,95316.76927865985,508.84243045413984,2026-07-29T10:00:00.000Z
2026-07-29T10:00:00.000Z,95316.76927865985,95930.89362424634,94600.50923171348,95213.9712513343,521.907366636166,2026-07-29T11:00:00.000Z
2026-07-29T11:00:00.000Z,95213.9712513343,95542.92152416661,94757.64425966915,95086.1529390236,371.4126121585316,2026-07-29T12:00:00.000Z
2026-07-29T12:00:00.000Z,95086.1529390236,95770.97259418148,94609.56056053884,95293.34174058046,632.1620015111575,2026-07-29T13:00:00.000Z
2026-07-29T13:00:00.000Z,95293.34174058046,95890.40825681678,94926.26932147694,95522.4532940785,699.9058131128111,2026-07-29T14:00:00.000Z
2026-07-29T14:00:00.000Z,95522.4532940785,95938.53838311203,95007.03536805473,95422.68588143257,340.62728604331016,2026-07-29T15:00:00.000Z
2026-07-29T15:00:00.000Z,95422.68588143257,96034.61083548328,94719.97078117922,95331.30976001467,163.9691860712921,2026-07-29T16:00:00.000Z
2026-07-29T16:00:00.000Z,95331.30976001467,95932.48204915,95079.81091907446,95680.06314247604,548.3327388057172,2026-07-29T17:00:00.000Z
2026-07-29T17:00:00.000Z,95680.06314247604,96054.87434607951,95365.27867300107,95739.89303808531,451.3869495836026,2026-07-29T18:00:00.000Z
2026-07-29T18:00:00.000Z,95739.89303808531,96498.22498427093,95377.05934605793,96133.8980974443,493.0800461178087,2026-07-29T19:00:00.000Z
2026-07-29T19:00:00.000Z,96133.8980974443,96633.5059732248,95937.72775199723,96436.71769563972,627.9056395068326,2026-07-29T20:00:00.000Z
2026-07-29T20:00:00.000Z,96436.71769563972,97115.21023525538,95792.33067666883,96470.59683696131,182.8734865798026,2026-07-29T21:00:00.000Z
2026-07-29T21:00:00.000Z,96470.59683696131,96718.64964902707,96176.40042908359,96424.33428723042,348.4811759779608,2026-07-29T22:00:00.000Z
2026-07-29T22:00:00.000Z,96424.33428723042,96574.93684075671,96182.01406082064,96332.47313890983,639.7639004233125,2026-07-29T23:00:00.000Z
2026-07-29T23:00:00.000Z,96332.47313890983,96777.32518267454,96069.20958370209,96513.56672331555,124.65278069705366,2026-07-30T00:00:00.000Z
2026-07-30T00:00:00.000Z,96513.56672331555,97233.00526257507,95870.84174194677,96589.7727925074,697.7271153580989,2026-07-30T01:00:00.000Z
2026-07-30T01:00:00.000Z,96589.7727925074,97212.6133191396,95841.72125891855,96463.74914636688,469.8986490116914,2026-07-30T02:00:00.000Z
2026-07-30T02:00:00.000Z,96463.74914636688,97123.89026021528,95803.50351969726,96463.64391339311,321.4224331180669,2026-07-30T03:00:00.000Z
2026-07-30T03:00:00.000Z,96463.64391339311,96684.74997635276,96088.91325484368,96309.66638312119,362.8689575301804,2026-07-30T04:00:00.000Z
2026-07-30T04:00:00.000Z,96309.66638312119,96822.71581968866,95631.84858666443,96144.01558795497,625.7811877530912,2026-07-30T05:00:00.000Z
2026-07-30T05:00:00.000Z,96144.01558795497,96749.79036373965,95039.532173246,95642.14481090297,189.58012223689823,2026-07-30T06:00:00.000Z
2026-07-30T06:00:00.000Z,95642.14481090297,95866.25182363785,95160.44412538377,95383.94613145702,387.05182945684146,2026-07-30T07:00:00.000Z
2026-07-30T07:00:00.000Z,95383.94613145702,95853.83465303987,95096.14716904069,95565.48793029843,522.9274001079273,2026-07-30T08:00:00.000Z
2026-07-30T08:00:00.000Z,95565.48793029843,95982.59349939814,95417.9258313498,95834.6158416495,158.82850785685167,2026-07-30T09:00:00.000Z
2026-07-30T09:00:00.000Z,95834.6158416495,96575.37940197505,95350.4951713064,96089.96878398066,268.4014523254714,2026-07-30T10:00:00.000Z
2026-07-30T10:00:00.000Z,96089.96878398066,96356.713738751,95493.02556052373,95758.85133601031,609.2322224328444,2026-07-30T11:00:00.000Z
2026-07-30T11:00:00.000Z,95758.85133601031,95883.85601323919,95508.594516881,95633.4354748398,404.6072752702084,2026-07-30T12:00:00.000Z
2026-07-30T12:00:00.000Z,95633.4354748398,95852.59255013021,95387.29256994808,95606.38766148106,153.5347207698667,2026-07-30T13:00:00.000Z
2026-07-30T13:00:00.000Z,95606.38766148106,96071.72855605803,95147.84645316176,95613.1548911868,465.2588255541673,2026-07-30T14:00:00.000Z
2026-07-30T14:00:00.000Z,95613.1548911868,96184.78862880231,94972.75654126017,95543.97668940578,649.3638427692298,2026-07-30T15:00:00.000Z
2026-07-30T15:00:00.000Z,95543.97668940578,95720.73890527972,95374.0660467431,95550.81609975082,273.0511133433558,2026-07-30T16:00:00.000Z
2026-07-30T16:00:00.000Z,95550.81609975082,96154.11596649082,94828.99412112747,95431.54089418853,199.3275050536392,2026-07-30T17:00:00.000Z
2026-07-30T17:00:00.000Z,95431.54089418853,96025.67427383753,94615.81001725579,95208.55514227581,226.19548669373407,2026-07-30T18:00:00.000Z
2026-07-30T18:00:00.000Z,95208.55514227581,96113.35921156601,94612.08428717288,95514.96871003527,595.8581077381307,2026-07-30T19:00:00.000Z
2026-07-30T19:00:00.000Z,95514.96871003527,96235.27947042324,94987.72864468656,95706.97951060554,218.91976870546108,2026-07-30T20:00:00.000Z
2026-07-30T20:00:00.000Z,95706.97951060554,96066.93108933947,94963.39019509329,95321.89347478727,671.0595151274742,2026-07-30T21:00:00.000Z
2026-07-30T21:00:00.000Z,95321.89347478727,95921.89956016082,94500.40858444512,95099.01173503321,608.9406414464771,2026-07-30T22:00:00.000Z
2026-07-30T22:00:00.000Z,95099.01173503321,95212.00204647606,94718.57718299636,94831.24935701663,695.7928934114952,2026-07-30T23:00:00.000Z
2026-07-30T23:00:00.000Z,94831.24935701663,95228.44299728987,94063.41300951916,94459.04771085872,287.04391754560356,2026-07-31T00:00:00.000Z
2026-07-31T00:00:00.000Z,94459.04771085872,94726.01715832812,94042.1340118834,94308.67847102351,559.5795809568742,2026-07-31T01:00:00.000Z
2026-07-31T01:00:00.000Z,94308.67847102351,94749.2312800861,93869.09751242229,94309.6458126215,288.9813631721686,2026-07-31T02:00:00.000Z
2026-07-31T02:00:00.000Z,94309.6458126215,94690.07160005352,94009.34716967569,94389.51862789433,246.95880419898722,2026-07-31T03:00:00.000Z
2026-07-31T03:00:00.000Z,94389.51862789433,94681.04175295995,94074.4111576397,94365.86121651539,261.47932743722544,2026-07-31T04:00:00.000Z
2026-07-31T04:00:00.000Z,94365.86121651539,94862.3981296293,93554.99934715862,94049.8735877792,154.0047242557652,2026-07-31T05:00:00.000Z
2026-07-31T05:00:00.000Z,94049.8735877792,94527.44172200131,93644.21427507837,94121.47358162019,655.9622630271884,2026-07-31T06:00:00.000Z
2026-07-31T06:00:00.000Z,94121.47358162019,94293.91218052228,93739.4171430464,93911.47099923578,586.3126052945445,2026-07-31T07:00:00.000Z
2026-07-31T07:00:00.000Z,93911.47099923578,94449.0345196127,93163.06089561133,93699.41054977431,182.01287075970922,2026-07-31T08:00:00.000Z
2026-07-31T08:00:00.000Z,93699.41054977431,93876.55273255116,93219.26022978699,93395.82847949142,425.18171888086096,2026-07-31T09:00:00.000Z
2026-07-31T09:00:00.000Z,93395.82847949142,93858.68330059745,93105.25613064544,93567.57661035092,580.2944750898957,2026-07-31T10:00:00.000Z
2026-07-31T10:00:00.000Z,93567.57661035092,94221.76693625687,93058.2484289667,93711.65447766047,566.1160368780214,2026-07-31T11:00:00.000Z
2026-07-31T11:00:00.000Z,93711.65447766047,93981.90364174744,93449.25032605547,93719.47758448172,366.59219975890227,2026-07-31T12:00:00.000Z
2026-07-31T12:00:00.000Z,93719.47758448172,94207.82242194792,93243.05118727367,93731.33574335485,500.01337537542605,2026-07-31T13:00:00.000Z
2026-07-31T13:00:00.000Z,93731.33574335485,94211.71254275946,92718.3442249726,93195.97729115542,653.9115368173976,2026-07-31T14:00:00.000Z
2026-07-31T14:00:00.000Z,93195.97729115542,93815.47022543236,92835.80551465933,93454.30011624504,352.2925762703142,2026-07-31T15:00:00.000Z
2026-07-31T15:00:00.000Z,93454.30011624504,93643.8333762652,92810.73800155066,92999.3485812075,602.3834073461514,2026-07-31T16:00:00.000Z
2026-07-31T16:00:00.000Z,92999.3485812075,93170.06987755444,92760.78591318135,92931.38244233893,104.22145668613793,2026-07-31T17:00:00.000Z
2026-07-31T17:00:00.000Z,92931.38244233893,93236.71735058984,92270.1540200262,92574.3157516561,299.92803791534527,2026-07-31T18:00:00.000Z
2026-07-31T18:00:00.000Z,92574.3157516561,92752.26080929826,92097.30658039064,92274.67567405783,218.0818172721573,2026-07-31T19:00:00.000Z
2026-07-31T19:00:00.000Z,92274.67567405783,92677.29328246803,91864.391055727,92266.97506444146,116.63874137058795,2026-07-31T20:00:00.000Z
2026-07-31T20:00:00.000Z,92266.97506444146,92739.10834415289,91301.38886343144,91770.98414055376,399.6126651296451,2026-07-31T21:00:00.000Z
2026-07-31T21:00:00.000Z,91770.98414055376,92033.4951495214,91485.68509876207,91748.13073553756,444.3431856782842,2026-07-31T22:00:00.000Z
2026-07-31T22:00:00.000Z,91748.13073553756,91946.23933046631,91507.81133197536,91705.82858532065,277.9204701901974,2026-07-31T23:00:00.000Z
2026-07-31T23:00:00.000Z,91705.82858532065,92232.17563297614,91321.42241931219,91847.1769725489,442.31821342479356,2026-08-01T00:00:00.000Z
2026-08-01T00:00:00.000Z,91847.1769725489,92286.65520991037,91595.14492141455,92034.11020706565,302.9708241126364,2026-08-01T01:00:00.000Z
2026-08-01T01:00:00.000Z,92034.11020706565,92568.7843739405,91395.15073926288,91929.21551815893,263.2396486416644,2026-08-01T02:00:00.000Z
2026-08-01T02:00:00.000Z,91929.21551815893,92569.71086643139,91236.84830360895,91876.97971109007,284.8910427581943,2026-08-01T03:00:00.000Z
2026-08-01T03:00:00.000Z,91876.97971109007,92465.9024936036,90819.7072541958,91405.6085922542,128.63007617584898,2026-08-01T04:00:00.000Z
2026-08-01T04:00:00.000Z,91405.6085922542,91831.63828603167,91225.84857570371,91651.39490142875,496.7369226723616,2026-08-01T05:00:00.000Z
2026-08-01T05:00:00.000Z,91651.39490142875,92127.40390658792,90835.1985282624,91309.43148115679,236.1028487496557,2026-08-01T06:00:00.000Z
2026-08-01T06:00:00.000Z,91309.43148115679,91665.69196588495,90781.31238247787,91136.8997028464,159.13677078631557,2026-08-01T07:00:00.000Z
2026-08-01T07:00:00.000Z,91136.8997028464,91458.54042664492,90685.99372560742,91007.17663020083,533.3992134935219,2026-08-01T08:00:00.000Z
2026-08-01T08:00:00.000Z,91007.17663020083,91596.8910816543,90057.29980293597,90644.66522851803,113.40588043136796,2026-08-01T09:00:00.000Z
2026-08-01T09:00:00.000Z,90644.66522851803,90928.3058847487,90233.65894223904,90516.89980142158,160.58849182938621,2026-08-01T10:00:00.000Z
2026-08-01T10:00:00.000Z,90516.89980142158,90712.45281515073,89921.3647731386,90116.05179348783,389.9134371848374,2026-08-01T11:00:00.000Z
2026-08-01T11:00:00.000Z,90116.05179348783,90757.15311078454,89704.01164728269,90344.07038877333,511.6572967784746,2026-08-01T12:00:00.000Z
2026-08-01T12:00:00.000Z,90344.07038877333,90804.97558186705,89503.11837294856,89962.07475222567,368.57448577348816,2026-08-01T13:00:00.000Z
2026-08-01T13:00:00.000Z,89962.07475222567,90181.5039742213,89372.83848899213,89591.36349793644,246.28804714711757,2026-08-01T14:00:00.000Z
2026-08-01T14:00:00.000Z,89591.36349793644,89885.8154154652,89373.11376056308,89667.38049629216,482.29777821446663,2026-08-01T15:00:00.000Z
2026-08-01T15:00:00.000Z,89667.38049629216,90296.94980282818,89135.40343609803,89764.39716385264,427.4421270598853,2026-08-01T16:00:00.000Z
2026-08-01T16:00:00.000Z,89764.39716385264,90190.1773065861,88955.05821200756,89379.01034654104,476.9982545529484,2026-08-01T17:00:00.000Z
2026-08-01T17:00:00.000Z,89379.01034654104,89492.88768331741,89001.74069306564,89115.28201493293,571.2143152352489,2026-08-01T18:00:00.000Z
2026-08-01T18:00:00.000Z,89115.28201493293,89407.97352193703,88679.25268709316,88971.47186197375,115.12166187871325,2026-08-01T19:00:00.000Z
2026-08-01T19:00:00.000Z,88971.47186197375,89420.31810851725,88447.10979646952,88895.57314664434,251.37537091568828,2026-08-01T20:00:00.000Z
2026-08-01T20:00:00.000Z,88895.57314664434,89510.62064259103,87962.2214351167,88575.05131614438,366.74366661661475,2026-08-01T21:00:00.000Z
2026-08-01T21:00:00.000Z,88575.05131614438,88910.32165377063,88445.11061769573,88780.0801754434,207.7375915403187,2026-08-01T22:00:00.000Z
2026-08-01T22:00:00.000Z,88780.0801754434,89585.52512818685,88161.27251839805,88965.42559167332,277.74235921806763,2026-08-01T23:00:00.000Z
2026-08-01T23:00:00.000Z,88965.42559167332,89358.92665718944,88718.12741360758,89111.22320388754,260.3897062877145,2026-08-02T00:00:00.000Z
2026-08-02T00:00:00.000Z,89111.22320388754,89660.04807343279,88647.25757929591,89195.64291002351,316.20851830402785,2026-08-02T01:00:00.000Z
2026-08-02T01:00:00.000Z,89195.64291002351,89551.4494432102,88888.9425082644,89244.58076797711,509.25264051614914,2026-08-02T02:00:00.000Z
2026-08-02T02:00:00.000Z,89244.58076797711,90075.24042179101,88857.52101709104,89686.26505643078,508.9722219896373,2026-08-02T03:00:00.000Z
2026-08-02T03:00:00.000Z,89686.26505643078,90735.72510906274,89201.41565083904,90247.83979626013,166.45724171141967,2026-08-02T04:00:00.000Z
2026-08-02T04:00:00.000Z,90247.83979626013,90655.21316646949,90067.08559912106,90474.00598908517,214.41374640651685,2026-08-02T05:00:00.000Z
2026-08-02T05:00:00.000Z,90474.00598908517,91530.65263837935,89926.45394910831,90980.03807345885,458.73809240699654,2026-08-02T06:00:00.000Z
2026-08-02T06:00:00.000Z,90980.03807345885,91687.63707849162,90726.70291544814,91433.04052895951,532.0937281623919,2026-08-02T07:00:00.000Z
2026-08-02T07:00:00.000Z,91433.04052895951,92242.50703340469,90926.49236955548,91734.28992233012,445.54739834067755,2026-08-02T08:00:00.000Z
2026-08-02T08:00:00.000Z,91734.28992233012,92413.71735919356,91103.53863043593,91782.63366295114,242.46052538159327,2026-08-02T09:00:00.000Z
2026-08-02T09:00:00.000Z,91782.63366295114,92252.40111737042,91525.79246223725,91994.96573427177,410.0606859242826,2026-08-02T10:00:00.000Z
2026-08-02T10:00:00.000Z,91994.96573427177,92525.39025418166,91478.34728015817,92008.69470195725,349.4672607860841,2026-08-02T11:00:00.000Z
2026-08-02T11:00:00.000Z,92008.69470195725,92684.87045391984,91909.42003845832,92584.97400208029,225.6494249802313,2026-08-02T12:00:00.000Z
2026-08-02T12:00:00.000Z,92584.97400208029,93162.97589922769,92299.81445367112,92876.91717270034,316.5803311469873,2026-08-02T13:00:00.000Z
2026-08-02T13:00:00.000Z,92876.91717270034,93899.93658743033,92255.34054460189,93275.69117351998,446.0231311367932,2026-08-02T14:00:00.000Z
2026-08-02T14:00:00.000Z,93275.69117351998,93812.17742448361,93063.37208006921,93599.1221202951,698.8061216654285,2026-08-02T15:00:00.000Z
2026-08-02T15:00:00.000Z,93599.1221202951,94210.45535666912,93205.85024949406,93816.27109926374,333.25435474200845,2026-08-02T16:00:00.000Z
2026-08-02T16:00:00.000Z,93816.27109926374,94498.64145943023,93594.78668086766,94276.07152964357,649.6878695439957,2026-08-02T17:00:00.000Z
2026-08-02T17:00:00.000Z,94276.07152964357,94897.73074206225,93972.76684742465,94593.40513516101,542.7790140932328,2026-08-02T18:00:00.000Z
2026-08-02T18:00:00.000Z,94593.40513516101,95703.53198210648,94065.61134793748,95172.50703532547,241.2522533634921,2026-08-02T19:00:00.000Z
2026-08-02T19:00:00.000Z,95172.50703532547,95850.65359004756,94848.28902820655,95525.23397095382,331.68492775023213,2026-08-02T20:00:00.000Z
2026-08-02T20:00:00.000Z,95525.23397095382,96367.67048328169,95185.36108164859,96026.01584297016,226.91389179179163,2026-08-02T21:00:00.000Z
2026-08-02T21:00:00.000Z,96026.01584297016,96300.11767810995,95553.59628132735,95827.13040715983,480.664748223808,2026-08-02T22:00:00.000Z
2026-08-02T22:00:00.000Z,95827.13040715983,96057.15622335863,95385.72020419624,95615.237387144,593.8886896212998,2026-08-02T23:00:00.000Z
2026-08-02T23:00:00.000Z,95615.237387144,96180.5359852362,95348.41313838001,95912.88113069804,567.8765056039563,2026-08-03T00:00:00.000Z
2026-08-03T00:00:00.000Z,95912.88113069804,96029.63343468851,95538.44391227125,95654.88216069568,473.24458964785777,2026-08-03T01:00:00.000Z
2026-08-03T01:00:00.000Z,95654.88216069568,95940.58553955669,95285.9838495648,95571.43799619422,338.95141726310897,2026-08-03T02:00:00.000Z
2026-08-03T02:00:00.000Z,95571.43799619422,95863.20682994416,95389.56592856006,95681.12602642328,365.43722323395184,2026-08-03T03:00:00.000Z
2026-08-03T03:00:00.000Z,95681.12602642328,96314.74730988855,95081.32101878623,95714.73163570139,557.4892253882667,2026-08-03T04:00:00.000Z
2026-08-03T04:00:00.000Z,95714.73163570139,96247.25754649175,94956.05220361617,95487.31282948285,472.9844413571918,2026-08-03T05:00:00.000Z
2026-08-03T05:00:00.000Z,95487.31282948285,96445.7881505393,95061.91812280312,96018.02910989993,696.1115867812706,2026-08-03T06:00:00.000Z
2026-08-03T06:00:00.000Z,96018.02910989993,96601.65023827547,95244.83335907955,95827.29515973039,106.77458970191637,2026-08-03T07:00:00.000Z
2026-08-03T07:00:00.000Z,95827.29515973039,96436.27739977563,95623.25809100179,96231.37994700533,174.35963911673036,2026-08-03T08:00:00.000Z
2026-08-03T08:00:00.000Z,96231.37994700533,97051.23439876609,95966.6969297351,96785.02857894963,341.01619517477985,2026-08-03T09:00:00.000Z
2026-08-03T09:00:00.000Z,96785.02857894963,97022.17951375424,96517.74826086422,96754.82518874518,394.538745141839,2026-08-03T10:00:00.000Z
2026-08-03T10:00:00.000Z,96754.82518874518,97601.10493489764,96102.61202087703,96947.59234575629,205.73348799056072,2026-08-03T11:00:00.000Z
2026-08-03T11:00:00.000Z,96947.59234575629,97990.287677943,96319.59284804607,97359.61918514052,106.42794799358954,2026-08-03T12:00:00.000Z
2026-08-03T12:00:00.000Z,97359.61918514052,97466.76174808349,97040.48646415077,97147.3954786059,381.0382721391685,2026-08-03T13:00:00.000Z
2026-08-03T13:00:00.000Z,97147.3954786059,97386.86637580258,96952.08901745843,97191.47130400901,302.41558589153715,2026-08-03T14:00:00.000Z
2026-08-03T14:00:00.000Z,97191.47130400901,97927.30110869986,97068.82261579954,97803.87960499786,523.2405678477328,2026-08-03T15:00:00.000Z
2026-08-03T15:00:00.000Z,97803.87960499786,98810.19862809712,97129.33632715272,98133.38280067046,214.68494930988408,2026-08-03T16:00:00.000Z
2026-08-03T16:00:00.000Z,98133.38280067046,98435.81687553148,98022.62761599023,98324.84560232612,269.684704099635,2026-08-03T17:00:00.000Z
2026-08-03T17:00:00.000Z,98324.84560232612,98464.50199945552,98053.9373379836,98193.40704541937,394.25611602806305,2026-08-03T18:00:00.000Z
2026-08-03T18:00:00.000Z,98193.40704541937,98802.14110551399,97854.83617599974,98462.6419142613,253.63298345060693,2026-08-03T19:00:00.000Z
2026-08-03T19:00:00.000Z,98462.6419142613,98806.90910993885,98310.19902938562,98654.16969587204,511.33511597818466,2026-08-03T20:00:00.000Z
2026-08-03T20:00:00.000Z,98654.16969587204,99057.05516747302,98147.1354954458,98549.5938987386,269.46483057433034,2026-08-03T21:00:00.000Z
2026-08-03T21:00:00.000Z,98549.5938987386,99476.1977709426,98240.91018620365,99165.58461058045,602.3697406530239,2026-08-03T22:00:00.000Z
2026-08-03T22:00:00.000Z,99165.58461058045,99840.93036359448,98413.78765674563,99088.60918528435,443.6203546559533,2026-08-03T23:00:00.000Z
2026-08-03T23:00:00.000Z,99088.60918528435,99300.64530918252,98947.0029274522,99158.93854456695,666.7684947917091,2026-08-04T00:00:00.000Z
2026-08-04T00:00:00.000Z,99158.93854456695,99547.28782023466,98619.72185666257,99007.47794714534,347.8669185414291,2026-08-04T01:00:00.000Z
2026-08-04T01:00:00.000Z,99007.47794714534,99437.02475228261,98458.67464126657,98887.70179410145,565.5349189720745,2026-08-04T02:00:00.000Z
2026-08-04T02:00:00.000Z,98887.70179410145,99434.94703949768,98437.92931403987,98984.73322983996,354.08574335932997,2026-08-04T03:00:00.000Z
2026-08-04T03:00:00.000Z,98984.73322983996,99106.26355303523,98763.03897977382,98884.44617369503,110.27607471229325,2026-08-04T04:00:00.000Z
2026-08-04T04:00:00.000Z,98884.44617369503,99675.71432885631,98426.51463592392,99216.24623283773,682.0561080156156,2026-08-04T05:00:00.000Z
2026-08-04T05:00:00.000Z,99216.24623283773,99755.66700199082,98573.7730100615,99112.63043890105,261.6344465695482,2026-08-04T06:00:00.000Z
2026-08-04T06:00:00.000Z,99112.63043890105,99705.05856462845,98674.83971924953,99266.5877994231,625.3919805052652,2026-08-04T07:00:00.000Z
2026-08-04T07:00:00.000Z,99266.5877994231,99480.83284844454,98720.60319956213,98934.13071324458,420.4832939060793,2026-08-04T08:00:00.000Z
2026-08-04T08:00:00.000Z,98934.13071324458,99079.02956809438,98605.73455640796,98750.36426705625,351.9799930285569,2026-08-04T09:00:00.000Z
2026-08-04T09:00:00.000Z,98750.36426705625,99119.45351146373,98294.35840796324,98663.12157418528,382.32738509882586,2026-08-04T10:00:00.000Z
2026-08-04T10:00:00.000Z,98663.12157418528,98964.3496770392,98346.6898983435,98647.87144105825,140.50888393097972,2026-08-04T11:00:00.000Z
2026-08-04T11:00:00.000Z,98647.87144105825,99432.94724270311,98080.53215134163,98864.36287698339,567.752750435729,2026-08-04T12:00:00.000Z
2026-08-04T12:00:00.000Z,98864.36287698339,99062.65620076399,98716.29630326247,98914.51451624303,140.48632878832814,2026-08-04T13:00:00.000Z
2026-08-04T13:00:00.000Z,98914.51451624303,99018.94733202177,98465.43375384556,98569.50230967332,263.88265405031046,2026-08-04T14:00:00.000Z
2026-08-04T14:00:00.000Z,98569.50230967332,99303.05350988355,97968.58092670636,98701.3284589455,658.1699923417391,2026-08-04T15:00:00.000Z
2026-08-04T15:00:00.000Z,98701.3284589455,99166.27177730043,98054.41570139257,98518.49777597534,119.7324272337055,2026-08-04T16:00:00.000Z
2026-08-04T16:00:00.000Z,98518.49777597534,99140.9145847815,98128.15237387519,98749.6533089975,391.2394112400894,2026-08-04T17:00:00.000Z
2026-08-04T17:00:00.000Z,98749.6533089975,99251.95097987007,97915.03437565407,98415.63302679187,209.20810257513455,2026-08-04T18:00:00.000Z
2026-08-04T18:00:00.000Z,98415.63302679187,99072.78242291811,97427.5167774164,98082.44135724362,115.73353913413992,2026-08-04T19:00:00.000Z
2026-08-04T19:00:00.000Z,98082.44135724362,98775.1661546972,97607.16580562238,98298.8419960921,324.5604846740889,2026-08-04T20:00:00.000Z
2026-08-04T20:00:00.000Z,98298.8419960921,98420.60864559023,98031.97767575439,98153.56436412447,549.3257065533314,2026-08-04T21:00:00.000Z
2026-08-04T21:00:00.000Z,98153.56436412447,98684.33293397217,97521.05274070417,98051.26814041781,239.53983892665238,2026-08-04T22:00:00.000Z
2026-08-04T22:00:00.000Z,98051.26814041781,98528.0040246196,97809.84040399929,98285.99832141552,120.74071207118254,2026-08-04T23:00:00.000Z
2026-08-04T23:00:00.000Z,98285.99832141552,98838.34849354878,98181.08333242753,98732.9564009774,656.3763262500876,2026-08-05T00:00:00.000Z
2026-08-05T00:00:00.000Z,98732.9564009774,99320.61371069831,97748.97899100672,98334.26328433194,305.1764956699575,2026-08-05T01:00:00.000Z
2026-08-05T01:00:00.000Z,98334.26328433194,98730.8637186225,97812.42596091366,98208.51924603227,376.7406907289944,2026-08-05T02:00:00.000Z
2026-08-05T02:00:00.000Z,98208.51924603227,99256.41754725268,97597.5594448401,98642.75633676666,113.47319940732476,2026-08-05T03:00:00.000Z
2026-08-05T03:00:00.000Z,98642.75633676666,99093.95887100889,98128.82321923584,98579.73749856143,501.83906788092065,2026-08-05T04:00:00.000Z
2026-08-05T04:00:00.000Z,98579.73749856143,98833.66998858504,98064.4301961218,98317.68766948074,331.2278184253852,2026-08-05T05:00:00.000Z
2026-08-05T05:00:00.000Z,98317.68766948074,98991.59394179395,97291.84150995631,97963.31880528732,147.58203478883115,2026-08-05T06:00:00.000Z
2026-08-05T06:00:00.000Z,97963.31880528732,98514.96674716426,97742.99759432927,98293.90204873144,523.5854105202413,2026-08-05T07:00:00.000Z
2026-08-05T07:00:00.000Z,98293.90204873144,98499.8006314084,97960.5639953255,98166.19506714004,402.4045479960761,2026-08-05T08:00:00.000Z
2026-08-05T08:00:00.000Z,98166.19506714004,98986.90466531548,97681.32862911487,98500.38757017306,381.3648534386255,2026-08-05T09:00:00.000Z
2026-08-05T09:00:00.000Z,98500.38757017306,98651.67308164906,98367.48666391353,98518.74740352262,271.8199841546919,2026-08-05T10:00:00.000Z
2026-08-05T10:00:00.000Z,98518.74740352262,99057.06675405233,98413.06373002542,98950.9194781076,531.4696747956191,2026-08-05T11:00:00.000Z
2026-08-05T11:00:00.000Z,98950.9194781076,99271.36363808556,98370.66685087337,98690.26690961614,204.39752885345254,2026-08-05T12:00:00.000Z
2026-08-05T12:00:00.000Z,98690.26690961614,99339.51434332471,97927.26103842897,98575.75514078715,515.0743785384457,2026-08-05T13:00:00.000Z
2026-08-05T13:00:00.000Z,98575.75514078715,99499.15600039964,98052.15255157571,98973.44103211391,535.8386228027933,2026-08-05T14:00:00.000Z
2026-08-05T14:00:00.000Z,98973.44103211391,99448.50022873867,98577.51151269923,99052.2554232867,407.1720750570167,2026-08-05T15:00:00.000Z
2026-08-05T15:00:00.000Z,99052.2554232867,99535.21192142947,98501.89882905423,98984.52508933657,514.8296607727323,2026-08-05T16:00:00.000Z
2026-08-05T16:00:00.000Z,98984.52508933657,99399.62965152935,98208.49374560302,98622.07833991089,635.4393046979975,2026-08-05T17:00:00.000Z
2026-08-05T17:00:00.000Z,98622.07833991089,99294.63351488388,98011.65331124555,98683.82629495002,555.2749581892392,2026-08-05T18:00:00.000Z
2026-08-05T18:00:00.000Z,98683.82629495002,98958.13767118077,97996.40849707877,98269.56836076376,240.84100115152123,2026-08-05T19:00:00.000Z
2026-08-05T19:00:00.000Z,98269.56836076376,98436.31731837995,97752.29741498026,97918.4505775265,699.9089999123984,2026-08-05T20:00:00.000Z
2026-08-05T20:00:00.000Z,97918.4505775265,98532.9825791916,97183.18322692715,97796.95271319988,601.2102599727039,2026-08-05T21:00:00.000Z
2026-08-05T21:00:00.000Z,97796.95271319988,98402.44229599672,97320.54050192327,97925.40434003294,433.0567409904006,2026-08-05T22:00:00.000Z
2026-08-05T22:00:00.000Z,97925.40434003294,98260.69302472215,97489.61910840082,97824.56251882926,581.215722244799,2026-08-05T23:00:00.000Z
2026-08-05T23:00:00.000Z,97824.56251882926,98336.25448632747,97370.83807329493,97882.26242031892,129.27083383746017,2026-08-06T00:00:00.000Z
2026-08-06T00:00:00.000Z,97882.26242031892,98744.83464562855,97317.80067551965,98178.66363154279,363.1256368305188,2026-08-06T01:00:00.000Z
2026-08-06T01:00:00.000Z,98178.66363154279,98455.5121121795,97900.70623878855,98177.55158362401,511.2127941154003,2026-08-06T02:00:00.000Z
2026-08-06T02:00:00.000Z,98177.55158362401,98629.61764174154,97873.46287800401,98325.0720160149,689.888286027074,2026-08-06T03:00:00.000Z
2026-08-06T03:00:00.000Z,98325.0720160149,98646.29082424253,98150.36709690285,98471.32603959632,683.6764953023179,2026-08-06T04:00:00.000Z
2026-08-06T04:00:00.000Z,98471.32603959632,98858.04413246484,98229.11653490504,98615.48005275633,610.6902888560157,2026-08-06T05:00:00.000Z
2026-08-06T05:00:00.000Z,98615.48005275633,98819.10618038524,98144.07337596011,98347.1454329755,592.6049218012975,2026-08-06T06:00:00.000Z
2026-08-06T06:00:00.000Z,98347.1454329755,98869.6141444116,97910.04447763326,98432.13545345755,421.0345554729153,2026-08-06T07:00:00.000Z
2026-08-06T07:00:00.000Z,98432.13545345755,99029.70907844267,97945.07743152631,98542.10690012352,373.64859267773505,2026-08-06T08:00:00.000Z
2026-08-06T08:00:00.000Z,98542.10690012352,98990.61419494267,97885.71041861504,98333.26719457141,184.8740739211785,2026-08-06T09:00:00.000Z
2026-08-06T09:00:00.000Z,98333.26719457141,98986.72057038873,97570.31813209619,98223.03900932157,344.0076925065404,2026-08-06T10:00:00.000Z
2026-08-06T10:00:00.000Z,98223.03900932157,98614.65469828389,97368.73338512682,97758.49694282484,158.29937116163754,2026-08-06T11:00:00.000Z
2026-08-06T11:00:00.000Z,97758.49694282484,98037.52607022559,97018.79630035574,97296.50678318703,171.28524085100986,2026-08-06T12:00:00.000Z
2026-08-06T12:00:00.000Z,97296.50678318703,98140.60794572988,96654.92001819487,97497.69452067645,170.71370290159888,2026-08-06T13:00:00.000Z
2026-08-06T13:00:00.000Z,97497.69452067645,98017.85147055663,97171.23210916245,97690.74265443182,275.37970048160275,2026-08-06T14:00:00.000Z
2026-08-06T14:00:00.000Z,97690.74265443182,98026.08323387077,97433.73182510762,97768.86687054175,289.1908903555902,2026-08-06T15:00:00.000Z
2026-08-06T15:00:00.000Z,97768.86687054175,97926.98556917167,97578.4846701229,97736.55110542104,146.43345700876483,2026-08-06T16:00:00.000Z
2026-08-06T16:00:00.000Z,97736.55110542104,98432.13325134726,97120.34009564813,97815.42495642543,504.9146069236633,2026-08-06T17:00:00.000Z
2026-08-06T17:00:00.000Z,97815.42495642543,98318.68426725028,97088.31150434131,97590.4131317449,583.4486240909662,2026-08-06T18:00:00.000Z
2026-08-06T18:00:00.000Z,97590.4131317449,97755.14873110002,97086.77653650292,97250.93909330814,272.955746004803,2026-08-06T19:00:00.000Z
2026-08-06T19:00:00.000Z,97250.93909330814,97922.51031001807,96746.51064882024,97417.2193904485,180.46302668771847,2026-08-06T20:00:00.000Z
2026-08-06T20:00:00.000Z,97417.2193904485,98199.93315054828,96833.7809209207,97615.30831275435,228.6273310559929,2026-08-06T21:00:00.000Z
2026-08-06T21:00:00.000Z,97615.30831275435,98267.61970956993,96430.51782842989,97079.24701153101,427.80205073198397,2026-08-06T22:00:00.000Z
2026-08-06T22:00:00.000Z,97079.24701153101,97664.85602729261,96150.34675778155,96733.87237770302,249.80352602424264,2026-08-06T23:00:00.000Z
2026-08-06T23:00:00.000Z,96733.87237770302,97328.56893198387,95766.68014896252,96359.07252399295,538.8947233738818,2026-08-07T00:00:00.000Z
2026-08-07T00:00:00.000Z,96359.07252399295,96715.43092567458,95567.29885438256,95922.04101124898,221.9442356945687,2026-08-07T01:00:00.000Z
2026-08-07T01:00:00.000Z,95922.04101124898,96505.20759553822,95498.1250756201,96080.59096742711,251.7211294508172,2026-08-07T02:00:00.000Z
2026-08-07T02:00:00.000Z,96080.59096742711,96634.8422538842,95772.95934516644,96326.42352293598,479.010958494158,2026-08-07T03:00:00.000Z
2026-08-07T03:00:00.000Z,96326.42352293598,96538.55873221447,96158.46304956001,96370.52136721804,168.34541096740654,2026-08-07T04:00:00.000Z
2026-08-07T04:00:00.000Z,96370.52136721804,96641.34710093592,95919.1818063478,96189.49882055972,595.4772267935226,2026-08-07T05:00:00.000Z
2026-08-07T05:00:00.000Z,96189.49882055972,96297.5482577741,95620.04976192371,95727.58032718368,326.3469808857641,2026-08-07T06:00:00.000Z
2026-08-07T06:00:00.000Z,95727.58032718368,96001.4612014162,95177.8192563183,95450.90856029351,157.61473675147386,2026-08-07T07:00:00.000Z
2026-08-07T07:00:00.000Z,95450.90856029351,96212.20027977524,94868.71335343114,95628.91931053383,295.65482856503445,2026-08-07T08:00:00.000Z
2026-08-07T08:00:00.000Z,95628.91931053383,95740.76730056656,95465.55904628322,95577.34671679136,153.8556677540092,2026-08-07T09:00:00.000Z
2026-08-07T09:00:00.000Z,95577.34671679136,96207.08198168325,94870.08223430807,95499.30329055764,112.5067927932864,2026-08-07T10:00:00.000Z
2026-08-07T10:00:00.000Z,95499.30329055764,95602.89614258836,95102.81890912415,95206.09370210663,339.02205435513616,2026-08-07T11:00:00.000Z
2026-08-07T11:00:00.000Z,95206.09370210663,95606.3959267434,94574.27571072467,94973.60039722772,447.9716322142499,2026-08-07T12:00:00.000Z
2026-08-07T12:00:00.000Z,94973.60039722772,95120.48338966833,94475.40519062734,94621.74401375881,114.38170606940133,2026-08-07T13:00:00.000Z
2026-08-07T13:00:00.000Z,94621.74401375881,95060.42278876343,94335.04112146399,94773.26080218826,303.3786087312636,2026-08-07T14:00:00.000Z
2026-08-07T14:00:00.000Z,94773.26080218826,95446.7088903297,94353.759037671,95026.08801835112,604.4233189450686,2026-08-07T15:00:00.000Z
2026-08-07T15:00:00.000Z,95026.08801835112,95382.13640390159,94721.61050563508,95077.49417831512,209.1177638196935,2026-08-07T16:00:00.000Z
2026-08-07T16:00:00.000Z,95077.49417831512,95272.679817888,94790.68205386802,94985.67920546747,327.62238049303295,2026-08-07T17:00:00.000Z
2026-08-07T17:00:00.000Z,94985.67920546747,95277.99024119503,94187.19159884976,94477.94010701537,223.45364881840237,2026-08-07T18:00:00.000Z
2026-08-07T18:00:00.000Z,94477.94010701537,94751.866395127,93751.24320166845,94023.85292406788,367.2969979547416,2026-08-07T19:00:00.000Z
2026-08-07T19:00:00.000Z,94023.85292406788,94168.85474236781,93673.45041346365,93818.13497741382,543.9422836731851,2026-08-07T20:00:00.000Z
2026-08-07T20:00:00.000Z,93818.13497741382,94401.88228047463,93138.35217957878,93721.49819740064,110.08043913640103,2026-08-07T21:00:00.000Z
2026-08-07T21:00:00.000Z,93721.49819740064,94335.45294661108,92849.90964831776,93462.1655502691,600.5531774370713,2026-08-07T22:00:00.000Z
2026-08-07T22:00:00.000Z,93462.1655502691,93774.5889134755,92857.5990899393,93169.04260793305,408.64570667438477,2026-08-07T23:00:00.000Z
2026-08-07T23:00:00.000Z,93169.04260793305,93679.82330921873,92660.68641643517,93171.4539607099,566.3269984844733,2026-08-08T00:00:00.000Z
2026-08-08T00:00:00.000Z,93171.4539607099,93462.45095182201,92812.48898395587,93103.27302952533,432.7013421490329,2026-08-08T01:00:00.000Z
2026-08-08T01:00:00.000Z,93103.27302952533,93444.20070340339,92629.96252292715,92970.40365271184,225.3262199113733,2026-08-08T02:00:00.000Z
2026-08-08T02:00:00.000Z,92970.40365271184,93598.5990336641,92274.51585349813,92902.25072927866,188.00397575274297,2026-08-08T03:00:00.000Z
2026-08-08T03:00:00.000Z,92902.25072927866,93518.88572764196,91838.4076339765,92452.05447257144,379.4785773751692,2026-08-08T04:00:00.000Z
2026-08-08T04:00:00.000Z,92452.05447257144,92668.59260590031,92221.3822525918,92437.887203814,479.7544198947746,2026-08-08T05:00:00.000Z
2026-08-08T05:00:00.000Z,92437.887203814,93009.73295097091,91763.94572584132,92335.1559497021,464.32872180097206,2026-08-08T06:00:00.000Z
2026-08-08T06:00:00.000Z,92335.1559497021,92620.08499818639,91865.61312893088,92149.97073041015,526.3440895948299,2026-08-08T07:00:00.000Z
2026-08-08T07:00:00.000Z,92149.97073041015,92489.06223583856,91753.67200487439,92092.55222289816,404.16922779016625,2026-08-08T08:00:00.000Z
2026-08-08T08:00:00.000Z,92092.55222289816,92698.67310961543,91165.25438954639,91769.24739726735,178.06691745206103,2026-08-08T09:00:00.000Z
2026-08-08T09:00:00.000Z,91769.24739726735,92267.03163092029,91360.01768213029,91857.40877476463,202.47182822901374,2026-08-08T10:00:00.000Z
2026-08-08T10:00:00.000Z,91857.40877476463,92127.90669511224,91363.73456570637,91633.57334468319,456.2526228633954,2026-08-08T11:00:00.000Z
2026-08-08T11:00:00.000Z,91633.57334468319,92229.41214898205,90671.36288590553,91264.80380047619,195.73006289812275,2026-08-08T12:00:00.000Z
2026-08-08T12:00:00.000Z,91264.80380047619,91679.08475384137,90753.1385224048,91166.97540049536,249.93344719984265,2026-08-08T13:00:00.000Z
2026-08-08T13:00:00.000Z,91166.97540049536,91822.96280915846,90682.69287062538,91337.77299579921,543.9662975463859,2026-08-08T14:00:00.000Z
2026-08-08T14:00:00.000Z,91337.77299579921,91654.73648999212,90659.57876155159,90975.28433507553,423.182843682907,2026-08-08T15:00:00.000Z
2026-08-08T15:00:00.000Z,90975.28433507553,91643.18570303795,90482.32818199134,91149.28670553402,194.41660525948583,2026-08-08T16:00:00.000Z
2026-08-08T16:00:00.000Z,91149.28670553402,91386.6492958003,90984.8461296136,91222.07739966775,316.7168572622895,2026-08-08T17:00:00.000Z
2026-08-08T17:00:00.000Z,91222.07739966775,91759.574601194,90932.29888637352,91469.01166983205,156.98471966059168,2026-08-08T18:00:00.000Z
2026-08-08T18:00:00.000Z,91469.01166983205,91995.25194444922,90891.19873986053,91417.14058934836,417.14360728726894,2026-08-08T19:00:00.000Z
2026-08-08T19:00:00.000Z,91417.14058934836,91890.11528200308,91291.68930637682,91764.1877479585,616.1702170577693,2026-08-08T20:00:00.000Z
2026-08-08T20:00:00.000Z,91764.1877479585,92803.91019653992,91131.2190948255,92168.15506802077,489.21518017967,2026-08-08T21:00:00.000Z
2026-08-08T21:00:00.000Z,92168.15506802077,92976.41633627829,91582.12028932452,92388.97749754069,431.2497943319612,2026-08-08T22:00:00.000Z
2026-08-08T22:00:00.000Z,92388.97749754069,93073.1288646649,92171.75296506532,92854.80907116886,653.9918527724184,2026-08-08T23:00:00.000Z
2026-08-08T23:00:00.000Z,92854.80907116886,93278.09719992302,92377.56068311413,92800.6017020409,242.56987345524593,2026-08-09T00:00:00.000Z
2026-08-09T00:00:00.000Z,92800.6017020409,93444.21396891917,92425.53036236156,93068.06163886933,269.7555546507964,2026-08-09T01:00:00.000Z
2026-08-09T01:00:00.000Z,93068.06163886933,93690.79568650306,92308.9886522779,92930.8042878997,646.2702192115925,2026-08-09T02:00:00.000Z
2026-08-09T02:00:00.000Z,92930.8042878997,93927.89990650126,92472.58186015356,93467.03344454206,581.4164769283573,2026-08-09T03:00:00.000Z
2026-08-09T03:00:00.000Z,93467.03344454206,93740.92967989031,93174.58579556213,93448.42750798621,331.2017188552775,2026-08-09T04:00:00.000Z
2026-08-09T04:00:00.000Z,93448.42750798621,93863.31893007479,93071.94948442254,93486.68677046086,678.2415186885006,2026-08-09T05:00:00.000Z
2026-08-09T05:00:00.000Z,93486.68677046086,93918.75437095806,93230.83953892867,93662.4261891932,611.5264191811561,2026-08-09T06:00:00.000Z
2026-08-09T06:00:00.000Z,93662.4261891932,94503.21595119296,93167.6305721912,94006.60213710349,525.7316552222388,2026-08-09T07:00:00.000Z
2026-08-09T07:00:00.000Z,94006.60213710349,94339.73458242766,93803.46885564395,94136.32099918587,524.7766398940126,2026-08-09T08:00:00.000Z
2026-08-09T08:00:00.000Z,94136.32099918587,94877.27944023714,93737.7058692424,94477.22078868112,232.7143545880515,2026-08-09T09:00:00.000Z
2026-08-09T09:00:00.000Z,94477.22078868112,94934.68553296065,94233.34282962632,94690.2576530334,460.4496379198738,2026-08-09T10:00:00.000Z
2026-08-09T10:00:00.000Z,94690.2576530334,95420.70908547232,94384.05191221586,95113.13585725945,183.50672790943958,2026-08-09T11:00:00.000Z
2026-08-09T11:00:00.000Z,95113.13585725945,95359.85381080331,94749.20129812407,94995.61440784973,638.2432756657913,2026-08-09T12:00:00.000Z
2026-08-09T12:00:00.000Z,94995.61440784973,95201.0614777003,94612.22495310355,94817.28635276697,650.855486817125,2026-08-09T13:00:00.000Z
2026-08-09T13:00:00.000Z,94817.28635276697,95172.07192640465,94531.23815025893,94885.81697823884,396.2584060133707,2026-08-09T14:00:00.000Z
2026-08-09T14:00:00.000Z,94885.81697823884,95703.6638344836,94404.77437055885,95220.92234320074,644.4595738986784,2026-08-09T15:00:00.000Z
2026-08-09T15:00:00.000Z,95220.92234320074,95418.47061588414,94955.0652098593,95152.47147224718,232.23947674605972,2026-08-09T16:00:00.000Z
2026-08-09T16:00:00.000Z,95152.47147224718,95553.51337839302,94707.2179767536,95108.07275432369,695.4755917170437,2026-08-09T17:00:00.000Z
2026-08-09T17:00:00.000Z,95108.07275432369,95434.9537384232,94750.30285860517,95077.07731315341,269.3791574655935,2026-08-09T18:00:00.000Z
2026-08-09T18:00:00.000Z,95077.07731315341,95499.76682320239,94905.45964032332,95327.69677289433,126.2237829278334,2026-08-09T19:00:00.000Z
2026-08-09T19:00:00.000Z,95327.69677289433,95859.63080246774,95030.02489811479,95561.22969384793,582.1850144687039,2026-08-09T20:00:00.000Z
2026-08-09T20:00:00.000Z,95561.22969384793,96502.37593266365,95058.46702842173,95997.31893313346,227.1484255451469,2026-08-09T21:00:00.000Z
2026-08-09T21:00:00.000Z,95997.31893313346,96932.053192648,95358.1463897668,96290.92574662558,492.6676609519253,2026-08-09T22:00:00.000Z
2026-08-09T22:00:00.000Z,96290.92574662558,96677.67119325857,95883.14739476482,96269.80802361094,408.380811153157,2026-08-09T23:00:00.000Z
2026-08-09T23:00:00.000Z,96269.80802361094,96382.74215255973,96122.68618224844,96235.58015848255,629.469518516897,2026-08-10T00:00:00.000Z
2026-08-10T00:00:00.000Z,96235.58015848255,96815.29671930305,95676.47973997949,96256.07721890697,572.7177682671313,2026-08-10T01:00:00.000Z
2026-08-10T01:00:00.000Z,96256.07721890697,96718.3304973433,96065.50730686433,96527.22376337083,487.05769171335623,2026-08-10T02:00:00.000Z
2026-08-10T02:00:00.000Z,96527.22376337083,96859.36964374171,96048.9118640124,96380.55305701128,413.8890456007277,2026-08-10T03:00:00.000Z
2026-08-10T03:00:00.000Z,96380.55305701128,96809.42680064823,96173.8766152393,96602.27490318756,457.92111081905716,2026-08-10T04:00:00.000Z
2026-08-10T04:00:00.000Z,96602.27490318756,97767.8357474842,96021.72444194659,97183.79055302839,698.7841700198055,2026-08-10T05:00:00.000Z
2026-08-10T05:00:00.000Z,97183.79055302839,98357.0064189397,96577.74962019111,97747.45048643119,693.8818231196524,2026-08-10T06:00:00.000Z
2026-08-10T06:00:00.000Z,97747.45048643119,98580.29185019786,97197.81876045269,98029.07654718404,538.4770143024982,2026-08-10T07:00:00.000Z
2026-08-10T07:00:00.000Z,98029.07654718404,98471.4052288691,97739.03327091743,98180.91270775576,566.7707515260068,2026-08-10T08:00:00.000Z
2026-08-10T08:00:00.000Z,98180.91270775576,98733.89305091884,97388.09333914454,97939.71519541372,537.939872330958,2026-08-10T09:00:00.000Z
2026-08-10T09:00:00.000Z,97939.71519541372,98230.73228153249,97759.78469785722,98050.59807487154,107.4396207963301,2026-08-10T10:00:00.000Z
2026-08-10T10:00:00.000Z,98050.59807487154,98564.27028853307,97622.20626349913,98135.50750030506,328.2573493329144,2026-08-10T11:00:00.000Z
2026-08-10T11:00:00.000Z,98135.50750030506,99121.39830268556,97655.72793572543,98639.15642382862,457.84002764049916,2026-08-10T12:00:00.000Z
2026-08-10T12:00:00.000Z,98639.15642382862,99396.7349222989,98234.81786103638,98990.95428067118,273.17802429812866,2026-08-10T13:00:00.000Z
2026-08-10T13:00:00.000Z,98990.95428067118,99421.50746758036,98299.15047959071,98728.5624141991,269.3542816533494,2026-08-10T14:00:00.000Z
2026-08-10T14:00:00.000Z,98728.5624141991,99834.2404593298,98156.68115686372,99259.28501252578,387.66999537482394,2026-08-10T15:00:00.000Z
2026-08-10T15:00:00.000Z,99259.28501252578,99927.62977439414,98427.82687151765,99095.06589311961,694.8676933510544,2026-08-10T16:00:00.000Z
2026-08-10T16:00:00.000Z,99095.06589311961,99591.92334316445,98541.02153466472,99037.59080765303,541.430071388106,2026-08-10T17:00:00.000Z
2026-08-10T17:00:00.000Z,99037.59080765303,99266.80636741067,98712.39470850134,98941.38761270972,662.305241991908,2026-08-10T18:00:00.000Z
2026-08-10T18:00:00.000Z,98941.38761270972,99283.39776344196,98428.26218885023,98769.67879465489,466.452078598762,2026-08-10T19:00:00.000Z
2026-08-10T19:00:00.000Z,98769.67879465489,99818.99672432296,98128.90768072891,99175.59223534985,389.2828445366038,2026-08-10T20:00:00.000Z
2026-08-10T20:00:00.000Z,99175.59223534985,99613.85458662009,98574.69764283639,99012.23812337623,304.9678424396402,2026-08-10T21:00:00.000Z
2026-08-10T21:00:00.000Z,99012.23812337623,99251.79803769464,98784.38111693868,99023.91416117444,197.33473355757758,2026-08-10T22:00:00.000Z
2026-08-10T22:00:00.000Z,99023.91416117444,99643.30156513456,98431.72601767504,99050.95173010956,412.6388204808528,2026-08-10T23:00:00.000Z
2026-08-10T23:00:00.000Z,99050.95173010956,99262.40048544633,98890.09775289871,99101.46447796469,575.88964219945,2026-08-11T00:00:00.000Z
2026-08-11T00:00:00.000Z,99101.46447796469,99375.78778493273,98813.13308971883,99087.41751320673,554.8814325848973,2026-08-11T01:00:00.000Z
2026-08-11T01:00:00.000Z,99087.41751320673,99975.53979941312,98656.49070141802,99542.63327434148,690.2282649605667,2026-08-11T02:00:00.000Z
2026-08-11T02:00:00.000Z,99542.63327434148,99952.32491379588,98954.34003789956,99363.29356164922,524.9268313054586,2026-08-11T03:00:00.000Z
2026-08-11T03:00:00.000Z,99363.29356164922,100128.29182035239,98985.9212992648,99749.45296159042,337.4610785569349,2026-08-11T04:00:00.000Z
2026-08-11T04:00:00.000Z,99749.45296159042,100324.59300438713,99357.25932011433,99931.68287364047,355.06910768107934,2026-08-11T05:00:00.000Z
2026-08-11T05:00:00.000Z,99931.68287364047,100526.99452520744,99727.4018254096,100321.91576016824,698.7482714460922,2026-08-11T06:00:00.000Z
2026-08-11T06:00:00.000Z,100321.91576016824,100903.67311832575,100156.32994498209,100737.4015252755,270.62529249611555,2026-08-11T07:00:00.000Z
2026-08-11T07:00:00.000Z,100737.4015252755,101243.67538636412,100250.29783063225,100756.4794427256,424.46828369259293,2026-08-11T08:00:00.000Z
2026-08-11T08:00:00.000Z,100756.4794427256,101672.40448395649,100223.81236415386,101137.72189921925,519.9705577548457,2026-08-11T09:00:00.000Z
2026-08-11T09:00:00.000Z,101137.72189921925,101314.17576701236,100596.19372760264,100772.0095410785,698.7509584048535,2026-08-11T10:00:00.000Z
2026-08-11T10:00:00.000Z,100772.0095410785,100937.67834435358,100185.71899947512,100350.69516350391,664.455422276843,2026-08-11T11:00:00.000Z
2026-08-11T11:00:00.000Z,100350.69516350391,100608.64802349097,99966.12837249735,100223.75493084785,262.76523403952143,2026-08-11T12:00:00.000Z
2026-08-11T12:00:00.000Z,100223.75493084785,100538.31429036311,99772.3465968036,100086.47509381885,396.0915161744186,2026-08-11T13:00:00.000Z
2026-08-11T13:00:00.000Z,100086.47509381885,100344.85476376525,99414.83481355515,99672.14486337465,235.10106491628153,2026-08-11T14:00:00.000Z
2026-08-11T14:00:00.000Z,99672.14486337465,100123.0534617217,99157.15714184221,99607.7745341057,148.78195619619544,2026-08-11T15:00:00.000Z
2026-08-11T15:00:00.000Z,99607.7745341057,100128.94969870217,99074.22094097362,99595.33099757798,282.8393096024354,2026-08-11T16:00:00.000Z
2026-08-11T16:00:00.000Z,99595.33099757798,99941.66395197391,99389.23238509432,99735.27574340528,373.6613326117682,2026-08-11T17:00:00.000Z
2026-08-11T17:00:00.000Z,99735.27574340528,100314.93929761177,99365.0773082498,99943.96624288702,239.7629433962344,2026-08-11T18:00:00.000Z
2026-08-11T18:00:00.000Z,99943.96624288702,100545.85008806901,99807.2186948563,100408.46699053302,404.59460546476515,2026-08-11T19:00:00.000Z
2026-08-11T19:00:00.000Z,100408.46699053302,100732.50147730009,99836.83121428799,100160.0640643294,492.8073738668149,2026-08-11T20:00:00.000Z
2026-08-11T20:00:00.000Z,100160.0640643294,100402.5161342785,99658.46148035784,99900.28471643773,379.925373606349,2026-08-11T21:00:00.000Z
2026-08-11T21:00:00.000Z,99900.28471643773,100210.84620591099,99319.83425527796,99629.55412055222,616.894559057846,2026-08-11T22:00:00.000Z
2026-08-11T22:00:00.000Z,99629.55412055222,100004.769236059,98897.94381088544,99271.81163150028,288.51661402197396,2026-08-11T23:00:00.000Z
2026-08-11T23:00:00.000Z,99271.81163150028,99624.27313040807,99086.67567028636,99438.82569799975,604.4688866028882,2026-08-12T00:00:00.000Z
2026-08-12T00:00:00.000Z,99438.82569799975,99693.29326827054,98771.48786224828,99024.89617181227,172.40541655216617,2026-08-12T01:00:00.000Z
2026-08-12T01:00:00.000Z,99024.89617181227,99588.86460629148,98211.89483088595,98774.4368447371,153.9678648365512,2026-08-12T02:00:00.000Z
2026-08-12T02:00:00.000Z,98774.4368447371,99352.88909548587,98421.11758204226,98998.76739536613,516.6839151720908,2026-08-12T03:00:00.000Z
2026-08-12T03:00:00.000Z,98998.76739536613,99585.36598217911,97999.55105862337,98583.69018344163,471.91880530301427,2026-08-12T04:00:00.000Z
2026-08-12T04:00:00.000Z,98583.69018344163,99013.2700656806,97790.67340266822,98218.6626721494,675.0088737229858,2026-08-12T05:00:00.000Z
2026-08-12T05:00:00.000Z,98218.6626721494,99118.6750620659,97745.14070788931,98643.10681030252,422.25067993730806,2026-08-12T06:00:00.000Z
2026-08-12T06:00:00.000Z,98643.10681030252,99262.39642813447,98292.22302755427,98910.56128203415,624.5725256970956,2026-08-12T07:00:00.000Z
2026-08-12T07:00:00.000Z,98910.56128203415,99221.97719629318,98309.35443857702,98619.85507606746,216.18649350301666,2026-08-12T08:00:00.000Z
2026-08-12T08:00:00.000Z,98619.85507606746,98888.59406253531,98439.67511136552,98708.2525942326,464.28399205407317,2026-08-12T09:00:00.000Z
2026-08-12T09:00:00.000Z,98708.2525942326,99361.88712429779,97811.33473380997,98463.34753112611,599.2731946051462,2026-08-12T10:00:00.000Z
2026-08-12T10:00:00.000Z,98463.34753112611,98921.31446168915,98002.31562139372,98460.26822969106,372.983622212421,2026-08-12T11:00:00.000Z
2026-08-12T11:00:00.000Z,98460.26822969106,99131.52026451175,97911.47477277383,98582.04803673101,610.7893134983207,2026-08-12T12:00:00.000Z
2026-08-12T12:00:00.000Z,98582.04803673101,98795.94859661041,97901.01592421514,98113.90071117201,535.6699199581844,2026-08-12T13:00:00.000Z
2026-08-12T13:00:00.000Z,98113.90071117201,98751.37522555303,97699.86179843181,98336.39738083146,524.0521319322531,2026-08-12T14:00:00.000Z
2026-08-12T14:00:00.000Z,98336.39738083146,98982.0191367409,97530.95941565096,98175.52497335752,535.6760904359055,2026-08-12T15:00:00.000Z
2026-08-12T15:00:00.000Z,98175.52497335752,98596.92270243813,97249.14588300145,97668.36674236957,250.1765383175465,2026-08-12T16:00:00.000Z
2026-08-12T16:00:00.000Z,97668.36674236957,97913.53431747611,97516.77861172432,97761.80117006948,363.8541239611125,2026-08-12T17:00:00.000Z
2026-08-12T17:00:00.000Z,97761.80117006948,98379.28281604347,97502.15352458926,98118.68730908167,406.85027926547934,2026-08-12T18:00:00.000Z
2026-08-12T18:00:00.000Z,98118.68730908167,98649.74077769835,97411.12629776778,97941.21924568019,550.2003964270467,2026-08-12T19:00:00.000Z
2026-08-12T19:00:00.000Z,97941.21924568019,98753.60723430883,97372.54439340546,98183.52548242183,226.97625426900396,2026-08-12T20:00:00.000Z
2026-08-12T20:00:00.000Z,98183.52548242183,98524.30387886347,98044.37565258531,98384.86869693859,558.8658803416722,2026-08-12T21:00:00.000Z
2026-08-12T21:00:00.000Z,98384.86869693859,98498.40842177399,98279.48071146365,98393.01171365564,333.6237946681789,2026-08-12T22:00:00.000Z
2026-08-12T22:00:00.000Z,98393.01171365564,98856.65799409791,97580.06424137909,98042.0567563994,372.85751871432063,2026-08-12T23:00:00.000Z
2026-08-12T23:00:00.000Z,98042.0567563994,98277.70071971658,97459.30447246466,97694.11215134984,360.3912230862264,2026-08-13T00:00:00.000Z
2026-08-13T00:00:00.000Z,97694.11215134984,98714.77432847612,97031.06578556709,98049.31719902722,249.42450418575876,2026-08-13T01:00:00.000Z
2026-08-13T01:00:00.000Z,98049.31719902722,98405.39532779015,97729.11386735,98085.07521980368,525.0102670048411,2026-08-13T02:00:00.000Z
2026-08-13T02:00:00.000Z,98085.07521980368,98379.08423511399,97489.686071036,97782.78898643648,281.1549535864755,2026-08-13T03:00:00.000Z
2026-08-13T03:00:00.000Z,97782.78898643648,98293.13994208472,97152.82508854594,97662.54848123166,561.4059786598226,2026-08-13T04:00:00.000Z
2026-08-13T04:00:00.000Z,97662.54848123166,98012.04507213914,97455.4823204287,97804.67756630227,654.9975769384753,2026-08-13T05:00:00.000Z
2026-08-13T05:00:00.000Z,97804.67756630227,98235.10858157082,97215.08555757793,97644.81302103035,434.04003797752785,2026-08-13T06:00:00.000Z
2026-08-13T06:00:00.000Z,97644.81302103035,98234.26705964132,96558.13876639324,97144.57299788084,509.1583295767933,2026-08-13T07:00:00.000Z
2026-08-13T07:00:00.000Z,97144.57299788084,97657.13569063897,96300.2325743457,96811.03542699965,456.3416752760958,2026-08-13T08:00:00.000Z
2026-08-13T08:00:00.000Z,96811.03542699965,97077.03069017828,96663.21241807801,96929.02751640655,699.699189979443,2026-08-13T09:00:00.000Z
2026-08-13T09:00:00.000Z,96929.02751640655,97040.05143194523,96804.8652986068,96915.87414808641,298.1839703387506,2026-08-13T10:00:00.000Z
2026-08-13T10:00:00.000Z,96915.87414808641,97564.48091716833,96158.53163661907,96806.4057917973,437.60352308750316,2026-08-13T11:00:00.000Z
2026-08-13T11:00:00.000Z,96806.4057917973,97360.20279136709,96470.08126166798,97023.12533483906,482.9941984186853,2026-08-13T12:00:00.000Z
2026-08-13T12:00:00.000Z,97023.12533483906,97667.23619562737,96056.91477969279,96698.8730151142,122.65623119783413,2026-08-13T13:00:00.000Z
2026-08-13T13:00:00.000Z,96698.8730151142,96939.66264869357,96424.24855439526,96664.95372563261,107.07041640163884,2026-08-13T14:00:00.000Z
2026-08-13T14:00:00.000Z,96664.95372563261,96794.0851664346,95995.51597503414,96123.92467343225,590.2596664103958,2026-08-13T15:00:00.000Z
2026-08-13T15:00:00.000Z,96123.92467343225,97015.43913088834,95504.95055241483,96394.72126002166,389.7842633956039,2026-08-13T16:00:00.000Z
2026-08-13T16:00:00.000Z,96394.72126002166,96837.12944896387,95661.22582435311,96102.29189472072,653.1278456343002,2026-08-13T17:00:00.000Z
2026-08-13T17:00:00.000Z,96102.29189472072,96702.33779612645,94949.51118362733,95546.08422160805,596.8299343701592,2026-08-13T18:00:00.000Z
2026-08-13T18:00:00.000Z,95546.08422160805,95662.52084709481,94878.76379396753,94994.52826931466,374.32393910099006,2026-08-13T19:00:00.000Z
2026-08-13T19:00:00.000Z,94994.52826931466,95283.51397235786,94359.23933143046,94647.1683203567,307.86904851341114,2026-08-13T20:00:00.000Z
2026-08-13T20:00:00.000Z,94647.1683203567,94846.86747749087,94516.3480637385,94715.95214863516,444.7270648296583,2026-08-13T21:00:00.000Z
2026-08-13T21:00:00.000Z,94715.95214863516,95070.94456854547,94108.09837849764,94462.13951661855,410.92074295083097,2026-08-13T22:00:00.000Z
2026-08-13T22:00:00.000Z,94462.13951661855,95014.08271282073,93682.63709733458,94233.24284808531,146.38008384331133,2026-08-13T23:00:00.000Z
2026-08-13T23:00:00.000Z,94233.24284808531,94452.12805642781,93597.02031848807,93814.93387772498,334.0952566052299,2026-08-14T00:00:00.000Z
2026-08-14T00:00:00.000Z,93814.93387772498,94001.88942057468,93392.76868020557,93579.25455843734,119.43007103140935,2026-08-14T01:00:00.000Z
2026-08-14T01:00:00.000Z,93579.25455843734,94002.87384683265,92813.27223294435,93235.3346473435,277.5115651905125,2026-08-14T02:00:00.000Z
2026-08-14T02:00:00.000Z,93235.3346473435,93494.12772936792,92740.0448391324,92998.17965063365,114.72934187144476,2026-08-14T03:00:00.000Z
2026-08-14T03:00:00.000Z,92998.17965063365,93382.02264812938,92544.04428606875,92927.59595466389,362.9417976657589,2026-08-14T04:00:00.000Z
2026-08-14T04:00:00.000Z,92927.59595466389,93176.77467077809,92478.62365982126,92727.26520332377,677.0949014355871,2026-08-14T05:00:00.000Z
2026-08-14T05:00:00.000Z,92727.26520332377,93357.48412105771,91858.83517996997,92487.4240221344,642.3831211134712,2026-08-14T06:00:00.000Z
2026-08-14T06:00:00.000Z,92487.4240221344,92940.54299393903,91520.0557547549,91970.64288680768,368.74200984311386,2026-08-14T07:00:00.000Z
2026-08-14T07:00:00.000Z,91970.64288680768,92392.21378202763,91743.29694642343,92164.38891302937,190.09538576476993,2026-08-14T08:00:00.000Z
2026-08-14T08:00:00.000Z,92164.38891302937,92410.906166796,91954.57258989914,92201.006482144,588.1670776233855,2026-08-14T09:00:00.000Z
2026-08-14T09:00:00.000Z,92201.006482144,92666.86880111566,91484.23493007894,91948.82304647264,241.78315864027624,2026-08-14T10:00:00.000Z
2026-08-14T10:00:00.000Z,91948.82304647264,92262.29362679327,91556.87374623536,91870.07586281124,417.81483596089055,2026-08-14T11:00:00.000Z
2026-08-14T11:00:00.000Z,91870.07586281124,92075.81587884916,91536.93952512802,91742.39360093612,672.4220854101806,2026-08-14T12:00:00.000Z
2026-08-14T12:00:00.000Z,91742.39360093612,91934.44714198491,91401.22014868002,91592.96086722078,577.6416904654548,2026-08-14T13:00:00.000Z
2026-08-14T13:00:00.000Z,91592.96086722078,92093.9837700746,90978.90610420435,91479.30731042991,401.6136341270123,2026-08-14T14:00:00.000Z
2026-08-14T14:00:00.000Z,91479.30731042991,91957.24182790176,91020.24338746283,91498.0836808471,533.9917732560968,2026-08-14T15:00:00.000Z
2026-08-14T15:00:00.000Z,91498.0836808471,91914.03760044555,91210.35193733167,91625.9039038602,455.40505543137203,2026-08-14T16:00:00.000Z
2026-08-14T16:00:00.000Z,91625.9039038602,92202.08022582086,90894.30188941445,91469.49465429905,440.2848972660885,2026-08-14T17:00:00.000Z
2026-08-14T17:00:00.000Z,91469.49465429905,91862.19712913792,91299.19879787034,91691.48797052521,689.6159585516974,2026-08-14T18:00:00.000Z
2026-08-14T18:00:00.000Z,91691.48797052521,92063.99784976168,90866.36056147903,91237.02411583436,685.8767826044359,2026-08-14T19:00:00.000Z
2026-08-14T19:00:00.000Z,91237.02411583436,91373.42974186456,90861.0005134491,90997.04735772112,562.0929186521531,2026-08-14T20:00:00.000Z
2026-08-14T20:00:00.000Z,90997.04735772112,91399.05283080443,90853.81465380969,91255.41344914962,683.6992412729651,2026-08-14T21:00:00.000Z
2026-08-14T21:00:00.000Z,91255.41344914962,91820.91584690203,90454.17218751351,91018.20462139425,361.6214207660507,2026-08-14T22:00:00.000Z
2026-08-14T22:00:00.000Z,91018.20462139425,91268.16239217413,90584.01860337555,90833.46904605784,404.39581549931125,2026-08-14T23:00:00.000Z
2026-08-14T23:00:00.000Z,90833.46904605784,91267.40414276574,90364.01991768969,90797.78454023594,540.8518941331897,2026-08-15T00:00:00.000Z
2026-08-15T00:00:00.000Z,90797.78454023594,91666.17341817828,90191.80522560386,91058.4544074919,497.4084472271653,2026-08-15T01:00:00.000Z
2026-08-15T01:00:00.000Z,91058.4544074919,91227.09182480446,90396.41041420551,90564.13236250942,403.9764398261795,2026-08-15T02:00:00.000Z
2026-08-15T02:00:00.000Z,90564.13236250942,91306.24430909887,89993.54792520727,90734.58595692865,174.2302739407077,2026-08-15T03:00:00.000Z
2026-08-15T03:00:00.000Z,90734.58595692865,90929.42905694546,90243.54884543474,90437.75453079162,128.69932187194905,2026-08-15T04:00:00.000Z
2026-08-15T04:00:00.000Z,90437.75453079162,90986.92357494702,90083.31997013229,90631.7288097834,630.5686128933768,2026-08-15T05:00:00.000Z
2026-08-15T05:00:00.000Z,90631.7288097834,91119.90865750457,89685.00095408899,90170.69749713354,142.9465810968292,2026-08-15T06:00:00.000Z
2026-08-15T06:00:00.000Z,90170.69749713354,90431.3138220833,89367.57317586026,89626.61696924944,651.870298363208,2026-08-15T07:00:00.000Z
2026-08-15T07:00:00.000Z,89626.61696924944,90130.85096390292,89227.01538345148,89730.78494366378,625.5912066090812,2026-08-15T08:00:00.000Z
2026-08-15T08:00:00.000Z,89730.78494366378,89969.6873594126,89498.28294015056,89737.16881461104,672.383541507825,2026-08-15T09:00:00.000Z
2026-08-15T09:00:00.000Z,89737.16881461104,89931.33327422237,89637.62811661097,89831.68773138405,111.67083429716101,2026-08-15T10:00:00.000Z
2026-08-15T10:00:00.000Z,89831.68773138405,90626.75739473473,89540.51781329555,90333.95947181617,224.25921090145556,2026-08-15T11:00:00.000Z
2026-08-15T11:00:00.000Z,90333.95947181617,91064.8145695185,89936.55131355423,90665.94589613877,140.1693028584911,2026-08-15T12:00:00.000Z
2026-08-15T12:00:00.000Z,90665.94589613877,91143.85397242234,90114.30292387717,90591.82027758661,115.68969786897753,2026-08-15T13:00:00.000Z
2026-08-15T13:00:00.000Z,90591.82027758661,91124.75239143397,90218.33357716165,90750.61103767648,292.44433780780264,2026-08-15T14:00:00.000Z
2026-08-15T14:00:00.000Z,90750.61103767648,91377.40004127838,90441.24296233781,91066.95355693276,692.2676149719709,2026-08-15T15:00:00.000Z
2026-08-15T15:00:00.000Z,91066.95355693276,91437.49128810021,90781.14572875616,91151.41837248468,169.80457122894217,2026-08-15T16:00:00.000Z
2026-08-15T16:00:00.000Z,91151.41837248468,91495.52713291234,90842.2020660717,91186.19285972828,300.3767094576623,2026-08-15T17:00:00.000Z
2026-08-15T17:00:00.000Z,91186.19285972828,91849.41225978288,91005.77750345887,91668.04354357958,128.9755002730412,2026-08-15T18:00:00.000Z
2026-08-15T18:00:00.000Z,91668.04354357958,92101.05533660547,91526.39177649893,91958.95403462122,333.26181407704104,2026-08-15T19:00:00.000Z
2026-08-15T19:00:00.000Z,91958.95403462122,92063.42296411944,91649.84463813783,91754.08082374235,140.22304734225526,2026-08-15T20:00:00.000Z
2026-08-15T20:00:00.000Z,91754.08082374235,92293.75325263615,91558.14700788802,92097.08697340623,406.1929665069063,2026-08-15T21:00:00.000Z
2026-08-15T21:00:00.000Z,92097.08697340623,92803.1690378232,91953.33537632604,92658.54108376254,154.51806888660326,2026-08-15T22:00:00.000Z
2026-08-15T22:00:00.000Z,92658.54108376254,92828.79411916988,92356.84069360359,92526.851759875,558.6658099008099,2026-08-15T23:00:00.000Z
2026-08-15T23:00:00.000Z,92526.851759875,93441.13155808469,92194.20112100695,93106.39734880714,418.1533430321856,2026-08-16T00:00:00.000Z
2026-08-16T00:00:00.000Z,93106.39734880714,93565.59721251277,92401.87299918458,92859.85692788564,196.37002735229674,2026-08-16T01:00:00.000Z
2026-08-16T01:00:00.000Z,92859.85692788564,93547.1541547637,92328.25575516978,93014.66673177759,618.2163343384007,2026-08-16T02:00:00.000Z
2026-08-16T02:00:00.000Z,93014.66673177759,93552.39101176926,92313.30780664997,92850.08060274302,443.99825164303104,2026-08-16T03:00:00.000Z
2026-08-16T03:00:00.000Z,92850.08060274302,94049.95678392398,92210.87293501361,93406.91569720632,640.4366568384863,2026-08-16T04:00:00.000Z
2026-08-16T04:00:00.000Z,93406.91569720632,94078.32019698013,92931.3073316795,93601.71992928286,570.8457065144767,2026-08-16T05:00:00.000Z
2026-08-16T05:00:00.000Z,93601.71992928286,93871.53411036363,93225.27348492912,93494.77940168633,347.4521308426988,2026-08-16T06:00:00.000Z
2026-08-16T06:00:00.000Z,93494.77940168633,94241.65444137054,92956.83669148837,93702.51647040539,675.9107575639666,2026-08-16T07:00:00.000Z
2026-08-16T07:00:00.000Z,93702.51647040539,94025.47167717427,93312.49547421426,93635.21873251822,302.65583414708067,2026-08-16T08:00:00.000Z
2026-08-16T08:00:00.000Z,93635.21873251822,94101.59677713884,93530.34792062744,93996.32153255353,172.63639358460736,2026-08-16T09:00:00.000Z
2026-08-16T09:00:00.000Z,93996.32153255353,94933.28933367586,93371.92844110893,94306.83359146754,252.51985190087922,2026-08-16T10:00:00.000Z
2026-08-16T10:00:00.000Z,94306.83359146754,94754.80611982281,93888.91853348982,94336.75845162809,120.91086274986661,2026-08-16T11:00:00.000Z
2026-08-16T11:00:00.000Z,94336.75845162809,95155.65854305249,93900.85338831657,94717.9919013935,267.5640381721612,2026-08-16T12:00:00.000Z
2026-08-16T12:00:00.000Z,94717.9919013935,95391.77943215275,94428.03479422306,95100.65090342834,672.2321973052957,2026-08-16T13:00:00.000Z
2026-08-16T13:00:00.000Z,95100.65090342834,95404.6216219491,94692.28140855847,94995.91736671634,230.3884843040204,2026-08-16T14:00:00.000Z
2026-08-16T14:00:00.000Z,94995.91736671634,95717.91488918843,94358.9595229,95080.39064296876,674.2780673197834,2026-08-16T15:00:00.000Z
2026-08-16T15:00:00.000Z,95080.39064296876,95774.1828973223,94546.6144810268,95239.51342868205,358.7454702047377,2026-08-16T16:00:00.000Z
2026-08-16T16:00:00.000Z,95239.51342868205,96153.87581661892,94835.97849686354,95748.18561344291,416.1369896103335,2026-08-16T17:00:00.000Z
2026-08-16T17:00:00.000Z,95748.18561344291,96285.13395598983,95405.13005573952,95941.38618121619,169.20782470573104,2026-08-16T18:00:00.000Z
2026-08-16T18:00:00.000Z,95941.38618121619,96816.95784161704,95349.90779653037,96223.73875408796,110.92567891391259,2026-08-16T19:00:00.000Z
2026-08-16T19:00:00.000Z,96223.73875408796,96388.95636400233,95839.59260579704,96004.43366556863,387.2348189760162,2026-08-16T20:00:00.000Z
2026-08-16T20:00:00.000Z,96004.43366556863,96847.80879629646,95705.16855729789,96546.85285842256,479.57441573011425,2026-08-16T21:00:00.000Z
2026-08-16T21:00:00.000Z,96546.85285842256,97018.92010509408,96259.72874486574,96731.24761342851,293.40229853680466,2026-08-16T22:00:00.000Z
2026-08-16T22:00:00.000Z,96731.24761342851,97443.44829372525,96212.42354301583,96923.59256916438,139.1138483021007,2026-08-16T23:00:00.000Z
2026-08-16T23:00:00.000Z,96923.59256916438,97358.84370174643,96789.36877858998,97224.20361259427,102.71465033419182,2026-08-17T00:00:00.000Z
2026-08-17T00:00:00.000Z,97224.20361259427,97835.83987694462,96388.38935919706,96998.60639423248,662.9458172074267,2026-08-17T01:00:00.000Z
2026-08-17T01:00:00.000Z,96998.60639423248,97182.10480357266,96598.02572754944,96781.11269026989,686.6755567429008,2026-08-17T02:00:00.000Z
2026-08-17T02:00:00.000Z,96781.11269026989,97642.57106720986,96323.17879743334,97182.73683141074,676.1835865565499,2026-08-17T03:00:00.000Z
2026-08-17T03:00:00.000Z,97182.73683141074,97854.06788628943,97005.59749151029,97676.02939986558,487.38755089574846,2026-08-17T04:00:00.000Z
2026-08-17T04:00:00.000Z,97676.02939986558,98128.17532588397,97286.52013682987,97738.41727453007,240.2774391417752,2026-08-17T05:00:00.000Z
2026-08-17T05:00:00.000Z,97738.41727453007,98271.58509449681,97297.95391534599,97830.70583203553,363.6546184605242,2026-08-17T06:00:00.000Z
2026-08-17T06:00:00.000Z,97830.70583203553,98412.71424892297,97341.90785339121,97923.45287215279,391.75671464379724,2026-08-17T07:00:00.000Z
2026-08-17T07:00:00.000Z,97923.45287215279,98295.30205018516,97809.44199501083,98180.99132470235,214.99775830423354,2026-08-17T08:00:00.000Z
2026-08-17T08:00:00.000Z,98180.99132470235,98290.39458973895,98052.94223476034,98162.32469954109,207.20092649906917,2026-08-17T09:00:00.000Z
2026-08-17T09:00:00.000Z,98162.32469954109,98974.8663537295,97862.0900645089,98673.06957861118,309.38222064142224,2026-08-17T10:00:00.000Z
2026-08-17T10:00:00.000Z,98673.06957861118,99079.46317292315,98129.66351813296,98535.49048100012,508.7058205198058,2026-08-17T11:00:00.000Z
2026-08-17T11:00:00.000Z,98535.49048100012,98700.27976724411,98418.15298679184,98582.88583396067,401.98778300638673,2026-08-17T12:00:00.000Z
2026-08-17T12:00:00.000Z,98582.88583396067,99272.65752975992,97632.09154822804,98320.02403402682,240.42158748042843,2026-08-17T13:00:00.000Z
2026-08-17T13:00:00.000Z,98320.02403402682,98702.00647630854,97907.12858281416,98288.99045676045,475.8930886052051,2026-08-17T14:00:00.000Z
2026-08-17T14:00:00.000Z,98288.99045676045,98781.55037424788,97720.87315623456,98213.05252263081,365.43153024531506,2026-08-17T15:00:00.000Z
2026-08-17T15:00:00.000Z,98213.05252263081,98702.64105772467,97461.51930924544,97949.79551763611,429.0621977900444,2026-08-17T16:00:00.000Z
2026-08-17T16:00:00.000Z,97949.79551763611,98194.62674707817,97795.78899900764,98040.4776488837,165.55606865582803,2026-08-17T17:00:00.000Z
2026-08-17T17:00:00.000Z,98040.4776488837,98155.20081439834,97799.77463632786,97914.35021240682,489.9723906954622,2026-08-17T18:00:00.000Z
2026-08-17T18:00:00.000Z,97914.35021240682,98634.40789888975,97459.21889017917,98178.05082773493,329.97623571659267,2026-08-17T19:00:00.000Z
2026-08-17T19:00:00.000Z,98178.05082773493,98716.19142547091,97236.41016093713,97772.32687534671,573.7942387693536,2026-08-17T20:00:00.000Z
2026-08-17T20:00:00.000Z,97772.32687534671,98684.42280739982,97116.1390716361,98026.52895546492,426.0708521707313,2026-08-17T21:00:00.000Z
2026-08-17T21:00:00.000Z,98026.52895546492,98554.79523056623,97773.06222501105,98300.61978475656,578.0094137778549,2026-08-17T22:00:00.000Z
2026-08-17T22:00:00.000Z,98300.61978475656,99293.77983153575,97630.95309562115,98621.92427609018,461.3235435268486,2026-08-17T23:00:00.000Z
2026-08-17T23:00:00.000Z,98621.92427609018,98846.10067424744,98218.03528589554,98441.80225068207,180.45950237682996,2026-08-18T00:00:00.000Z
2026-08-18T00:00:00.000Z,98441.80225068207,99194.30068970505,97980.78832568128,98731.92807316159,105.30683016651628,2026-08-18T01:00:00.000Z
2026-08-18T01:00:00.000Z,98731.92807316159,99355.32209369408,98265.23469147133,98887.89149257494,457.09624521299094,2026-08-18T02:00:00.000Z
2026-08-18T02:00:00.000Z,98887.89149257494,99709.31412032913,98409.7639252098,99229.53469216023,462.8855922086563,2026-08-18T03:00:00.000Z
2026-08-18T03:00:00.000Z,99229.53469216023,99544.73993490299,98516.72593032046,98830.66415023194,588.024364266556,2026-08-18T04:00:00.000Z
2026-08-18T04:00:00.000Z,98830.66415023194,99141.25145853656,98429.7116983337,98740.01412798605,602.9055647099883,2026-08-18T05:00:00.000Z
2026-08-18T05:00:00.000Z,98740.01412798605,99248.46549782265,98006.61417215102,98513.90119711228,188.76860900259047,2026-08-18T06:00:00.000Z
2026-08-18T06:00:00.000Z,98513.90119711228,98812.00155418152,98285.94950412937,98583.8879186558,378.16187202844856,2026-08-18T07:00:00.000Z
2026-08-18T07:00:00.000Z,98583.8879186558,99407.36339030904,98028.32616512247,98850.30029078753,452.77871291748187,2026-08-18T08:00:00.000Z
2026-08-18T08:00:00.000Z,98850.30029078753,99713.9409157345,98382.47620873392,99244.25239542243,568.3980172818517,2026-08-18T09:00:00.000Z
2026-08-18T09:00:00.000Z,99244.25239542243,99821.48612175527,98784.95260224819,99361.64304772574,435.45198633123744,2026-08-18T10:00:00.000Z
2026-08-18T10:00:00.000Z,99361.64304772574,100106.20446723487,98699.43654537122,99443.45273529874,408.3774888461351,2026-08-18T11:00:00.000Z
2026-08-18T11:00:00.000Z,99443.45273529874,100087.65411624071,98523.6728588509,99166.07738359277,687.7377858328343,2026-08-18T12:00:00.000Z
2026-08-18T12:00:00.000Z,99166.07738359277,99695.08983698202,98670.40710047538,99199.25372571728,186.50699187373135,2026-08-18T13:00:00.000Z
2026-08-18T13:00:00.000Z,99199.25372571728,99764.4645322077,98392.21166882188,98956.03668971504,178.9206098201315,2026-08-18T14:00:00.000Z
2026-08-18T14:00:00.000Z,98956.03668971504,99360.58896054249,98748.0573341648,99152.19732733481,185.8408895720918,2026-08-18T15:00:00.000Z
2026-08-18T15:00:00.000Z,99152.19732733481,99368.46837479757,98997.26394915809,99213.43930105252,630.5397221495116,2026-08-18T16:00:00.000Z
2026-08-18T16:00:00.000Z,99213.43930105252,99430.294207058,98839.9624271192,99056.47424813501,375.3048279673349,2026-08-18T17:00:00.000Z
2026-08-18T17:00:00.000Z,99056.47424813501,99426.89824459524,98926.73493530584,99296.8441071111,498.4484564505743,2026-08-18T18:00:00.000Z
2026-08-18T18:00:00.000Z,99296.8441071111,99544.63107553434,98806.49757566172,99053.67774276326,646.261729181866,2026-08-18T19:00:00.000Z
2026-08-18T19:00:00.000Z,99053.67774276326,99719.60701373975,98588.30556207971,99253.29698557341,234.0611526435526,2026-08-18T20:00:00.000Z
2026-08-18T20:00:00.000Z,99253.29698557341,99426.21064564513,98900.90217350051,99073.50260564694,623.5247478464267,2026-08-18T21:00:00.000Z
2026-08-18T21:00:00.000Z,99073.50260564694,99963.60147632583,98473.53168218078,99361.88416712383,210.311024408001,2026-08-18T22:00:00.000Z
2026-08-18T22:00:00.000Z,99361.88416712383,100412.14580927053,98778.5353546792,99826.07177385525,308.34760181994534,2026-08-18T23:00:00.000Z
2026-08-18T23:00:00.000Z,99826.07177385525,100028.36122808896,99342.45984135252,99544.17806079405,202.5091964297505,2026-08-19T00:00:00.000Z
2026-08-19T00:00:00.000Z,99544.17806079405,100227.33351491556,98839.37104506211,99522.37688124509,569.9060010117972,2026-08-19T01:00:00.000Z
2026-08-19T01:00:00.000Z,99522.37688124509,100198.4846594033,99181.6105970403,99856.5740784018,144.9308449611677,2026-08-19T02:00:00.000Z
2026-08-19T02:00:00.000Z,99856.5740784018,100073.68160836054,99738.55734485097,99955.54790136653,356.1904613190286,2026-08-19T03:00:00.000Z
2026-08-19T03:00:00.000Z,99955.54790136653,100407.86422422797,99264.33800369805,99715.56837727326,461.225457937096,2026-08-19T04:00:00.000Z
2026-08-19T04:00:00.000Z,99715.56837727326,99990.70378992995,99385.16672948189,99660.14922950581,591.087242723949,2026-08-19T05:00:00.000Z
2026-08-19T05:00:00.000Z,99660.14922950581,99928.40535416649,99019.80483404713,99287.05670217906,555.3844029341751,2026-08-19T06:00:00.000Z
2026-08-19T06:00:00.000Z,99287.05670217906,99395.8231532998,98721.62727712648,98829.89291692141,364.2007575669329,2026-08-19T07:00:00.000Z
2026-08-19T07:00:00.000Z,98829.89291692141,99406.521099714,98355.79799756395,98931.93666830049,252.63904004946306,2026-08-19T08:00:00.000Z
2026-08-19T08:00:00.000Z,98931.93666830049,99349.33611353267,98590.52942946149,99007.66753274288,378.9111636015173,2026-08-19T09:00:00.000Z
2026-08-19T09:00:00.000Z,99007.66753274288,99450.92070348696,98723.29936085253,99166.09749171002,278.51697000605844,2026-08-19T10:00:00.000Z
2026-08-19T10:00:00.000Z,99166.09749171002,99813.8374404001,98490.84751049099,99138.40658581388,512.0695450399395,2026-08-19T11:00:00.000Z
2026-08-19T11:00:00.000Z,99138.40658581388,99922.40006842141,98503.45124415176,99286.49625151623,440.1345887873948,2026-08-19T12:00:00.000Z
2026-08-19T12:00:00.000Z,99286.49625151623,99578.9801781829,99126.41467935282,99418.685474733,225.69123475146074,2026-08-19T13:00:00.000Z
2026-08-19T13:00:00.000Z,99418.685474733,99759.59963125929,99285.9254214894,99626.56198737209,344.9178699613166,2026-08-19T14:00:00.000Z
2026-08-19T14:00:00.000Z,99626.56198737209,100226.18690386265,98999.17446348778,99598.63127267711,271.73494779119966,2026-08-19T15:00:00.000Z
2026-08-19T15:00:00.000Z,99598.63127267711,100036.1890937524,99155.02608974479,99592.55722625135,670.0412865588634,2026-08-19T16:00:00.000Z
2026-08-19T16:00:00.000Z,99592.55722625135,100447.39784811961,98934.25511885912,99787.80516108424,347.75357369694564,2026-08-19T17:00:00.000Z
2026-08-19T17:00:00.000Z,99787.80516108424,100670.6217429613,99268.22546923852,100149.16052951409,145.35965027537182,2026-08-19T18:00:00.000Z
2026-08-19T18:00:00.000Z,100149.16052951409,100365.05386564905,99942.76455727546,100158.63836068373,530.586530934361,2026-08-19T19:00:00.000Z
2026-08-19T19:00:00.000Z,100158.63836068373,100400.75167913505,99788.45238125014,100030.25535967572,153.45772712186806,2026-08-19T20:00:00.000Z
2026-08-19T20:00:00.000Z,100030.25535967572,100510.12423081287,99417.10774035257,99896.33415971536,516.7132610532983,2026-08-19T21:00:00.000Z
2026-08-19T21:00:00.000Z,99896.33415971536,100594.20197395365,99419.19687427237,100116.01541957726,168.2024718579848,2026-08-19T22:00:00.000Z
2026-08-19T22:00:00.000Z,100116.01541957726,100637.1190200857,99483.84258408828,100004.36504468508,639.139432711126,2026-08-19T23:00:00.000Z
2026-08-19T23:00:00.000Z,100004.36504468508,100605.18533680218,99050.9593053995,99649.64848144936,145.8872220692631,2026-08-20T00:00:00.000Z
2026-08-20T00:00:00.000Z,99649.64848144936,100227.55006430593,98883.50336703807,99460.30689481585,540.4569737801594,2026-08-20T01:00:00.000Z
2026-08-20T01:00:00.000Z,99460.30689481585,100210.96654908174,99020.35717038176,99769.64849234668,357.73467247268866,2026-08-20T02:00:00.000Z
2026-08-20T02:00:00.000Z,99769.64849234668,100450.73216485712,99078.61719660976,99759.63249429036,202.43938132302807,2026-08-20T03:00:00.000Z
2026-08-20T03:00:00.000Z,99759.63249429036,100205.18724784863,99232.69624616517,99677.8858962801,481.8863307041518,2026-08-20T04:00:00.000Z
2026-08-20T04:00:00.000Z,99677.8858962801,100131.77077141356,98862.82991746736,99315.06267114221,694.7940706251162,2026-08-20T05:00:00.000Z
2026-08-20T05:00:00.000Z,99315.06267114221,99815.16691700178,98367.27418339494,98865.11269141744,219.81187673276844,2026-08-20T06:00:00.000Z
2026-08-20T06:00:00.000Z,98865.11269141744,99471.39910931686,97775.91367570557,98379.22037809048,626.6937001266954,2026-08-20T07:00:00.000Z
2026-08-20T07:00:00.000Z,98379.22037809048,98762.91860848085,97899.07055750463,98282.39113487917,659.222249202068,2026-08-20T08:00:00.000Z
2026-08-20T08:00:00.000Z,98282.39113487917,98923.77812593915,97702.82554312503,98343.85011412922,190.95996147532014,2026-08-20T09:00:00.000Z
2026-08-20T09:00:00.000Z,98343.85011412922,99036.44905502188,97884.80908461421,98576.32290883824,628.0054168440427,2026-08-20T10:00:00.000Z
2026-08-20T10:00:00.000Z,98576.32290883824,98868.47331019359,97960.91920622076,98252.10873484051,486.38128078839804,2026-08-20T11:00:00.000Z
2026-08-20T11:00:00.000Z,98252.10873484051,98644.76507843669,97425.2174471071,97816.13144388587,377.12753316253776,2026-08-20T12:00:00.000Z
2026-08-20T12:00:00.000Z,97816.13144388587,98157.36316041187,97586.41651263667,97927.38695271284,216.50179248140276,2026-08-20T13:00:00.000Z
2026-08-20T13:00:00.000Z,97927.38695271284,98260.46793733069,97358.8410403821,97691.11840342401,374.5790557351797,2026-08-20T14:00:00.000Z
2026-08-20T14:00:00.000Z,97691.11840342401,97924.58041152116,97229.17652234173,97462.09120176375,132.96043278321645,2026-08-20T15:00:00.000Z
2026-08-20T15:00:00.000Z,97462.09120176375,98005.52698341242,96569.40084256683,97110.87830738246,561.7977488142428,2026-08-20T16:00:00.000Z
2026-08-20T16:00:00.000Z,97110.87830738246,97524.8230395582,96738.02819609857,97151.81575195145,524.6667022931699,2026-08-20T17:00:00.000Z
2026-08-20T17:00:00.000Z,97151.81575195145,97707.78845906114,96547.45887370019,97103.15309803296,176.68158694947215,2026-08-20T18:00:00.000Z
2026-08-20T18:00:00.000Z,97103.15309803296,98016.50025994032,96455.2155213673,97366.80343084793,161.3167881319843,2026-08-20T19:00:00.000Z
2026-08-20T19:00:00.000Z,97366.80343084793,97654.48583705616,96998.46937085674,97285.91277550024,238.48988681029988,2026-08-20T20:00:00.000Z
2026-08-20T20:00:00.000Z,97285.91277550024,97442.27193640904,96828.23212679682,96984.10622035753,642.4948499270225,2026-08-20T21:00:00.000Z
2026-08-20T21:00:00.000Z,96984.10622035753,97482.94718814449,96058.21806688144,96554.85114695785,536.2071328965048,2026-08-20T22:00:00.000Z
2026-08-20T22:00:00.000Z,96554.85114695785,96913.03472766184,96380.55389184077,96738.40612586867,337.6343651849936,2026-08-20T23:00:00.000Z
2026-08-20T23:00:00.000Z,96738.40612586867,97102.71136754303,96250.01581272371,96613.85199848433,514.7386098349182,2026-08-21T00:00:00.000Z
2026-08-21T00:00:00.000Z,96613.85199848433,96983.91429713316,96106.95452264066,96476.49068302782,224.54838097307288,2026-08-21T01:00:00.000Z
2026-08-21T01:00:00.000Z,96476.49068302782,97002.71528683783,96063.65270039851,96589.39417253045,377.98855215217384,2026-08-21T02:00:00.000Z
2026-08-21T02:00:00.000Z,96589.39417253045,96984.81899100986,96407.4827356192,96802.50619001867,342.8892060382707,2026-08-21T03:00:00.000Z
2026-08-21T03:00:00.000Z,96802.50619001867,97483.73446216008,96168.37928137633,96849.30101334822,408.91200392922013,2026-08-21T04:00:00.000Z
2026-08-21T04:00:00.000Z,96849.30101334822,97167.9307953527,96064.66370893686,96381.75528683086,426.32534994106993,2026-08-21T05:00:00.000Z
2026-08-21T05:00:00.000Z,96381.75528683086,97149.27329028319,95823.11135457839,96589.4256675836,603.6276008485013,2026-08-21T06:00:00.000Z
2026-08-21T06:00:00.000Z,96589.4256675836,97026.93040127498,95953.69796550724,96390.30075687492,581.6355974793601,2026-08-21T07:00:00.000Z
2026-08-21T07:00:00.000Z,96390.30075687492,96800.19664147322,95754.3786703319,96163.30928279874,509.28210486158827,2026-08-21T08:00:00.000Z
2026-08-21T08:00:00.000Z,96163.30928279874,96338.34694618151,95984.91651655367,96159.94806179975,431.2498549610608,2026-08-21T09:00:00.000Z
2026-08-21T09:00:00.000Z,96159.94806179975,96858.9033328984,95620.16424275869,96318.23100907452,633.8048025657445,2026-08-21T10:00:00.000Z
2026-08-21T10:00:00.000Z,96318.23100907452,96605.57460686863,96104.25570310929,96391.43667121438,551.0559333726094,2026-08-21T11:00:00.000Z
2026-08-21T11:00:00.000Z,96391.43667121438,97093.99464627398,95820.45696646364,96522.24012046636,514.1475945777016,2026-08-21T12:00:00.000Z
2026-08-21T12:00:00.000Z,96522.24012046636,96966.11952980327,96328.14615214191,96771.52428268314,474.28186245927674,2026-08-21T13:00:00.000Z
2026-08-21T13:00:00.000Z,96771.52428268314,96959.61710979232,96219.89497682756,96407.27982946315,342.12135972553926,2026-08-21T14:00:00.000Z
2026-08-21T14:00:00.000Z,96407.27982946315,97059.65851953794,95363.62411839784,96013.33703588687,133.5055635466732,2026-08-21T15:00:00.000Z
2026-08-21T15:00:00.000Z,96013.33703588687,96114.85369695438,95798.72055628554,95900.11750827132,434.91539309495846,2026-08-21T16:00:00.000Z
2026-08-21T16:00:00.000Z,95900.11750827132,96052.05328255049,95628.10998737425,95779.85522859618,554.3580327436132,2026-08-21T17:00:00.000Z
2026-08-21T17:00:00.000Z,95779.85522859618,95908.58556290576,95348.56681684297,95476.88995884299,499.56043185645734,2026-08-21T18:00:00.000Z
2026-08-21T18:00:00.000Z,95476.88995884299,95838.93863187672,94837.76456578849,95198.75856367945,619.7920365816876,2026-08-21T19:00:00.000Z
2026-08-21T19:00:00.000Z,95198.75856367945,95828.6214690071,94198.09946807043,94825.49273722364,204.0941296630046,2026-08-21T20:00:00.000Z
2026-08-21T20:00:00.000Z,94825.49273722364,95633.64458502202,94165.51156491191,94972.63927938291,596.5458800534466,2026-08-21T21:00:00.000Z
2026-08-21T21:00:00.000Z,94972.63927938291,95360.14802290028,94075.66187657528,94461.08336220228,216.57432444234115,2026-08-21T22:00:00.000Z
2026-08-21T22:00:00.000Z,94461.08336220228,95050.38553810358,93672.05303629297,94260.10137177598,166.2905407446858,2026-08-21T23:00:00.000Z
2026-08-21T23:00:00.000Z,94260.10137177598,94931.36444096353,93785.78475625445,94456.06175324853,278.5739197295969,2026-08-22T00:00:00.000Z
2026-08-22T00:00:00.000Z,94456.06175324853,94777.70721510274,93690.96453074578,94011.0947737036,385.1265465305776,2026-08-22T01:00:00.000Z
2026-08-22T01:00:00.000Z,94011.0947737036,94804.11439011694,93702.98751590222,94494.42309625643,242.0796533776818,2026-08-22T02:00:00.000Z
2026-08-22T02:00:00.000Z,94494.42309625643,95533.10492693266,93959.87347419842,94995.71949939476,625.1100842492236,2026-08-22T03:00:00.000Z
2026-08-22T03:00:00.000Z,94995.71949939476,95471.3729660429,94442.38259666001,94917.64513683901,440.0388599094184,2026-08-22T04:00:00.000Z
2026-08-22T04:00:00.000Z,94917.64513683901,95413.67439588062,94213.81304780241,94708.7506470283,354.85460416174243,2026-08-22T05:00:00.000Z
2026-08-22T05:00:00.000Z,94708.7506470283,95670.42829987242,94264.2023304216,95223.46399792001,147.43744919422895,2026-08-22T06:00:00.000Z
2026-08-22T06:00:00.000Z,95223.46399792001,96011.5230683674,94868.21889388714,95654.66928972519,697.9493992393601,2026-08-22T07:00:00.000Z
2026-08-22T07:00:00.000Z,95654.66928972519,96203.6637353175,95329.88471905015,95878.12046155513,626.053770317721,2026-08-22T08:00:00.000Z
2026-08-22T08:00:00.000Z,95878.12046155513,96614.80514544436,95439.10694558204,96174.43484422826,107.97533337398215,2026-08-22T09:00:00.000Z
2026-08-22T09:00:00.000Z,96174.43484422826,96822.06713827763,95615.97527418521,96263.092755136,381.49147018859696,2026-08-22T10:00:00.000Z
2026-08-22T10:00:00.000Z,96263.092755136,96487.28950413069,95818.93990913813,96042.62318448914,550.4041979324093,2026-08-22T11:00:00.000Z
2026-08-22T11:00:00.000Z,96042.62318448914,96915.2262432411,95407.202713418,96278.24687972762,354.5302613892268,2026-08-22T12:00:00.000Z
2026-08-22T12:00:00.000Z,96278.24687972762,97175.90514503654,95831.55729182153,96727.13291929138,123.93790689480394,2026-08-22T13:00:00.000Z
2026-08-22T13:00:00.000Z,96727.13291929138,97044.13192283391,96620.1057411472,96936.87267067847,270.3208086873967,2026-08-22T14:00:00.000Z
2026-08-22T14:00:00.000Z,96936.87267067847,97663.21196914186,96797.42534149364,97522.92158659824,350.02332853620095,2026-08-22T15:00:00.000Z
2026-08-22T15:00:00.000Z,97522.92158659824,98038.02157361242,97245.88610651968,97760.31173418909,200.96946400635386,2026-08-22T16:00:00.000Z
2026-08-22T16:00:00.000Z,97760.31173418909,97962.97314973199,97577.89945681614,97780.5231595892,440.6809494554442,2026-08-22T17:00:00.000Z
2026-08-22T17:00:00.000Z,97780.5231595892,98100.24886536843,97234.05228036514,97553.03413566803,203.58586055393604,2026-08-22T18:00:00.000Z
2026-08-22T18:00:00.000Z,97553.03413566803,98466.54541338205,96916.15685020044,97827.87383048102,289.6121301639881,2026-08-22T19:00:00.000Z
2026-08-22T19:00:00.000Z,97827.87383048102,98246.86002330772,97454.66737295318,97873.47958304173,152.28088835826185,2026-08-22T20:00:00.000Z
2026-08-22T20:00:00.000Z,97873.47958304173,98279.46424775627,97622.00227322914,98027.5909622899,211.03844089016246,2026-08-22T21:00:00.000Z
2026-08-22T21:00:00.000Z,98027.5909622899,98619.6812956764,97499.20222805688,98090.95103769768,516.2282961496285,2026-08-22T22:00:00.000Z
2026-08-22T22:00:00.000Z,98090.95103769768,98773.3815710952,97363.19720451682,98045.31020918599,631.8601012843941,2026-08-22T23:00:00.000Z
2026-08-22T23:00:00.000Z,98045.31020918599,98284.02547895291,97795.91839699697,98034.60760866725,674.9094604397702,2026-08-23T00:00:00.000Z
2026-08-23T00:00:00.000Z,98034.60760866725,98515.15339881297,97441.89276437777,97921.88601610788,450.9837778056896,2026-08-23T01:00:00.000Z
2026-08-23T01:00:00.000Z,97921.88601610788,98547.25289784164,97598.13388706422,98222.506847641,178.218039813553,2026-08-23T02:00:00.000Z
2026-08-23T02:00:00.000Z,98222.506847641,98784.95376989976,97412.21363414543,97973.23315216335,113.37868450832492,2026-08-23T03:00:00.000Z
2026-08-23T03:00:00.000Z,97973.23315216335,98908.08402422939,97446.3512055997,98379.01983187455,694.0773997428256,2026-08-23T04:00:00.000Z
2026-08-23T04:00:00.000Z,98379.01983187455,98888.25639736924,97692.10186499853,98200.41391770111,360.3461549898359,2026-08-23T05:00:00.000Z
2026-08-23T05:00:00.000Z,98200.41391770111,98834.23012472612,97948.09140862398,98580.92989323562,299.52650228493223,2026-08-23T06:00:00.000Z
2026-08-23T06:00:00.000Z,98580.92989323562,98891.49460931287,98067.04397599399,98376.96613425639,398.0798754366487,2026-08-23T07:00:00.000Z
2026-08-23T07:00:00.000Z,98376.96613425639,98878.4512599567,98243.314811931,98744.30089016327,337.1088687503286,2026-08-23T08:00:00.000Z
2026-08-23T08:00:00.000Z,98744.30089016327,99837.93327651641,98111.98446136349,99202.68157313498,286.66812581320676,2026-08-23T09:00:00.000Z
2026-08-23T09:00:00.000Z,99202.68157313498,100144.94841511636,98786.57702177316,99726.64610033664,277.57306265531713,2026-08-23T10:00:00.000Z
2026-08-23T10:00:00.000Z,99726.64610033664,100314.2886695343,98976.24799751339,99562.92583964579,580.4839644955862,2026-08-23T11:00:00.000Z
2026-08-23T11:00:00.000Z,99562.92583964579,100171.65145294697,98826.61867700327,99434.55946099259,164.09237965200674,2026-08-23T12:00:00.000Z
2026-08-23T12:00:00.000Z,99434.55946099259,100063.31516548198,98836.75577327576,99465.32650533036,421.0724324551748,2026-08-23T13:00:00.000Z
2026-08-23T13:00:00.000Z,99465.32650533036,100494.65939098413,98863.74908006129,99890.51040590461,461.67700111944083,2026-08-23T14:00:00.000Z
2026-08-23T14:00:00.000Z,99890.51040590461,100139.02535313027,99530.49544514758,99778.73230259944,568.8818380557382,2026-08-23T15:00:00.000Z
2026-08-23T15:00:00.000Z,99778.73230259944,100234.09481424524,99199.86681810058,99654.663112309,449.51772370818895,2026-08-23T16:00:00.000Z
2026-08-23T16:00:00.000Z,99654.663112309,100434.54151553272,99122.12465604988,99900.6883401132,589.8866529995048,2026-08-23T17:00:00.000Z
2026-08-23T17:00:00.000Z,99900.6883401132,100306.20786092538,99713.06315129147,100118.17420818073,551.3720895402935,2026-08-23T18:00:00.000Z
2026-08-23T18:00:00.000Z,100118.17420818073,100952.04574554176,99633.05690448404,100465.24672039297,542.7197548759727,2026-08-23T19:00:00.000Z
2026-08-23T19:00:00.000Z,100465.24672039297,101180.86569086171,99766.20012264718,100481.70457780237,468.0392933860604,2026-08-23T20:00:00.000Z
2026-08-23T20:00:00.000Z,100481.70457780237,100708.56466811491,100340.01385010891,100566.75401096637,579.759350363053,2026-08-23T21:00:00.000Z
2026-08-23T21:00:00.000Z,100566.75401096637,101330.59086439165,100311.43346761,101073.98256077874,389.04065503228486,2026-08-23T22:00:00.000Z
2026-08-23T22:00:00.000Z,101073.98256077874,101773.34544581673,100567.23018869673,101265.63220419196,688.1048500482482,2026-08-23T23:00:00.000Z
2026-08-23T23:00:00.000Z,101265.63220419196,102182.94969428553,100804.38086984892,101719.63045895533,562.4438664235379,2026-08-24T00:00:00.000Z
2026-08-24T00:00:00.000Z,101719.63045895533,102625.63119986477,101295.95639287854,102199.95651999881,110.55601016178541,2026-08-24T01:00:00.000Z
2026-08-24T01:00:00.000Z,102199.95651999881,103277.42904543651,101485.68422786206,102560.63597588989,159.60984316636336,2026-08-24T02:00:00.000Z
2026-08-24T02:00:00.000Z,102560.63597588989,103193.36652424138,102364.46882546185,102996.36595553694,465.4180451135235,2026-08-24T03:00:00.000Z
2026-08-24T03:00:00.000Z,102996.36595553694,103641.06824416775,102808.3607281067,103452.23090007222,678.9762196033151,2026-08-24T04:00:00.000Z
2026-08-24T04:00:00.000Z,103452.23090007222,103966.93172931796,102577.86237791032,103090.76482264392,304.5832748546187,2026-08-24T05:00:00.000Z
2026-08-24T05:00:00.000Z,103090.76482264392,103940.2258387337,102466.2472978266,103314.35382546288,177.42612765982102,2026-08-24T06:00:00.000Z
2026-08-24T06:00:00.000Z,103314.35382546288,104258.25522134645,102704.99158425823,103646.93139200022,399.3158826135639,2026-08-24T07:00:00.000Z
2026-08-24T07:00:00.000Z,103646.93139200022,104031.37985529267,103131.4832813744,103515.44403013897,672.9588208594167,2026-08-24T08:00:00.000Z
2026-08-24T08:00:00.000Z,103515.44403013897,104279.08610854241,102802.21211792665,103565.5092419411,193.52654493112422,2026-08-24T09:00:00.000Z
2026-08-24T09:00:00.000Z,103565.5092419411,104488.10196302024,102977.74494154776,103898.44813783579,259.9264927021817,2026-08-24T10:00:00.000Z
2026-08-24T10:00:00.000Z,103898.44813783579,104569.69916504106,103537.14600866799,104207.32293780083,557.8290710494989,2026-08-24T11:00:00.000Z
2026-08-24T11:00:00.000Z,104207.32293780083,104638.95616173316,103848.69771769454,104280.08054929644,659.991565141823,2026-08-24T12:00:00.000Z
2026-08-24T12:00:00.000Z,104280.08054929644,104802.87429593568,103588.66586223275,104110.609991694,156.76324938273208,2026-08-24T13:00:00.000Z
2026-08-24T13:00:00.000Z,104110.609991694,104426.519418747,103380.24614845596,103694.89414254134,454.6074251432938,2026-08-24T14:00:00.000Z
2026-08-24T14:00:00.000Z,103694.89414254134,104332.20375831159,102749.38015794144,103384.7838333699,595.1076692413108,2026-08-24T15:00:00.000Z
2026-08-24T15:00:00.000Z,103384.7838333699,103936.59999727023,103125.54759372906,103676.63195159461,537.272945250046,2026-08-24T16:00:00.000Z
2026-08-24T16:00:00.000Z,103676.63195159461,104123.27134564106,103479.158970657,103925.32467942472,230.91206128285828,2026-08-24T17:00:00.000Z
2026-08-24T17:00:00.000Z,103925.32467942472,104557.16846788683,102910.47909775529,103539.98007327392,297.21046341453234,2026-08-24T18:00:00.000Z
2026-08-24T18:00:00.000Z,103539.98007327392,104014.63365691388,102802.21547170145,103275.65733272031,155.9547441340772,2026-08-24T19:00:00.000Z
2026-08-24T19:00:00.000Z,103275.65733272031,103670.17525076712,102795.86264128353,103190.05354880844,353.85671875153514,2026-08-24T20:00:00.000Z
2026-08-24T20:00:00.000Z,103190.05354880844,103774.07736320398,103045.93536688536,103629.34565335583,113.71898698328016,2026-08-24T21:00:00.000Z
2026-08-24T21:00:00.000Z,103629.34565335583,104006.69100443658,103079.21996327721,103455.93387034246,529.9055968550526,2026-08-24T22:00:00.000Z
2026-08-24T22:00:00.000Z,103455.93387034246,104095.42043589956,102718.86892159803,103357.74857973155,419.95960544792916,2026-08-24T23:00:00.000Z
2026-08-24T23:00:00.000Z,103357.74857973155,104010.06057466473,102821.48150220662,103473.19451106417,437.13346344285344,2026-08-25T00:00:00.000Z
2026-08-25T00:00:00.000Z,103473.19451106417,103789.62776502324,103336.34871552396,103652.54477443374,366.28890422465696,2026-08-25T01:00:00.000Z
2026-08-25T01:00:00.000Z,103652.54477443374,104094.93085241965,102948.76988531613,103390.0355816221,179.2295975048233,2026-08-25T02:00:00.000Z
2026-08-25T02:00:00.000Z,103390.0355816221,103579.5957684353,103084.71630084637,103274.06385961312,474.96211508985704,2026-08-25T03:00:00.000Z
2026-08-25T03:00:00.000Z,103274.06385961312,103816.84552321064,102579.76520904597,103121.74633126514,122.79098118785349,2026-08-25T04:00:00.000Z
2026-08-25T04:00:00.000Z,103121.74633126514,103519.78929048419,102664.17296744381,103061.98525294653,188.21208862970215,2026-08-25T05:00:00.000Z
2026-08-25T05:00:00.000Z,103061.98525294653,104138.95408635323,102443.11330232091,103517.34775139602,354.4686594300292,2026-08-25T06:00:00.000Z
2026-08-25T06:00:00.000Z,103517.34775139602,104174.8834124393,102502.6240874569,103157.87640921706,500.3489837052063,2026-08-25T07:00:00.000Z
2026-08-25T07:00:00.000Z,103157.87640921706,103528.23907036518,102754.68218518478,103124.92654806342,534.7288146776748,2026-08-25T08:00:00.000Z
2026-08-25T08:00:00.000Z,103124.92654806342,103614.0863919722,102636.57741025215,103125.73343314842,571.9323277808411,2026-08-25T09:00:00.000Z
2026-08-25T09:00:00.000Z,103125.73343314842,103353.83256001808,103021.53240874862,103249.50647199924,224.64169195137998,2026-08-25T10:00:00.000Z
2026-08-25T10:00:00.000Z,103249.50647199924,103734.51829492109,102712.48322879171,103197.24957632976,243.7502172513633,2026-08-25T11:00:00.000Z
2026-08-25T11:00:00.000Z,103197.24957632976,103503.8619464998,103081.78945226192,103388.18819467876,616.6905368290332,2026-08-25T12:00:00.000Z
2026-08-25T12:00:00.000Z,103388.18819467876,103746.66070349187,102923.42197144768,103281.52465128258,204.0398864560015,2026-08-25T13:00:00.000Z
2026-08-25T13:00:00.000Z,103281.52465128258,103831.59249848229,102595.48675434692,103144.82656015728,452.7425405349315,2026-08-25T14:00:00.000Z
2026-08-25T14:00:00.000Z,103144.82656015728,104237.80345279843,102453.24321603082,103543.54670063668,449.21203597877735,2026-08-25T15:00:00.000Z
2026-08-25T15:00:00.000Z,103543.54670063668,103871.67836511922,102782.85334229415,103109.60985182966,573.4416948042073,2026-08-25T16:00:00.000Z
2026-08-25T16:00:00.000Z,103109.60985182966,103624.96396063603,102978.86639472147,103493.73343306912,535.2906631470148,2026-08-25T17:00:00.000Z
2026-08-25T17:00:00.000Z,103493.73343306912,103866.13301975798,102879.5540811072,103251.08053435899,231.7220959494459,2026-08-25T18:00:00.000Z
2026-08-25T18:00:00.000Z,103251.08053435899,104080.92551537155,102681.00899498221,103509.4275860655,508.08138717342234,2026-08-25T19:00:00.000Z
2026-08-25T19:00:00.000Z,103509.4275860655,104082.95042593085,102428.4620681464,102999.15761498405,386.89500237204834,2026-08-25T20:00:00.000Z
2026-08-25T20:00:00.000Z,102999.15761498405,103341.01176023908,102489.5521543299,102830.8476790036,642.3393969155566,2026-08-25T21:00:00.000Z
2026-08-25T21:00:00.000Z,102830.8476790036,103555.69417980818,102330.85152333915,103054.61002075579,695.803862808181,2026-08-25T22:00:00.000Z
2026-08-25T22:00:00.000Z,103054.61002075579,103674.89854373409,102314.83330921161,102934.39827439294,179.37673706532303,2026-08-25T23:00:00.000Z
2026-08-25T23:00:00.000Z,102934.39827439294,103209.57759299732,102553.7700503998,102828.66671189624,293.5482372499761,2026-08-26T00:00:00.000Z
2026-08-26T00:00:00.000Z,102828.66671189624,103269.39872736397,102406.35134807257,102847.00803607334,202.6950939105335,2026-08-26T01:00:00.000Z
2026-08-26T01:00:00.000Z,102847.00803607334,103040.58887606052,102720.03688643621,102913.53559393683,130.6690601774813,2026-08-26T02:00:00.000Z
2026-08-26T02:00:00.000Z,102913.53559393683,103438.63134015573,101931.11379357292,102453.8641581645,235.83141729972857,2026-08-26T03:00:00.000Z
2026-08-26T03:00:00.000Z,102453.8641581645,103246.15779003146,101917.2479723613,102708.2094359012,297.09802577136924,2026-08-26T04:00:00.000Z
2026-08-26T04:00:00.000Z,102708.2094359012,103331.82897472606,101585.37413340723,102205.94403756512,606.0681758011078,2026-08-26T05:00:00.000Z
2026-08-26T05:00:00.000Z,102205.94403756512,103098.91452908098,101520.76184422751,102412.3486125098,506.644310712183,2026-08-26T06:00:00.000Z
2026-08-26T06:00:00.000Z,102412.3486125098,103026.9811431183,101979.29054970786,102593.15851250703,562.1584902806945,2026-08-26T07:00:00.000Z
2026-08-26T07:00:00.000Z,102593.15851250703,103349.76648653968,102060.18369435964,102815.63589112478,691.5388126818178,2026-08-26T08:00:00.000Z
2026-08-26T08:00:00.000Z,102815.63589112478,103294.4724994004,102707.2056488612,103185.65203497099,680.4850244803749,2026-08-26T09:00:00.000Z
2026-08-26T09:00:00.000Z,103185.65203497099,103320.68596504691,102832.08364576151,102966.83121591627,448.4872922061418,2026-08-26T10:00:00.000Z
2026-08-26T10:00:00.000Z,102966.83121591627,103634.87238419274,102411.56645883992,103079.00272469454,437.8682710872349,2026-08-26T11:00:00.000Z
2026-08-26T11:00:00.000Z,103079.00272469454,103599.10452942253,102249.68958791847,102768.22330474383,444.0856069997352,2026-08-26T12:00:00.000Z
2026-08-26T12:00:00.000Z,102768.22330474383,102988.72931364123,102383.97206100803,102604.12597227552,216.36957634071334,2026-08-26T13:00:00.000Z
2026-08-26T13:00:00.000Z,102604.12597227552,102869.14023457428,102447.27759992726,102712.12676410495,644.2375755609188,2026-08-26T14:00:00.000Z
2026-08-26T14:00:00.000Z,102712.12676410495,102888.51107007472,101995.16717131731,102170.62156743805,213.26792543440496,2026-08-26T15:00:00.000Z
2026-08-26T15:00:00.000Z,102170.62156743805,102735.39412408712,101822.42718363201,102386.46415527906,174.69574784613016,2026-08-26T16:00:00.000Z
2026-08-26T16:00:00.000Z,102386.46415527906,102869.80693149439,101686.45235117829,102168.76743159747,395.3127038177628,2026-08-26T17:00:00.000Z
2026-08-26T17:00:00.000Z,102168.76743159747,102622.17790009137,101360.90760238608,101812.73806314566,107.72012481825432,2026-08-26T18:00:00.000Z
2026-08-26T18:00:00.000Z,101812.73806314566,102301.79297343054,101018.35605685167,101505.93725723082,199.9094846192326,2026-08-26T19:00:00.000Z
2026-08-26T19:00:00.000Z,101505.93725723082,101793.64772459782,101256.96410853579,101544.5797937231,410.7901327827899,2026-08-26T20:00:00.000Z
2026-08-26T20:00:00.000Z,101544.5797937231,102061.96215982681,101093.15153296286,101610.24199012198,547.6737898996444,2026-08-26T21:00:00.000Z
2026-08-26T21:00:00.000Z,101610.24199012198,101988.91869217194,100696.53810488993,101073.21343188795,160.8445575744121,2026-08-26T22:00:00.000Z
2026-08-26T22:00:00.000Z,101073.21343188795,101731.32831108563,100126.03748567362,100782.25787497942,689.7725193713663,2026-08-26T23:00:00.000Z
2026-08-26T23:00:00.000Z,100782.25787497942,100946.31530482866,100467.48636081521,100631.2980521678,511.3415546768073,2026-08-27T00:00:00.000Z
2026-08-27T00:00:00.000Z,100631.2980521678,101216.34653215915,99762.7848608571,100346.17570151467,224.2548212987626,2026-08-27T01:00:00.000Z
2026-08-27T01:00:00.000Z,100346.17570151467,101034.36830923878,99574.4771563934,100262.09311017537,551.0390991582717,2026-08-27T02:00:00.000Z
2026-08-27T02:00:00.000Z,100262.09311017537,100606.46181413015,99629.58759643631,99972.96323033933,675.023857492499,2026-08-27T03:00:00.000Z
2026-08-27T03:00:00.000Z,99972.96323033933,100598.92811090522,99078.09215179051,99702.36271004271,636.9450783994724,2026-08-27T04:00:00.000Z
2026-08-27T04:00:00.000Z,99702.36271004271,99965.79711005176,99482.80265430885,99746.14064851217,361.89467919147324,2026-08-27T05:00:00.000Z
2026-08-27T05:00:00.000Z,99746.14064851217,99961.97785786267,99019.84182627313,99234.57207014479,208.35566050762108,2026-08-27T06:00:00.000Z
2026-08-27T06:00:00.000Z,99234.57207014479,99911.79814181123,98154.46035130926,98828.91803811915,332.6545714552768,2026-08-27T07:00:00.000Z
2026-08-27T07:00:00.000Z,98828.91803811915,98930.53157653856,98164.26866341002,98265.30270597596,655.6886763105582,2026-08-27T08:00:00.000Z
2026-08-27T08:00:00.000Z,98265.30270597596,98842.2318500752,97766.79759252603,98343.33089546482,280.6006127878095,2026-08-27T09:00:00.000Z
2026-08-27T09:00:00.000Z,98343.33089546482,98923.16126533019,97982.61830173119,98561.6479086433,223.98383213392637,2026-08-27T10:00:00.000Z
2026-08-27T10:00:00.000Z,98561.6479086433,99192.2631616147,98212.73469416342,98842.35622550732,162.93537498588458,2026-08-27T11:00:00.000Z
2026-08-27T11:00:00.000Z,98842.35622550732,99280.28128703305,98624.85745635435,99062.29854334486,515.1279942202978,2026-08-27T12:00:00.000Z
2026-08-27T12:00:00.000Z,99062.29854334486,99492.47575901117,98409.75797737543,98838.9653705781,625.9097722945315,2026-08-27T13:00:00.000Z
2026-08-27T13:00:00.000Z,98838.9653705781,99214.97951242849,98402.23252655302,98778.01479346561,305.1348677860269,2026-08-27T14:00:00.000Z
2026-08-27T14:00:00.000Z,98778.01479346561,99130.09919417974,97976.74286387564,98327.22045303836,287.84200129464364,2026-08-27T15:00:00.000Z
2026-08-27T15:00:00.000Z,98327.22045303836,98985.66325899887,97748.69968668223,98406.67501159431,613.2195625050084,2026-08-27T16:00:00.000Z
2026-08-27T16:00:00.000Z,98406.67501159431,98613.59799955823,97721.49015099356,97927.40536272917,663.7800227682013,2026-08-27T17:00:00.000Z
2026-08-27T17:00:00.000Z,97927.40536272917,98331.5256536111,97295.60423374793,97698.78105306352,400.7635292135009,2026-08-27T18:00:00.000Z
2026-08-27T18:00:00.000Z,97698.78105306352,97986.04706384349,97596.48803871796,97883.56058081104,534.024902449001,2026-08-27T19:00:00.000Z
2026-08-27T19:00:00.000Z,97883.56058081104,98242.33473735189,97598.2473461335,97956.80799942811,542.6894277533002,2026-08-27T20:00:00.000Z
2026-08-27T20:00:00.000Z,97956.80799942811,98186.30215693692,97543.5819233208,97772.64462108506,360.2206974570736,2026-08-27T21:00:00.000Z
2026-08-27T21:00:00.000Z,97772.64462108506,98368.21742344691,96773.55157495667,97366.65130751005,624.8313608229306,2026-08-27T22:00:00.000Z
2026-08-27T22:00:00.000Z,97366.65130751005,97981.48877708771,96511.22276618004,97124.53132999469,252.01773399115436,2026-08-27T23:00:00.000Z
2026-08-27T23:00:00.000Z,97124.53132999469,97475.70166926319,96418.9334941306,96768.8176899506,658.041180371326,2026-08-28T00:00:00.000Z
2026-08-28T00:00:00.000Z,96768.8176899506,97424.565997434,96100.74631575569,96756.41054695069,566.5383216303486,2026-08-28T01:00:00.000Z
2026-08-28T01:00:00.000Z,96756.41054695069,97211.72183922202,96160.94597568044,96615.59462369257,350.7826367629611,2026-08-28T02:00:00.000Z
2026-08-28T02:00:00.000Z,96615.59462369257,97205.8592341251,96166.82098973318,96756.43142169811,150.5513295766671,2026-08-28T03:00:00.000Z
2026-08-28T03:00:00.000Z,96756.43142169811,97249.3571580564,95701.33278486255,96191.37986550438,327.825906233781,2026-08-28T04:00:00.000Z
2026-08-28T04:00:00.000Z,96191.37986550438,96756.5618316464,95718.08178852343,96282.81386470592,481.53585203994805,2026-08-28T05:00:00.000Z
2026-08-28T05:00:00.000Z,96282.81386470592,96386.23265974977,95986.84250125969,96090.05425034954,464.7388810127689,2026-08-28T06:00:00.000Z
2026-08-28T06:00:00.000Z,96090.05425034954,96449.65375013485,95961.23278554335,96320.52331097942,201.30776125067274,2026-08-28T07:00:00.000Z
2026-08-28T07:00:00.000Z,96320.52331097942,96989.88436004132,95757.1288345504,96425.87367213913,288.87071031558827,2026-08-28T08:00:00.000Z
2026-08-28T08:00:00.000Z,96425.87367213913,97028.73080182009,95741.64218976726,96343.98736406982,581.1511449893709,2026-08-28T09:00:00.000Z
2026-08-28T09:00:00.000Z,96343.98736406982,96670.44473996913,96163.33501958374,96489.51951157651,241.03627770256077,2026-08-28T10:00:00.000Z
2026-08-28T10:00:00.000Z,96489.51951157651,97031.85236799842,95932.87146302515,96475.12340410906,209.70851812032447,2026-08-28T11:00:00.000Z
2026-08-28T11:00:00.000Z,96475.12340410906,96931.8942045884,95536.20703350585,95990.68420977647,236.66634091020856,2026-08-28T12:00:00.000Z
2026-08-28T12:00:00.000Z,95990.68420977647,96162.05642871732,95452.8230900878,95623.53984600314,554.5928229832057,2026-08-28T13:00:00.000Z
2026-08-28T13:00:00.000Z,95623.53984600314,96167.73690092271,95273.75471921853,95817.24321891245,298.97480960887617,2026-08-28T14:00:00.000Z
2026-08-28T14:00:00.000Z,95817.24321891245,96381.60187881175,95199.97451313432,95764.01968916669,437.0039876257088,2026-08-28T15:00:00.000Z
2026-08-28T15:00:00.000Z,95764.01968916669,96356.38240852408,94629.80377765575,95218.79392117895,622.1474773819314,2026-08-28T16:00:00.000Z
2026-08-28T16:00:00.000Z,95218.79392117895,95778.8546161373,94270.46399777323,94828.2274473903,590.5567937020943,2026-08-28T17:00:00.000Z
2026-08-28T17:00:00.000Z,94828.2274473903,94981.57141245253,94686.32581815668,94839.65268641055,411.34918141707277,2026-08-28T18:00:00.000Z
2026-08-28T18:00:00.000Z,94839.65268641055,95167.3841203182,94605.6512115652,94933.15195118796,254.9033282114674,2026-08-28T19:00:00.000Z
2026-08-28T19:00:00.000Z,94933.15195118796,95225.03624781112,94471.40279938464,94762.76321372046,330.28053652042547,2026-08-28T20:00:00.000Z
2026-08-28T20:00:00.000Z,94762.76321372046,95152.79208452337,94579.43443183647,94969.06419115707,695.3475712776872,2026-08-28T21:00:00.000Z
2026-08-28T21:00:00.000Z,94969.06419115707,95614.74534688392,94647.86939590673,95292.45680573318,494.1117189797162,2026-08-28T22:00:00.000Z
2026-08-28T22:00:00.000Z,95292.45680573318,96091.56031249338,94861.15042363973,95658.596732209,272.59192893867936,2026-08-28T23:00:00.000Z
2026-08-28T23:00:00.000Z,95658.596732209,96292.37914946799,95273.72033823203,95906.50531079686,191.55888254361176,2026-08-29T00:00:00.000Z
2026-08-29T00:00:00.000Z,95906.50531079686,96887.63368413865,95288.22629812526,96267.03047933301,143.1900337539567,2026-08-29T01:00:00.000Z
2026-08-29T01:00:00.000Z,96267.03047933301,97340.8467126938,95651.91561560724,96722.81950604382,323.73027700173213,2026-08-29T02:00:00.000Z
2026-08-29T02:00:00.000Z,96722.81950604382,97307.89899900876,95928.53032838652,96512.3366034016,209.17090732099996,2026-08-29T03:00:00.000Z
2026-08-29T03:00:00.000Z,96512.3366034016,97022.94031975302,95793.78732195235,96303.2850397437,433.8968242210787,2026-08-29T04:00:00.000Z
2026-08-29T04:00:00.000Z,96303.2850397437,96940.965363926,95413.27280871004,96049.27115855434,696.8015048637993,2026-08-29T05:00:00.000Z
2026-08-29T05:00:00.000Z,96049.27115855434,96707.12812093325,95482.60310354352,96139.92522828386,133.7538201519073,2026-08-29T06:00:00.000Z
2026-08-29T06:00:00.000Z,96139.92522828386,96556.60858358399,95897.54567577053,96313.79069669158,633.5212645742675,2026-08-29T07:00:00.000Z
2026-08-29T07:00:00.000Z,96313.79069669158,97304.82266153031,95776.92692907523,96765.44134304309,608.4875685668027,2026-08-29T08:00:00.000Z
2026-08-29T08:00:00.000Z,96765.44134304309,97638.39882224947,96141.96983538746,97013.33013694528,154.51488739555464,2026-08-29T09:00:00.000Z
2026-08-29T09:00:00.000Z,97013.33013694528,97295.89723254801,96515.8426474493,96797.78192383941,511.9835089947951,2026-08-29T10:00:00.000Z
2026-08-29T10:00:00.000Z,96797.78192383941,97405.37824437514,96229.38679971512,96836.75427518805,245.20051225330704,2026-08-29T11:00:00.000Z
2026-08-29T11:00:00.000Z,96836.75427518805,97186.5494321089,96494.26159866754,96844.03101916691,107.46607045059375,2026-08-29T12:00:00.000Z
2026-08-29T12:00:00.000Z,96844.03101916691,97434.37578018877,96112.65203174493,96702.13179922818,261.67909165922515,2026-08-29T13:00:00.000Z
2026-08-29T13:00:00.000Z,96702.13179922818,97396.14818066567,96533.35424841955,97226.45550968302,583.4153004379083,2026-08-29T14:00:00.000Z
2026-08-29T14:00:00.000Z,97226.45550968302,97675.260562052,96750.00666688125,97198.6835215439,244.8888250369992,2026-08-29T15:00:00.000Z
2026-08-29T15:00:00.000Z,97198.6835215439,97860.36717211429,96781.07541426641,97441.71489563135,623.1710158862038,2026-08-29T16:00:00.000Z
2026-08-29T16:00:00.000Z,97441.71489563135,98434.58012518083,96972.00842125728,97962.3639226158,419.2328514155153,2026-08-29T17:00:00.000Z
2026-08-29T17:00:00.000Z,97962.3639226158,98444.90468053876,97430.901169218,97913.19975541755,553.3841237674394,2026-08-29T18:00:00.000Z
2026-08-29T18:00:00.000Z,97913.19975541755,98259.66976804624,97343.02435279827,97688.69996338541,628.276469711343,2026-08-29T19:00:00.000Z
2026-08-29T19:00:00.000Z,97688.69996338541,98832.99590953873,97080.53643668564,98221.51532702032,441.29308124133064,2026-08-29T20:00:00.000Z
2026-08-29T20:00:00.000Z,98221.51532702032,98423.48046980232,97920.82038035925,98122.58209455074,490.6400861174986,2026-08-29T21:00:00.000Z
2026-08-29T21:00:00.000Z,98122.58209455074,98571.90766540443,97832.70653251973,98281.56244066989,155.2854170348893,2026-08-29T22:00:00.000Z
2026-08-29T22:00:00.000Z,98281.56244066989,99016.52103891727,97846.17590857521,98579.81325809729,687.4985660368104,2026-08-29T23:00:00.000Z
2026-08-29T23:00:00.000Z,98579.81325809729,99659.2379102041,97960.34661375252,99036.89898045677,167.0257660872423,2026-08-30T00:00:00.000Z
2026-08-30T00:00:00.000Z,99036.89898045677,99878.0902299214,98378.39320834854,99218.3777879409,134.3446314494799,2026-08-30T01:00:00.000Z
2026-08-30T01:00:00.000Z,99218.3777879409,99635.5960936742,98579.43322860987,98995.71522699266,628.6566616635102,2026-08-30T02:00:00.000Z
2026-08-30T02:00:00.000Z,98995.71522699266,99459.49700612166,98759.20574995194,99222.44584966707,140.23114928986465,2026-08-30T03:00:00.000Z
2026-08-30T03:00:00.000Z,99222.44584966707,100209.37450993642,98812.44809618591,99797.00262643151,432.07277345101943,2026-08-30T04:00:00.000Z
2026-08-30T04:00:00.000Z,99797.00262643151,100615.68126690741,99530.8467097174,100348.05570647836,381.6091540649576,2026-08-30T05:00:00.000Z
2026-08-30T05:00:00.000Z,100348.05570647836,101003.323585309,99730.73628607485,100385.77214159718,100.9716799487228,2026-08-30T06:00:00.000Z
2026-08-30T06:00:00.000Z,100385.77214159718,100622.14427390328,100075.85462086128,100312.05317169528,439.72767896006246,2026-08-30T07:00:00.000Z
2026-08-30T07:00:00.000Z,100312.05317169528,100553.96939181758,100104.9732911441,100346.81774477958,364.66584003747715,2026-08-30T08:00:00.000Z
2026-08-30T08:00:00.000Z,100346.81774477958,101307.63635720497,99778.47291550213,100737.0811520079,157.418584850346,2026-08-30T09:00:00.000Z
2026-08-30T09:00:00.000Z,100737.0811520079,100973.02722982621,100583.12556031805,100818.94652401113,598.970648133648,2026-08-30T10:00:00.000Z
2026-08-30T10:00:00.000Z,100818.94652401113,101633.42318216007,100642.26778848113,101455.6287019609,518.9211272722674,2026-08-30T11:00:00.000Z
2026-08-30T11:00:00.000Z,101455.6287019609,102247.7444926271,101011.66452171837,101802.26345799926,449.5870191369145,2026-08-30T12:00:00.000Z
2026-08-30T12:00:00.000Z,101802.26345799926,102384.91153284333,101417.58559058972,101999.48841602894,422.3667536500687,2026-08-30T13:00:00.000Z
2026-08-30T13:00:00.000Z,101999.48841602894,102108.24516918269,101643.48136872171,101751.9742103423,443.0569217275162,2026-08-30T14:00:00.000Z
2026-08-30T14:00:00.000Z,101751.9742103423,102315.47464866002,101460.80722740643,102023.53059722518,384.3094258030455,2026-08-30T15:00:00.000Z
2026-08-30T15:00:00.000Z,102023.53059722518,103006.58265899653,101669.75146061527,102650.62898163403,233.8998233591671,2026-08-30T16:00:00.000Z
2026-08-30T16:00:00.000Z,102650.62898163403,103532.00161904971,102194.41186340939,103073.90331414255,248.43963419480232,2026-08-30T17:00:00.000Z
2026-08-30T17:00:00.000Z,103073.90331414255,103414.71274384846,102494.41221479673,102834.42983574234,562.2892848506053,2026-08-30T18:00:00.000Z
2026-08-30T18:00:00.000Z,102834.42983574234,103578.2607952001,102270.6846047925,103013.53370484566,109.95269585864278,2026-08-30T19:00:00.000Z
2026-08-30T19:00:00.000Z,103013.53370484566,103657.0528000047,102662.36943902785,103304.89530757262,561.5735094349709,2026-08-30T20:00:00.000Z
2026-08-30T20:00:00.000Z,103304.89530757262,103624.56944006596,102953.25912195492,103272.83404175067,679.5215551646061,2026-08-30T21:00:00.000Z
2026-08-30T21:00:00.000Z,103272.83404175067,103578.51062680641,102862.3557437297,103167.72120599136,692.9216205109477,2026-08-30T22:00:00.000Z
2026-08-30T22:00:00.000Z,103167.72120599136,104110.25819410804,102454.50886013315,103395.47138063124,505.36760520439947,2026-08-30T23:00:00.000Z
2026-08-30T23:00:00.000Z,103395.47138063124,103929.66040491266,102440.4257415208,102972.42913308127,676.7540144625838,2026-08-31T00:00:00.000Z
2026-08-31T00:00:00.000Z,102972.42913308127,103461.71998869939,102820.98970971513,103309.7844238793,370.75450479553757,2026-08-31T01:00:00.000Z
2026-08-31T01:00:00.000Z,103309.7844238793,103991.61987659105,102449.98561203193,103130.63871891334,271.5578803660152,2026-08-31T02:00:00.000Z
2026-08-31T02:00:00.000Z,103130.63871891334,103754.5239140666,102641.48767323836,103264.73683785868,599.6398184912464,2026-08-31T03:00:00.000Z
2026-08-31T03:00:00.000Z,103264.73683785868,103759.51293762552,103018.31655775192,103512.50141776886,248.52782913880787,2026-08-31T04:00:00.000Z
2026-08-31T04:00:00.000Z,103512.50141776886,104185.79486386196,102871.33027543648,103544.42597627787,494.6181219977411,2026-08-31T05:00:00.000Z
2026-08-31T05:00:00.000Z,103544.42597627787,104127.19514483916,103367.13276095066,103949.20884289472,166.75751445198316,2026-08-31T06:00:00.000Z
2026-08-31T06:00:00.000Z,103949.20884289472,104655.88411987739,103723.17644280154,104428.80885334345,598.8090274384288,2026-08-31T07:00:00.000Z
2026-08-31T07:00:00.000Z,104428.80885334345,104772.5028480003,104079.8964080182,104423.573171103,686.0253839688494,2026-08-31T08:00:00.000Z
2026-08-31T08:00:00.000Z,104423.573171103,104862.2653970534,104050.8631578761,104489.32071680749,576.9064754605789,2026-08-31T09:00:00.000Z
2026-08-31T09:00:00.000Z,104489.32071680749,105250.32990627865,104170.16914481041,104929.83283663109,520.281075136867,2026-08-31T10:00:00.000Z
2026-08-31T10:00:00.000Z,104929.83283663109,105471.62460535175,104668.2698429957,105209.36481064498,351.35559460677,2026-08-31T11:00:00.000Z
2026-08-31T11:00:00.000Z,105209.36481064498,106100.2280779379,104710.57729458848,105599.59053909924,637.6337690919795,2026-08-31T12:00:00.000Z
2026-08-31T12:00:00.000Z,105599.59053909924,105911.17840512568,104853.15367390847,105163.45465379163,164.36566797288398,2026-08-31T13:00:00.000Z
2026-08-31T13:00:00.000Z,105163.45465379163,106269.92191534139,104545.4177285691,105649.03129635123,134.89396238461788,2026-08-31T14:00:00.000Z
2026-08-31T14:00:00.000Z,105649.03129635123,105874.26612124415,105386.10228896607,105611.25658135233,510.6594407049285,2026-08-31T15:00:00.000Z
2026-08-31T15:00:00.000Z,105611.25658135233,106316.02732137179,104696.70444477485,105400.06585543866,537.9913218496326,2026-08-31T16:00:00.000Z
2026-08-31T16:00:00.000Z,105400.06585543866,105980.65882049262,105189.98862551077,105769.84456931843,672.672983432502,2026-08-31T17:00:00.000Z
2026-08-31T17:00:00.000Z,105769.84456931843,106545.36862967341,105039.32516776021,105814.54052704426,471.8771810512418,2026-08-31T18:00:00.000Z
2026-08-31T18:00:00.000Z,105814.54052704426,106445.2793241107,105587.17935842068,106217.05328596356,479.83169740989416,2026-08-31T19:00:00.000Z
2026-08-31T19:00:00.000Z,106217.05328596356,106877.80116756169,105787.98683044137,106447.8025944103,229.87869639409647,2026-08-31T20:00:00.000Z
2026-08-31T20:00:00.000Z,106447.8025944103,107090.44692390179,105463.827575006,106104.3987141545,685.0254461099512,2026-08-31T21:00:00.000Z
2026-08-31T21:00:00.000Z,106104.3987141545,106651.38543141626,105614.99795663527,106161.72028129201,137.16990642117798,2026-08-31T22:00:00.000Z
2026-08-31T22:00:00.000Z,106161.72028129201,106662.40968574348,105388.69861032804,105888.09753067954,667.7276130615396,2026-08-31T23:00:00.000Z
2026-08-31T23:00:00.000Z,105888.09753067954,106983.46116880905,105291.17025458431,106383.73978846832,678.423064285155,2026-09-01T00:00:00.000Z
2026-09-01T00:00:00.000Z,106383.73978846832,106933.14775610098,105946.19181623908,106495.14159697671,587.1903724443123,2026-09-01T01:00:00.000Z
2026-09-01T01:00:00.000Z,106495.14159697671,106992.05841183386,105557.01059068333,106051.85900532785,311.6604797596393,2026-09-01T02:00:00.000Z
2026-09-01T02:00:00.000Z,106051.85900532785,107180.00759274102,105390.55823004748,106515.8137645257,633.1938177036093,2026-09-01T03:00:00.000Z
2026-09-01T03:00:00.000Z,106515.8137645257,107021.16352511119,106173.8046553811,106678.63162793682,119.91027417588526,2026-09-01T04:00:00.000Z
2026-09-01T04:00:00.000Z,106678.63162793682,107291.47048661673,106299.39820399629,106911.40955702003,544.9502337933286,2026-09-01T05:00:00.000Z
2026-09-01T05:00:00.000Z,106911.40955702003,107845.11424955235,106287.71114665651,107219.61781778869,246.11176035651553,2026-09-01T06:00:00.000Z
2026-09-01T06:00:00.000Z,107219.61781778869,108196.89597185854,106588.59278179234,107563.84503800461,508.6584379005518,2026-09-01T07:00:00.000Z
2026-09-01T07:00:00.000Z,107563.84503800461,108103.71809432647,106760.53475829259,107299.07892860594,191.39634291240776,2026-09-01T08:00:00.000Z
2026-09-01T08:00:00.000Z,107299.07892860594,107751.74344652667,106545.0024285255,106996.38998726747,198.75147077196812,2026-09-01T09:00:00.000Z
2026-09-01T09:00:00.000Z,106996.38998726747,107419.48358284909,106300.76866631965,106722.78033294603,356.99143347190295,2026-09-01T10:00:00.000Z
2026-09-01T10:00:00.000Z,106722.78033294603,107699.68475643187,106017.5106108893,106992.63174099618,183.55795083733182,2026-09-01T11:00:00.000Z
2026-09-01T11:00:00.000Z,106992.63174099618,107502.41003787302,106491.15186325328,107000.89144647268,125.92685819879493,2026-09-01T12:00:00.000Z
2026-09-01T12:00:00.000Z,107000.89144647268,107456.17199090507,106225.45305637506,106679.36553283127,448.9352512866888,2026-09-01T13:00:00.000Z
2026-09-01T13:00:00.000Z,106679.36553283127,106990.95995917093,106051.4287691664,106362.09650024772,472.61899568728126,2026-09-01T14:00:00.000Z
2026-09-01T14:00:00.000Z,106362.09650024772,106968.90878656041,105842.09785203487,106448.4877759828,453.1535977279552,2026-09-01T15:00:00.000Z
2026-09-01T15:00:00.000Z,106448.4877759828,106824.7299135305,105911.95966355593,106287.63326088422,433.4790285366955,2026-09-01T16:00:00.000Z
2026-09-01T16:00:00.000Z,106287.63326088422,106417.49674197088,105885.34639577066,106014.87661958323,299.0380924190572,2026-09-01T17:00:00.000Z
2026-09-01T17:00:00.000Z,106014.87661958323,106668.52002807298,105171.57365765593,105824.04045010595,493.56390600724325,2026-09-01T18:00:00.000Z
2026-09-01T18:00:00.000Z,105824.04045010595,106296.87140640947,105154.23160622588,105626.17849823245,512.8184412665751,2026-09-01T19:00:00.000Z
2026-09-01T19:00:00.000Z,105626.17849823245,106068.0532291088,105321.37548819861,105762.85581252354,156.95430229276153,2026-09-01T20:00:00.000Z
2026-09-01T20:00:00.000Z,105762.85581252354,106208.93084187817,105123.63646718714,105568.89342314663,273.01356996084263,2026-09-01T21:00:00.000Z
2026-09-01T21:00:00.000Z,105568.89342314663,106154.87251044871,104803.13350368972,105388.10911524904,226.9519171337373,2026-09-01T22:00:00.000Z
2026-09-01T22:00:00.000Z,105388.10911524904,105707.83536559592,104639.85191862423,104958.274136408,104.5488080031,2026-09-01T23:00:00.000Z
2026-09-01T23:00:00.000Z,104958.274136408,105560.03022193252,104197.72921786952,104798.56967159294,538.2932178854445,2026-09-02T00:00:00.000Z
2026-09-02T00:00:00.000Z,104798.56967159294,105172.91245842814,104175.12756359178,104548.57737245754,497.22143635024383,2026-09-02T01:00:00.000Z
2026-09-02T01:00:00.000Z,104548.57737245754,105451.72758946953,103878.24035405109,104779.90734624267,190.88801233604923,2026-09-02T02:00:00.000Z
2026-09-02T02:00:00.000Z,104779.90734624267,105533.99909982856,104344.29475252023,105097.06794081314,351.91519113812376,2026-09-02T03:00:00.000Z
2026-09-02T03:00:00.000Z,105097.06794081314,105353.10971649904,104817.88630778287,105073.8715715251,190.08540207989765,2026-09-02T04:00:00.000Z
2026-09-02T04:00:00.000Z,105073.8715715251,105792.35011184188,104217.76515094863,104935.29613430984,561.1802805500013,2026-09-02T05:00:00.000Z
2026-09-02T05:00:00.000Z,104935.29613430984,105231.4775604267,104487.98151591556,104783.73515893669,200.6201216488239,2026-09-02T06:00:00.000Z
2026-09-02T06:00:00.000Z,104783.73515893669,105220.85289710095,104298.18765293882,104735.1025142768,238.73298016317793,2026-09-02T07:00:00.000Z
2026-09-02T07:00:00.000Z,104735.1025142768,105170.91129486496,103880.64070661404,104314.70016888289,489.2882228779086,2026-09-02T08:00:00.000Z
2026-09-02T08:00:00.000Z,104314.70016888289,104952.13828330723,103699.02987554578,104336.34026907543,370.8786628539109,2026-09-02T09:00:00.000Z
2026-09-02T09:00:00.000Z,104336.34026907543,104957.96034325367,103878.8822478706,104499.78570284869,354.04090436829296,2026-09-02T10:00:00.000Z
2026-09-02T10:00:00.000Z,104499.78570284869,104727.1968218754,103823.11748369342,104049.54880284239,518.1965927678144,2026-09-02T11:00:00.000Z
2026-09-02T11:00:00.000Z,104049.54880284239,104437.69522517215,103470.01504861139,103857.44484636874,283.0453898678745,2026-09-02T12:00:00.000Z
2026-09-02T12:00:00.000Z,103857.44484636874,104045.66562013084,103416.37399185481,103604.13569361872,331.42003334659154,2026-09-02T13:00:00.000Z
2026-09-02T13:00:00.000Z,103604.13569361872,103856.06649967116,103150.60728771829,103402.04668049239,303.5091850922952,2026-09-02T14:00:00.000Z
2026-09-02T14:00:00.000Z,103402.04668049239,104056.30571568845,102704.96181057335,103358.94814705783,546.1832215293232,2026-09-02T15:00:00.000Z
2026-09-02T15:00:00.000Z,103358.94814705783,103876.89817673432,102524.84418868046,103041.20193570945,685.9315354311519,2026-09-02T16:00:00.000Z
2026-09-02T16:00:00.000Z,103041.20193570945,103541.63014743301,102765.18857821141,103265.01726257439,240.36086841503197,2026-09-02T17:00:00.000Z
2026-09-02T17:00:00.000Z,103265.01726257439,103691.79839432384,102898.02124377312,103324.59065621172,679.9950471986062,2026-09-02T18:00:00.000Z
2026-09-02T18:00:00.000Z,103324.59065621172,103816.61516758669,102786.4431292579,103278.24695515301,576.4568142948938,2026-09-02T19:00:00.000Z
2026-09-02T19:00:00.000Z,103278.24695515301,103645.60442622865,102607.25389258764,102973.52748611079,396.95666325136864,2026-09-02T20:00:00.000Z
2026-09-02T20:00:00.000Z,102973.52748611079,103482.36036567551,102071.94271193029,102578.8252116275,402.6697374427085,2026-09-02T21:00:00.000Z
2026-09-02T21:00:00.000Z,102578.8252116275,103141.8739137783,101654.68524846995,102215.74100430573,256.30170291117474,2026-09-02T22:00:00.000Z
2026-09-02T22:00:00.000Z,102215.74100430573,102367.99963336794,101690.69541300628,101842.39791728731,338.8419683272215,2026-09-02T23:00:00.000Z
2026-09-02T23:00:00.000Z,101842.39791728731,102224.18672669565,101172.30573768081,101553.00968271248,641.6295670632411,2026-09-03T00:00:00.000Z
2026-09-03T00:00:00.000Z,101553.00968271248,102127.01361674098,101226.05853078603,101799.26962792067,234.12650829838893,2026-09-03T01:00:00.000Z
2026-09-03T01:00:00.000Z,101799.26962792067,101930.68024486318,101146.96825614935,101277.70559663934,581.6158851988687,2026-09-03T02:00:00.000Z
2026-09-03T02:00:00.000Z,101277.70559663934,101643.97062457624,101081.32218368475,101447.25843871347,375.90400915402176,2026-09-03T03:00:00.000Z
2026-09-03T03:00:00.000Z,101447.25843871347,102041.61821627665,100719.8836007497,101313.4594761865,294.76605150604905,2026-09-03T04:00:00.000Z
2026-09-03T04:00:00.000Z,101313.4594761865,101957.51219408022,100709.71431146437,101353.52825229966,394.21220826646885,2026-09-03T05:00:00.000Z
2026-09-03T05:00:00.000Z,101353.52825229966,102051.76348945087,100380.75484254769,101077.08563711758,321.0768271335759,2026-09-03T06:00:00.000Z
2026-09-03T06:00:00.000Z,101077.08563711758,101623.18673407382,100579.09218692171,101124.95742589777,586.9052167455225,2026-09-03T07:00:00.000Z
2026-09-03T07:00:00.000Z,101124.95742589777,101569.49305180559,100092.12655160257,100534.06466955617,396.2028094084015,2026-09-03T08:00:00.000Z
2026-09-03T08:00:00.000Z,100534.06466955617,100777.49560271035,99801.33640146686,100043.57968526242,409.34780673559186,2026-09-03T09:00:00.000Z
2026-09-03T09:00:00.000Z,100043.57968526242,100679.096712409,99113.14146923879,99746.77306141978,681.8980443207072,2026-09-03T10:00:00.000Z
2026-09-03T10:00:00.000Z,99746.77306141978,100439.09986183369,99285.83842462131,99977.10086915537,195.55282224693934,2026-09-03T11:00:00.000Z
2026-09-03T11:00:00.000Z,99977.10086915537,100133.92187609471,99744.86944091864,99901.57197555738,494.3521225798652,2026-09-03T12:00:00.000Z
2026-09-03T12:00:00.000Z,99901.57197555738,100420.48666376199,99188.24283583999,99706.14241218059,591.9232389386386,2026-09-03T13:00:00.000Z
2026-09-03T13:00:00.000Z,99706.14241218059,100212.7278154784,99121.03719207001,99627.22161582451,674.1783441855472,2026-09-03T14:00:00.000Z
2026-09-03T14:00:00.000Z,99627.22161582451,100282.22255525684,98985.40300085946,99640.31956069452,407.6971794980099,2026-09-03T15:00:00.000Z
2026-09-03T15:00:00.000Z,99640.31956069452,100133.83612129696,98642.18873362574,99133.1935087779,674.339921015473,2026-09-03T16:00:00.000Z
2026-09-03T16:00:00.000Z,99133.1935087779,99826.61639950656,98033.6397922836,98724.20184323736,462.57157202929795,2026-09-03T17:00:00.000Z
2026-09-03T17:00:00.000Z,98724.20184323736,98911.08417072035,98144.56268752921,98330.70012657244,321.0651125856978,2026-09-03T18:00:00.000Z
2026-09-03T18:00:00.000Z,98330.70012657244,98746.49938951126,97672.39312525299,98087.16257007436,574.9358207336328,2026-09-03T19:00:00.000Z
2026-09-03T19:00:00.000Z,98087.16257007436,98656.64544435732,97576.37142443511,98145.55024357105,683.744190905124,2026-09-03T20:00:00.000Z
2026-09-03T20:00:00.000Z,98145.55024357105,98713.05573552087,97551.62889038131,98118.98074996057,685.5254562504242,2026-09-03T21:00:00.000Z
2026-09-03T21:00:00.000Z,98118.98074996057,98462.57104409538,97657.65652259953,98000.83309057525,628.109205201319,2026-09-03T22:00:00.000Z
2026-09-03T22:00:00.000Z,98000.83309057525,98136.50024341463,97461.9310325265,97597.03919452384,471.8923341351991,2026-09-03T23:00:00.000Z
2026-09-03T23:00:00.000Z,97597.03919452384,97778.60050021946,97105.88739454524,97286.8716907595,632.6212459861399,2026-09-04T00:00:00.000Z
2026-09-04T00:00:00.000Z,97286.8716907595,97464.54197829765,97048.93659622507,97226.49662371133,380.76099878212483,2026-09-04T01:00:00.000Z
2026-09-04T01:00:00.000Z,97226.49662371133,97363.07010952974,97007.58678187997,97144.0444476134,469.36777530674254,2026-09-04T02:00:00.000Z
2026-09-04T02:00:00.000Z,97144.0444476134,97729.18980081005,96497.41005451533,97082.18278513337,465.33336973066133,2026-09-04T03:00:00.000Z
2026-09-04T03:00:00.000Z,97082.18278513337,97550.77675642348,96543.0070739823,97011.25871063618,362.7935969563171,2026-09-04T04:00:00.000Z
2026-09-04T04:00:00.000Z,97011.25871063618,97434.073863188,96249.02688493989,96670.35624367262,385.1005612337499,2026-09-04T05:00:00.000Z
2026-09-04T05:00:00.000Z,96670.35624367262,97177.43406533876,95700.5986042451,96205.23667262943,198.28520393850522,2026-09-04T06:00:00.000Z
2026-09-04T06:00:00.000Z,96205.23667262943,96739.70010166406,95202.3085500214,95734.15490763473,445.63541782351,2026-09-04T07:00:00.000Z
2026-09-04T07:00:00.000Z,95734.15490763473,96447.86315016393,95147.38589505361,95860.3208475895,462.7039594402089,2026-09-04T08:00:00.000Z
2026-09-04T08:00:00.000Z,95860.3208475895,96238.95435896801,95710.62640153024,96088.90296153801,163.0440960931797,2026-09-04T09:00:00.000Z
2026-09-04T09:00:00.000Z,96088.90296153801,96904.09407888267,95856.4630753054,96670.2479141882,627.8170595540745,2026-09-04T10:00:00.000Z
2026-09-04T10:00:00.000Z,96670.2479141882,96886.7747787142,96224.41480053985,96440.42690044505,116.06425857919467,2026-09-04T11:00:00.000Z
2026-09-04T11:00:00.000Z,96440.42690044505,97564.3664704546,95917.56702545019,97038.26536401382,456.2211013195203,2026-09-04T12:00:00.000Z
2026-09-04T12:00:00.000Z,97038.26536401382,97656.02987937047,96461.58080055112,97079.10262588804,560.2600367089082,2026-09-04T13:00:00.000Z
2026-09-04T13:00:00.000Z,97079.10262588804,97945.11343673118,96521.77346202236,97386.02225349365,264.69252610797645,2026-09-04T14:00:00.000Z
2026-09-04T14:00:00.000Z,97386.02225349365,97611.70834717315,97171.00399495046,97396.66658704306,411.66240559502614,2026-09-04T15:00:00.000Z
2026-09-04T15:00:00.000Z,97396.66658704306,97907.40887249273,96784.32127206895,97294.52794861689,690.1248197025269,2026-09-04T16:00:00.000Z
2026-09-04T16:00:00.000Z,97294.52794861689,97643.37747371689,97015.72911449334,97364.37848191072,469.41717125913925,2026-09-04T17:00:00.000Z
2026-09-04T17:00:00.000Z,97364.37848191072,98105.01259870967,97231.66984945572,97971.47648553654,611.0958522703013,2026-09-04T18:00:00.000Z
2026-09-04T18:00:00.000Z,97971.47648553654,98506.5175659794,97743.28074181707,98277.60877711192,296.40172179620794,2026-09-04T19:00:00.000Z
2026-09-04T19:00:00.000Z,98277.60877711192,98852.57965440258,97915.54171998614,98489.73111194684,509.9424915434525,2026-09-04T20:00:00.000Z
2026-09-04T20:00:00.000Z,98489.73111194684,99153.96273461195,97713.24369718673,98376.71310706146,328.78505635484356,2026-09-04T21:00:00.000Z
2026-09-04T21:00:00.000Z,98376.71310706146,99340.37820312525,97726.13465160488,98687.74286597618,295.4960359239467,2026-09-04T22:00:00.000Z
2026-09-04T22:00:00.000Z,98687.74286597618,99206.9684698296,98053.54454967019,98572.16204842317,463.20267932638654,2026-09-04T23:00:00.000Z
2026-09-04T23:00:00.000Z,98572.16204842317,99493.77049162777,98197.4023386416,99116.93960197532,422.7566568752549,2026-09-05T00:00:00.000Z
2026-09-05T00:00:00.000Z,99116.93960197532,100016.46005196265,98802.4958809734,99700.16607304834,339.8683027549965,2026-09-05T01:00:00.000Z
2026-09-05T01:00:00.000Z,99700.16607304834,100146.74806009194,99084.84434177676,99530.66710051676,675.7811481951649,2026-09-05T02:00:00.000Z
2026-09-05T02:00:00.000Z,99530.66710051676,100095.71267703871,99226.16787340614,99790.41877842165,450.9080017688256,2026-09-05T03:00:00.000Z
2026-09-05T03:00:00.000Z,99790.41877842165,100462.05501187629,99315.67439798526,99986.37837044486,186.4689508855664,2026-09-05T04:00:00.000Z
2026-09-05T04:00:00.000Z,99986.37837044486,100318.50226131924,99510.34443969086,99841.9887126841,366.6977242877231,2026-09-05T05:00:00.000Z
2026-09-05T05:00:00.000Z,99841.9887126841,100731.76219808878,99266.99079242439,100154.96184079748,684.4077006841114,2026-09-05T06:00:00.000Z
2026-09-05T06:00:00.000Z,100154.96184079748,100824.25923704955,99426.32710637053,100095.2253061538,676.8355552930551,2026-09-05T07:00:00.000Z
2026-09-05T07:00:00.000Z,100095.2253061538,100709.26846592587,99324.8875220827,99937.96596025728,605.27130379587,2026-09-05T08:00:00.000Z
2026-09-05T08:00:00.000Z,99937.96596025728,100763.22369207718,99286.0775609802,100110.21174552591,489.1737450795126,2026-09-05T09:00:00.000Z
2026-09-05T09:00:00.000Z,100110.21174552591,100651.57294018628,99664.12280093669,100205.06134781476,562.9544936413665,2026-09-05T10:00:00.000Z
2026-09-05T10:00:00.000Z,100205.06134781476,100773.23798751882,99481.83293112025,100049.12539226044,602.8413556995063,2026-09-05T11:00:00.000Z
2026-09-05T11:00:00.000Z,100049.12539226044,100620.69629169701,99590.18443846694,100161.24104590132,233.2228446999671,2026-09-05T12:00:00.000Z
2026-09-05T12:00:00.000Z,100161.24104590132,100938.58600451938,99831.59884202744,100607.47519256902,577.6693015721017,2026-09-05T13:00:00.000Z
2026-09-05T13:00:00.000Z,100607.47519256902,101224.43570126922,100002.58728927694,100619.47564697948,365.8299953051982,2026-09-05T14:00:00.000Z
2026-09-05T14:00:00.000Z,100619.47564697948,101276.35641259237,100000.15804066598,100656.80901762619,187.56958557645305,2026-09-05T15:00:00.000Z
2026-09-05T15:00:00.000Z,100656.80901762619,101661.11905184001,100263.70856126408,101265.64089157655,328.21129384832983,2026-09-05T16:00:00.000Z
2026-09-05T16:00:00.000Z,101265.64089157655,101676.72403207424,101109.26736396192,101519.95779050188,322.4168433912177,2026-09-05T17:00:00.000Z
2026-09-05T17:00:00.000Z,101519.95779050188,102046.57046021562,100962.88034177577,101489.33415806615,265.1889426471614,2026-09-05T18:00:00.000Z
2026-09-05T18:00:00.000Z,101489.33415806615,101698.71034452658,101204.8751878579,101414.09615558361,545.2092608647464,2026-09-05T19:00:00.000Z
2026-09-05T19:00:00.000Z,101414.09615558361,101941.32288901514,100663.2204953467,101189.27845732373,342.45680963734947,2026-09-05T20:00:00.000Z
